{
    "batch_size": 16,
    "best_eval_metric_checkpoint_number": 3,
    "best_eval_metric_epoch": 2,
    "best_eval_metric_steps": 51,
    "best_eval_metric_value": 0.30000001192092896,
    "best_eval_test_metrics": {
        "combined": {
            "loss": 1.5685219764709473
        },
        "label": {
            "accuracy": 0.30980393290519714,
            "accuracy_micro": 0.32894736528396606,
            "hits_at_k": 0.7720777988433838,
            "loss": 1.5685219764709473,
            "roc_auc": 0.6590965986251831
        }
    },
    "best_eval_train_metrics": {
        "combined": {
            "loss": 1.5600136518478394
        },
        "label": {
            "accuracy": 0.2957978844642639,
            "accuracy_micro": 0.34456929564476013,
            "hits_at_k": 0.7036808729171753,
            "loss": 1.5600136518478394,
            "roc_auc": 0.6438121795654297
        }
    },
    "best_eval_validation_metrics": {
        "combined": {
            "loss": 1.670904278755188
        },
        "label": {
            "accuracy": 0.30000001192092896,
            "accuracy_micro": 0.2368421107530594,
            "hits_at_k": 0.7533333897590637,
            "loss": 1.670904278755188,
            "roc_auc": 0.6302624940872192
        }
    },
    "best_increase_batch_size_eval_metric": Infinity,
    "checkpoint_number": 7,
    "epoch": 7,
    "last_improvement_steps": 68,
    "last_increase_batch_size": 0,
    "last_increase_batch_size_eval_metric_improvement": 0,
    "last_increase_batch_size_steps": 0,
    "last_learning_rate_reduction": 0,
    "last_learning_rate_reduction_steps": 0,
    "learning_rate": 0.01,
    "num_increases_batch_size": 0,
    "num_reductions_learning_rate": 0,
    "steps": 119,
    "test_metrics": {
        "combined": {
            "loss": [
                [
                    0,
                    17,
                    1.6063629388809204
                ],
                [
                    1,
                    34,
                    1.7349998950958252
                ],
                [
                    2,
                    51,
                    1.5685219764709473
                ],
                [
                    3,
                    68,
                    1.7315540313720703
                ],
                [
                    4,
                    85,
                    1.567946195602417
                ],
                [
                    5,
                    102,
                    1.6830198764801025
                ],
                [
                    6,
                    119,
                    2.789421796798706
                ]
            ]
        },
        "label": {
            "accuracy": [
                [
                    0,
                    17,
                    0.24392157793045044
                ],
                [
                    1,
                    34,
                    0.20804953575134277
                ],
                [
                    2,
                    51,
                    0.30980393290519714
                ],
                [
                    3,
                    68,
                    0.2827957272529602
                ],
                [
                    4,
                    85,
                    0.3613978922367096
                ],
                [
                    5,
                    102,
                    0.3555605411529541
                ],
                [
                    6,
                    119,
                    0.355881929397583
                ]
            ],
            "accuracy_micro": [
                [
                    0,
                    17,
                    0.25
                ],
                [
                    1,
                    34,
                    0.2368421107530594
                ],
                [
                    2,
                    51,
                    0.32894736528396606
                ],
                [
                    3,
                    68,
                    0.28947368264198303
                ],
                [
                    4,
                    85,
                    0.3815789520740509
                ],
                [
                    5,
                    102,
                    0.3947368562221527
                ],
                [
                    6,
                    119,
                    0.3684210479259491
                ]
            ],
            "hits_at_k": [
                [
                    0,
                    17,
                    0.6000000238418579
                ],
                [
                    1,
                    34,
                    0.6533333659172058
                ],
                [
                    2,
                    51,
                    0.7720777988433838
                ],
                [
                    3,
                    68,
                    0.7374229431152344
                ],
                [
                    4,
                    85,
                    0.7494219541549683
                ],
                [
                    5,
                    102,
                    0.7013911604881287
                ],
                [
                    6,
                    119,
                    0.7524421215057373
                ]
            ],
            "loss": [
                [
                    0,
                    17,
                    1.6063629388809204
                ],
                [
                    1,
                    34,
                    1.7349998950958252
                ],
                [
                    2,
                    51,
                    1.5685219764709473
                ],
                [
                    3,
                    68,
                    1.7315540313720703
                ],
                [
                    4,
                    85,
                    1.567946195602417
                ],
                [
                    5,
                    102,
                    1.6830198764801025
                ],
                [
                    6,
                    119,
                    2.789421796798706
                ]
            ],
            "roc_auc": [
                [
                    0,
                    17,
                    0.6672045588493347
                ],
                [
                    1,
                    34,
                    0.5945484638214111
                ],
                [
                    2,
                    51,
                    0.6590965986251831
                ],
                [
                    3,
                    68,
                    0.6252511739730835
                ],
                [
                    4,
                    85,
                    0.6780209541320801
                ],
                [
                    5,
                    102,
                    0.6529538035392761
                ],
                [
                    6,
                    119,
                    0.6293829679489136
                ]
            ]
        }
    },