{
    "evaluation_frequency": {
        "frequency": 1,
        "period": "epoch"
    },
    "test": {
        "combined": {
            "loss": [
                1.489751935005188,
                1.6325803995132446,
                1.4599758386611938,
                1.5909029245376587,
                1.8199886083602905,
                2.4775750637054443,
                3.576435089111328,
                3.9543533325195312,
                4.241608142852783,
                4.1402411460876465,
                4.990476608276367,
                4.821699619293213,
                4.643228054046631,
                4.9305949211120605,
                5.0134148597717285,
                5.357621669769287
            ]
        },
        "label": {
            "accuracy": [
                0.3159162700176239,
                0.2383263111114502,
                0.30955439805984497,
                0.33415332436561584,
                0.3857306241989136,
                0.42440566420555115,
                0.3828858435153961,
                0.33545252680778503,
                0.31055203080177307,
                0.37338483333587646,
                0.38325387239456177,
                0.3395904302597046,
                0.3447495698928833,
                0.33401015400886536,
                0.3507922291755676,
                0.3206234872341156
            ],
            "accuracy_micro": [
                0.3684210479259491,
                0.2631579041481018,
                0.31578946113586426,
                0.32894736528396606,
                0.3684210479259491,
                0.40789473056793213,
                0.40789473056793213,
                0.3552631437778473,
                0.32894736528396606,
                0.3815789520740509,
                0.3684210479259491,
                0.3552631437778473,
                0.34210526943206787,
                0.31578946113586426,
                0.34210526943206787,
                0.32894736528396606
            ],
            "hits_at_k": [
                0.6428070664405823,
                0.64000004529953,
                0.8305957317352295,
                0.7648916840553284,
                0.765701413154602,
                0.7342522144317627,
                0.7905898094177246,
                0.7233935594558716,
                0.7758975028991699,
                0.7759543657302856,
                0.7461536526679993,
                0.7758975028991699,
                0.7536065578460693,
                0.7538729310035706,
                0.7612619400024414,
                0.7791773676872253
            ],
            "loss": [
                1.489751935005188,
                1.6325803995132446,
                1.4599758386611938,
                1.5909029245376587,
                1.8199886083602905,
                2.4775750637054443,
                3.576435089111328,
                3.9543533325195312,
                4.241608142852783,
                4.1402411460876465,
                4.990476608276367,
                4.821699619293213,
                4.643228054046631,
                4.9305949211120605,
                5.0134148597717285,
                5.357621669769287
            ],
            "roc_auc": [
                0.655192494392395,
                0.6628317832946777,
                0.6882261037826538,
                0.6893620491027832,
                0.6946893930435181,
                0.6962028741836548,
                0.6857314109802246,
                0.6757070422172546,
                0.673603355884552,
                0.6797007322311401,
                0.7011087536811829,
                0.687667965888977,
                0.6954963803291321,
                0.7026704549789429,
                0.6940284967422485,
                0.6833102107048035
            ]
        }
    },
    "training": {
        "combined": {
            "loss": [
                1.7869789600372314,
                1.6045215129852295,
                1.4417606592178345,
                1.2297066450119019,
                0.7134268283843994,
                0.2519833743572235,
                0.06586936861276627,
                0.031142178922891617,
                0.009396077133715153,
                0.002765051322057843,
                0.0034390126820653677,
                0.002141287550330162,
                0.0006844064337201416,
                0.0002495340595487505,
                0.00022516313765663654,
                0.00014198210556060076
            ]
        },
        "label": {
            "accuracy": [
                0.20853191614151,
                0.3080425560474396,
                0.32002127170562744,
                0.4522978663444519,
                0.6921383142471313,
                0.913212776184082,
                0.9652340412139893,
                0.984244704246521,
                0.9960000514984131,
                1.0,
                1.0,
                1.0,
                1.0,
                1.0,
                1.0,
                1.0
            ],
            "accuracy_micro": [
                0.22846442461013794,
                0.352059930562973,
                0.37827715277671814,
                0.5018726587295532,
                0.7191011309623718,
                0.9213483333587646,
                0.9700374603271484,
                0.9850187301635742,
                0.9962546825408936,
                1.0,
                1.0,
                1.0,
                1.0,
                1.0,
                1.0,
                1.0
            ],
            "hits_at_k": [
                0.6073936223983765,
                0.7236382961273193,
                0.7251489162445068,
                0.8569787740707397,
                0.9747446775436401,
                1.0,
                1.0,
                1.0,
                1.0,
                1.0,
                1.0,
                1.0,
                1.0,
                1.0,
                1.0,
                1.0
            ],
            "loss": [
                1.7869789600372314,
                1.6045215129852295,
                1.4417606592178345,
                1.2297066450119019,
                0.7134268283843994,
                0.2519833743572235,
                0.06586936861276627,
                0.031142178922891617,
                0.009396077133715153,
                0.002765051322057843,
                0.0034390126820653677,
                0.002141287550330162,
                0.0006844064337201416,
                0.0002495340595487505,
                0.00022516313765663654,
                0.00014198210556060076
            ],
            "roc_auc": [
                0.5024437308311462,
                0.5989953875541687,
                0.668488621711731,
                0.7754815816879272,
                0.9365081787109375,
                0.9922086000442505,
                0.9992923736572266,
                0.9998863339424133,
                0.9999815821647644,
                1.0,
                1.0,
                1.0,
                1.0,
                1.0,
                1.0,
                1.0
            ]
        }
    },
    "validation": {
        "combined": {
            "loss": [
                1.560060977935791,
                1.824877142906189,
                1.4150795936584473,
                1.6352086067199707,
                2.5249862670898438,
                2.9655609130859375,
                4.375105857849121,
                4.657522201538086,
                5.316431999206543,
                5.297695159912109,
                6.961211204528809,
                6.444794654846191,
                6.086728096008301,
                6.3074798583984375,
                6.136369228363037,
                6.5201416015625
            ]
        },