{
    "evaluation_frequency": {
        "frequency": 1,
        "period": "epoch"
    },
    "test": {
        "combined": {
            "loss": [
                1.9838554859161377,
                1.5845873355865479,
                1.564488410949707,
                1.4690604209899902,
                1.5616562366485596,
                1.454311490058899,
                1.6771013736724854,
                1.6594280004501343,
                1.7290527820587158,
                1.9386128187179565,
                2.2367100715637207
            ]
        },
        "label": {
            "accuracy": [
                0.21490196883678436,
                0.2803189754486084,
                0.24156862497329712,
                0.29630762338638306,
                0.31087344884872437,
                0.33597150444984436,
                0.27132001519203186,
                0.3273027539253235,
                0.33967888355255127,
                0.3695937693119049,
                0.3625861406326294
            ],
            "accuracy_micro": [
                0.2368421107530594,
                0.28947368264198303,
                0.2631579041481018,
                0.30263158679008484,
                0.31578946113586426,
                0.34210526943206787,
                0.2631579041481018,
                0.34210526943206787,
                0.3552631437778473,
                0.3815789520740509,
                0.3815789520740509
            ],
            "hits_at_k": [
                0.6000000238418579,
                0.7180392146110535,
                0.6476919651031494,
                0.820069432258606,
                0.7705056667327881,
                0.7940189838409424,
                0.7789415121078491,
                0.7341200709342957,
                0.7740734219551086,
                0.8199005126953125,
                0.801356315612793
            ],
            "loss": [
                1.9838554859161377,
                1.5845873355865479,
                1.564488410949707,
                1.4690604209899902,
                1.5616562366485596,
                1.454311490058899,
                1.6771013736724854,
                1.6594280004501343,
                1.7290527820587158,
                1.9386128187179565,
                2.2367100715637207
            ],
            "roc_auc": [
                0.5150759816169739,
                0.5997404456138611,
                0.6374195218086243,
                0.6603349447250366,
                0.6869125366210938,
                0.6824284791946411,
                0.6415294408798218,
                0.6851518154144287,
                0.6994997262954712,
                0.6945808529853821,
                0.7074958086013794
            ]
        }
    },
    "training": {
        "combined": {
            "loss": [
                1.7017942667007446,
                1.7056306600570679,
                1.6001724004745483,
                1.4770913124084473,
                1.3493292331695557,
                1.2067583799362183,
                1.013611912727356,
                0.8027895092964172,
                0.5305348634719849,
                0.32962146401405334,
                0.1641646921634674
            ]
        },
        "label": {
            "accuracy": [
                0.24108509719371796,
                0.2422553151845932,
                0.2585744559764862,
                0.34227657318115234,
                0.3917553126811981,
                0.4635106325149536,
                0.5420319437980652,
                0.6411702036857605,
                0.8093829154968262,
                0.8795000314712524,
                0.947702169418335
            ],
            "accuracy_micro": [
                0.25468164682388306,
                0.27715355157852173,
                0.2996254563331604,
                0.4157303273677826,
                0.4681648015975952,
                0.5393258333206177,
                0.6029962301254272,
                0.6816479563713074,
                0.8314606547355652,
                0.9026217460632324,
                0.9550561904907227
            ],
            "hits_at_k": [
                0.5963829755783081,
                0.6128191947937012,
                0.6594467759132385,
                0.7209574580192566,
                0.8239574432373047,
                0.8059574365615845,
                0.8879574537277222,
                0.9200000166893005,
                0.9960000514984131,
                1.0,
                1.0
            ],
            "loss": [
                1.7017942667007446,
                1.7056306600570679,
                1.6001724004745483,
                1.4770913124084473,
                1.3493292331695557,
                1.2067583799362183,
                1.013611912727356,
                0.8027895092964172,
                0.5305348634719849,
                0.32962146401405334,
                0.1641646921634674
            ],
            "roc_auc": [
                0.5208256244659424,
                0.5460033416748047,
                0.5558156371116638,
                0.6598062515258789,
                0.7311280369758606,
                0.801683247089386,
                0.8867942094802856,
                0.9329837560653687,
                0.9817885160446167,
                0.9927323460578918,
                0.9968903660774231
            ]
        }
    },
    "validation": {
        "combined": {
            "loss": [
                2.1877002716064453,
                1.5533106327056885,
                1.6991134881973267,
                1.5384798049926758,
                1.6421905755996704,
                1.715551733970642,
                1.6764298677444458,
                2.041595697402954,
                1.9350013732910156,
                2.1031320095062256,
                2.572005033493042
            ]
        },
        "label": {
            "accuracy": [
                0.20000000298023224,
                0.24666665494441986,
                0.20000000298023224,
                0.1666666716337204,
                0.25,
                0.3500000238418579,
                0.2666666805744171,
                0.31166666746139526,
                0.27166667580604553,
                0.22333332896232605,
                0.2150000035762787
            ],
            "accuracy_micro": [
                0.21052631735801697,
                0.2368421107530594,
                0.21052631735801697,
                0.18421052396297455,
                0.18421052396297455,
                0.21052631735801697,
                0.28947368264198303,
                0.15789473056793213,
                0.28947368264198303,
                0.2368421107530594,
                0.21052631735801697
            ],
            "hits_at_k": [
                0.6000000238418579,
                0.6416666507720947,
                0.7366666197776794,
                0.7533333897590637,
                0.7666666507720947,
                0.8033333420753479,
                0.6466666460037231,
                0.6716666221618652,
                0.71833336353302,
                0.7566666603088379,
                0.6066666841506958
            ],
            "loss": [
                2.1877002716064453,
                1.5533106327056885,
                1.6991134881973267,
                1.5384798049926758,
                1.6421905755996704,
                1.715551733970642,
                1.6764298677444458,
                2.041595697402954,
                1.9350013732910156,
                2.1031320095062256,
                2.572005033493042
            ],