{
    "evaluation_frequency": {
        "frequency": 1,
        "period": "epoch"
    },
    "test": {
        "combined": {
            "loss": [
                1.6063629388809204,
                1.7349998950958252,
                1.5685219764709473,
                1.7315540313720703,
                1.567946195602417,
                1.6830198764801025,
                2.789421796798706,
                1.8846890926361084
            ]
        },
        "label": {
            "accuracy": [
                0.24392157793045044,
                0.20804953575134277,
                0.30980393290519714,
                0.2827957272529602,
                0.3613978922367096,
                0.3555605411529541,
                0.355881929397583,
                0.2745945155620575
            ],
            "accuracy_micro": [
                0.25,
                0.2368421107530594,
                0.32894736528396606,
                0.28947368264198303,
                0.3815789520740509,
                0.3947368562221527,
                0.3684210479259491,
                0.30263158679008484
            ],
            "hits_at_k": [
                0.6000000238418579,
                0.6533333659172058,
                0.7720777988433838,
                0.7374229431152344,
                0.7494219541549683,
                0.7013911604881287,
                0.7524421215057373,
                0.810883641242981
            ],
            "loss": [
                1.6063629388809204,
                1.7349998950958252,
                1.5685219764709473,
                1.7315540313720703,
                1.567946195602417,
                1.6830198764801025,
                2.789421796798706,
                1.8846890926361084
            ],
            "roc_auc": [
                0.6672045588493347,
                0.5945484638214111,
                0.6590965986251831,
                0.6252511739730835,
                0.6780209541320801,
                0.6529538035392761,
                0.6293829679489136,
                0.593403697013855
            ]
        }
    },
    "training": {
        "combined": {
            "loss": [
                15.093941688537598,
                1.9053912162780762,
                1.5600136518478394,
                1.3363429307937622,
                1.0111113786697388,
                0.7639203071594238,
                0.47206833958625793,
                0.5312693119049072
            ]
        },
        "label": {
            "accuracy": [
                0.1995212733745575,
                0.2097659558057785,
                0.2957978844642639,
                0.514319121837616,
                0.6363936066627502,
                0.7501382827758789,
                0.8487340211868286,
                0.8957340717315674
            ],
            "accuracy_micro": [
                0.24344569444656372,
                0.24719101190567017,
                0.34456929564476013,
                0.5617977380752563,
                0.6741573214530945,
                0.7865168452262878,
                0.8651685118675232,
                0.9026217460632324
            ],
            "hits_at_k": [
                0.594095766544342,
                0.6521382927894592,
                0.7036808729171753,
                0.8669361472129822,
                0.968744695186615,
                0.9827446937561035,
                0.9959999918937683,
                0.9895000457763672
            ],
            "loss": [
                15.093941688537598,
                1.9053912162780762,
                1.5600136518478394,
                1.3363429307937622,
                1.0111113786697388,
                0.7639203071594238,
                0.47206833958625793,
                0.5312693119049072
            ],
            "roc_auc": [
                0.5182908773422241,
                0.5533431172370911,
                0.6438121795654297,
                0.8039237856864929,
                0.900809645652771,
                0.9432536959648132,
                0.9743951559066772,
                0.9845045804977417
            ]
        }
    },
    "validation": {
        "combined": {
            "loss": [
                1.8855961561203003,
                1.7397217750549316,
                1.670904278755188,
                2.045534372329712,
                1.8548942804336548,
                2.267934560775757,
                2.5837271213531494,
                2.6553938388824463
            ]
        },
        "label": {
            "accuracy": [
                0.15000000596046448,
                0.24166667461395264,
                0.30000001192092896,
                0.2199999988079071,
                0.24500000476837158,
                0.25333333015441895,
                0.18666666746139526,
                0.23666666448116302
            ],
            "accuracy_micro": [
                0.07894736528396606,
                0.2368421107530594,
                0.2368421107530594,
                0.2368421107530594,
                0.2631579041481018,
                0.15789473056793213,
                0.2631579041481018,
                0.21052631735801697
            ],
            "hits_at_k": [
                0.6000000238418579,
                0.6000000238418579,
                0.7533333897590637,
                0.6500000357627869,
                0.6533333659172058,
                0.6349999904632568,
                0.6950000524520874,
                0.5850000381469727
            ],
            "loss": [
                1.8855961561203003,
                1.7397217750549316,
                1.670904278755188,
                2.045534372329712,
                1.8548942804336548,
                2.267934560775757,
                2.5837271213531494,
                2.6553938388824463
            ],
            "roc_auc": [
                0.5374725461006165,
                0.6038964986801147,
                0.6302624940872192,
                0.5910142064094543,
                0.594560444355011,
                0.5526930689811707,
                0.5025633573532104,
                0.46609729528427124
            ]
        }
    }
}