{
    "evaluation_frequency": {
        "frequency": 1,
        "period": "epoch"
    },
    "test": {
        "combined": {
            "loss": [
                1.6366713047027588,
                1.5847930908203125,
                1.6013498306274414,
                1.6128038167953491,
                1.5997827053070068,
                1.6129722595214844
            ]
        },
        "label": {
            "accuracy": [
                0.20000000298023224,
                0.20000000298023224,
                0.20000000298023224,
                0.20000000298023224,
                0.20000000298023224,
                0.20000000298023224
            ],
            "accuracy_micro": [
                0.22368420660495758,
                0.22368420660495758,
                0.22368420660495758,
                0.22368420660495758,
                0.22368420660495758,
                0.22368420660495758
            ],
            "hits_at_k": [
                0.6351515650749207,
                0.6000000238418579,
                0.6133333444595337,
                0.6133333444595337,
                0.6133333444595337,
                0.6000000238418579
            ],
            "loss": [
                1.6366713047027588,
                1.5847930908203125,
                1.6013498306274414,
                1.6128038167953491,
                1.5997827053070068,
                1.6129722595214844
            ],
            "roc_auc": [
                0.5537971258163452,
                0.5611665844917297,
                0.5657181739807129,
                0.5710987448692322,
                0.5688220858573914,
                0.566950798034668
            ]
        }
    },
    "training": {
        "combined": {
            "loss": [
                1.5744096040725708,
                1.6039717197418213,
                1.5857279300689697,
                1.5969957113265991,
                1.5859676599502563,
                1.5800135135650635
            ]
        },
        "label": {
            "accuracy": [
                0.2199999988079071,
                0.20000000298023224,
                0.20000000298023224,
                0.20399999618530273,
                0.20399999618530273,
                0.20399999618530273
            ],
            "accuracy_micro": [
                0.2846441864967346,
                0.2996254563331604,
                0.2996254563331604,
                0.30337077379226685,
                0.30337077379226685,
                0.30337077379226685
            ],
            "hits_at_k": [
                0.6085000038146973,
                0.5680000185966492,
                0.5920000076293945,
                0.6040000319480896,
                0.6080000400543213,
                0.6180000305175781
            ],
            "loss": [
                1.5744096040725708,
                1.6039717197418213,
                1.5857279300689697,
                1.5969957113265991,
                1.5859676599502563,
                1.5800135135650635
            ],
            "roc_auc": [
                0.4968198239803314,
                0.47420042753219604,
                0.46691402792930603,
                0.5120404362678528,
                0.4773002564907074,
                0.568915843963623
            ]
        }
    },
    "validation": {
        "combined": {
            "loss": [
                1.7386723756790161,
                1.7013314962387085,
                1.6731293201446533,
                1.6280243396759033,
                1.616728663444519,
                1.6417757272720337
            ]
        },
        "label": {
            "accuracy": [
                0.20000000298023224,
                0.20000000298023224,
                0.20000000298023224,
                0.20000000298023224,
                0.20000000298023224,
                0.20000000298023224
            ],
            "accuracy_micro": [
                0.21052631735801697,
                0.21052631735801697,
                0.21052631735801697,
                0.21052631735801697,
                0.21052631735801697,
                0.21052631735801697
            ],
            "hits_at_k": [
                0.6000000238418579,
                0.6000000238418579,
                0.6000000238418579,
                0.6000000238418579,
                0.6000000238418579,
                0.6000000238418579
            ],
            "loss": [
                1.7386723756790161,
                1.7013314962387085,
                1.6731293201446533,
                1.6280243396759033,
                1.616728663444519,
                1.6417757272720337
            ],
            "roc_auc": [
                0.6043483018875122,
                0.6188835501670837,
                0.6221252679824829,
                0.6194192171096802,
                0.617864727973938,
                0.6161191463470459
            ]
        }
    }
}