{
    "evaluation_frequency": {
        "frequency": 1,
        "period": "epoch"
    },
    "test": {
        "combined": {
            "loss": [
                1.6006090641021729,
                1.584585428237915,
                1.618276834487915,
                1.6132211685180664,
                1.5838534832000732,
                1.5968987941741943
            ]
        },
        "label": {
            "accuracy": [
                0.20000000298023224,
                0.20000000298023224,
                0.20000000298023224,
                0.20000000298023224,
                0.20000000298023224,
                0.20000000298023224
            ],
            "accuracy_micro": [
                0.22368420660495758,
                0.22368420660495758,
                0.22368420660495758,
                0.22368420660495758,
                0.22368420660495758,
                0.22368420660495758
            ],
            "hits_at_k": [
                0.6000000238418579,
                0.6000000238418579,
                0.6000000238418579,
                0.6000000238418579,
                0.5733333230018616,
                0.6048485040664673
            ],
            "loss": [
                1.6006090641021729,
                1.584585428237915,
                1.618276834487915,
                1.6132211685180664,
                1.5838534832000732,
                1.5968987941741943
            ],
            "roc_auc": [
                0.5614155530929565,
                0.6300212144851685,
                0.6328607797622681,
                0.5732012391090393,
                0.565263569355011,
                0.5993463397026062
            ]
        }
    },
    "training": {
        "combined": {
            "loss": [
                1.5892961025238037,
                1.5986928939819336,
                1.5797569751739502,
                1.5938514471054077,
                1.5873932838439941,
                1.5761022567749023
            ]
        },
        "label": {
            "accuracy": [
                0.21599999070167542,
                0.20000000298023224,
                0.20000000298023224,
                0.20399999618530273,
                0.20399999618530273,
                0.20399999618530273
            ],
            "accuracy_micro": [
                0.2846441864967346,
                0.2996254563331604,
                0.2996254563331604,
                0.30337077379226685,
                0.30337077379226685,
                0.30337077379226685
            ],
            "hits_at_k": [
                0.59675532579422,
                0.6000000238418579,
                0.6152340173721313,
                0.6080000400543213,
                0.5889999866485596,
                0.6130000352859497
            ],
            "loss": [
                1.5892961025238037,
                1.5986928939819336,
                1.5797569751739502,
                1.5938514471054077,
                1.5873932838439941,
                1.5761022567749023
            ],
            "roc_auc": [
                0.49102479219436646,
                0.4620993733406067,
                0.49483722448349,
                0.500418484210968,
                0.4747532308101654,
                0.5663341283798218
            ]
        }
    },
    "validation": {
        "combined": {
            "loss": [
                1.7234182357788086,
                1.648328423500061,
                1.6576664447784424,
                1.6402143239974976,
                1.6434146165847778,
                1.6532304286956787
            ]
        },
        "label": {
            "accuracy": [
                0.20000000298023224,
                0.20000000298023224,
                0.20000000298023224,
                0.20000000298023224,
                0.20000000298023224,
                0.20000000298023224
            ],
            "accuracy_micro": [
                0.21052631735801697,
                0.21052631735801697,
                0.21052631735801697,
                0.21052631735801697,
                0.21052631735801697,
                0.21052631735801697
            ],
            "hits_at_k": [
                0.6000000238418579,
                0.6000000238418579,
                0.6000000238418579,
                0.6000000238418579,
                0.6166666746139526,
                0.6000000238418579
            ],
            "loss": [
                1.7234182357788086,
                1.648328423500061,
                1.6576664447784424,
                1.6402143239974976,
                1.6434146165847778,
                1.6532304286956787
            ],
            "roc_auc": [
                0.5709211230278015,
                0.5345069766044617,
                0.5210981369018555,
                0.4857769012451172,
                0.49846458435058594,
                0.5491208434104919
            ]
        }
    }
}