{
    "batch_size": 64,
    "best_eval_metric_checkpoint_number": 1,
    "best_eval_metric_epoch": 0,
    "best_eval_metric_steps": 5,
    "best_eval_metric_value": 0.20000000298023224,
    "best_eval_test_metrics": {
        "combined": {
            "loss": 1.6366713047027588
        },
        "label": {
            "accuracy": 0.20000000298023224,
            "accuracy_micro": 0.22368420660495758,
            "hits_at_k": 0.6351515650749207,
            "loss": 1.6366713047027588,
            "roc_auc": 0.5537971258163452
        }
    },
    "best_eval_train_metrics": {
        "combined": {
            "loss": 1.5744096040725708
        },
        "label": {
            "accuracy": 0.2199999988079071,
            "accuracy_micro": 0.2846441864967346,
            "hits_at_k": 0.6085000038146973,
            "loss": 1.5744096040725708,
            "roc_auc": 0.4968198239803314
        }
    },
    "best_eval_validation_metrics": {
        "combined": {
            "loss": 1.7386723756790161
        },
        "label": {
            "accuracy": 0.20000000298023224,
            "accuracy_micro": 0.21052631735801697,
            "hits_at_k": 0.6000000238418579,
            "loss": 1.7386723756790161,
            "roc_auc": 0.6043483018875122
        }
    },
    "best_increase_batch_size_eval_metric": Infinity,
    "checkpoint_number": 5,
    "epoch": 5,
    "last_improvement_steps": 20,
    "last_increase_batch_size": 0,
    "last_increase_batch_size_eval_metric_improvement": 0,
    "last_increase_batch_size_steps": 0,
    "last_learning_rate_reduction": 0,
    "last_learning_rate_reduction_steps": 0,
    "learning_rate": 0.001,
    "num_increases_batch_size": 0,
    "num_reductions_learning_rate": 0,
    "steps": 25,
    "test_metrics": {
        "combined": {
            "loss": [
                [
                    0,
                    5,
                    1.6366713047027588
                ],
                [
                    1,
                    10,
                    1.5847930908203125
                ],
                [
                    2,
                    15,
                    1.6013498306274414
                ],
                [
                    3,
                    20,
                    1.6128038167953491
                ],
                [
                    4,
                    25,
                    1.5997827053070068
                ]
            ]
        },
        "label": {
            "accuracy": [
                [
                    0,
                    5,
                    0.20000000298023224
                ],
                [
                    1,
                    10,
                    0.20000000298023224
                ],
                [
                    2,
                    15,
                    0.20000000298023224
                ],
                [
                    3,
                    20,
                    0.20000000298023224
                ],
                [
                    4,
                    25,
                    0.20000000298023224
                ]
            ],
            "accuracy_micro": [
                [
                    0,
                    5,
                    0.22368420660495758
                ],
                [
                    1,
                    10,
                    0.22368420660495758
                ],
                [
                    2,
                    15,
                    0.22368420660495758
                ],
                [
                    3,
                    20,
                    0.22368420660495758
                ],
                [
                    4,
                    25,
                    0.22368420660495758
                ]
            ],
            "hits_at_k": [
                [
                    0,
                    5,
                    0.6351515650749207
                ],
                [
                    1,
                    10,
                    0.6000000238418579
                ],
                [
                    2,
                    15,
                    0.6133333444595337
                ],
                [
                    3,
                    20,
                    0.6133333444595337
                ],
                [
                    4,
                    25,
                    0.6133333444595337
                ]
            ],
            "loss": [
                [
                    0,
                    5,
                    1.6366713047027588
                ],
                [
                    1,
                    10,
                    1.5847930908203125
                ],
                [
                    2,
                    15,
                    1.6013498306274414
                ],
                [
                    3,
                    20,
                    1.6128038167953491
                ],
                [
                    4,
                    25,
                    1.5997827053070068
                ]
            ],
            "roc_auc": [
                [
                    0,
                    5,
                    0.5537971258163452
                ],
                [
                    1,
                    10,
                    0.5611665844917297
                ],
                [
                    2,
                    15,
                    0.5657181739807129
                ],
                [
                    3,
                    20,
                    0.5710987448692322
                ],
                [
                    4,
                    25,
                    0.5688220858573914
                ]
            ]
        }
    },
    "train_metrics": {
        "combined": {
            "loss": [
                [
                    0,
                    5,
                    1.5744096040725708
                ],
                [
                    1,
                    10,
                    1.6039717197418213
                ],
                [
                    2,
                    15,
                    1.5857279300689697
                ],
                [
                    3,
                    20,
                    1.5969957113265991
                ],
                [
                    4,
                    25,
                    1.5859676599502563
                ]
            ]
        },
        "label": {
            "accuracy": [
                [
                    0,
                    5,
                    0.2199999988079071
                ],
                [
                    1,
                    10,
                    0.20000000298023224
                ],
                [
                    2,
                    15,
                    0.20000000298023224
                ],
                [
                    3,
                    20,
                    0.20399999618530273
                ],
                [
                    4,
                    25,
                    0.20399999618530273
                ]
            ],
            "accuracy_micro": [
                [
                    0,
                    5,
                    0.2846441864967346
                ],
                [
                    1,
                    10,
                    0.2996254563331604
                ],
                [
                    2,
                    15,
                    0.2996254563331604
                ],
                [
                    3,
                    20,
                    0.30337077379226685
                ],
                [
                    4,
                    25,
                    0.30337077379226685
                ]
            ],