{
    "evaluation_frequency": {
        "frequency": 1,
        "period": "epoch"
    },
    "test": {
        "combined": {
            "loss": [
                3.5777931213378906,
                3.53476881980896,
                2.198941230773926,
                2.5045878887176514,
                1.9697158336639404,
                2.3837060928344727,
                1.8454885482788086,
                1.7981188297271729,
                2.004288673400879,
                1.8140532970428467,
                1.9306222200393677,
                1.734865665435791,
                1.6881589889526367,
                2.0091135501861572
            ]
        },
        "label": {
            "accuracy": [
                0.16363635659217834,
                0.1733333319425583,
                0.12569659948349,
                0.187165766954422,
                0.17440661787986755,
                0.18231730163097382,
                0.25902992486953735,
                0.21187084913253784,
                0.25754010677337646,
                0.20778122544288635,
                0.2608199715614319,
                0.21787035465240479,
                0.24398159980773926,
                0.26566845178604126
            ],
            "accuracy_micro": [
                0.1184210553765297,
                0.17105263471603394,
                0.14473684132099152,
                0.14473684132099152,
                0.19736842811107635,
                0.14473684132099152,
                0.2763157784938812,
                0.21052631735801697,
                0.2631579041481018,
                0.21052631735801697,
                0.2631579041481018,
                0.22368420660495758,
                0.2763157784938812,
                0.2631579041481018
            ],
            "hits_at_k": [
                0.5576736330986023,
                0.5311005115509033,
                0.5387479066848755,
                0.5710924863815308,
                0.5951821208000183,
                0.6377591490745544,
                0.6216552257537842,
                0.674938440322876,
                0.6122225522994995,
                0.6646080613136292,
                0.6651264429092407,
                0.655271053314209,
                0.7255818843841553,
                0.667933464050293
            ],
            "loss": [
                3.5777931213378906,
                3.53476881980896,
                2.198941230773926,
                2.5045878887176514,
                1.9697158336639404,
                2.3837060928344727,
                1.8454885482788086,
                1.7981188297271729,
                2.004288673400879,
                1.8140532970428467,
                1.9306222200393677,
                1.734865665435791,
                1.6881589889526367,
                2.0091135501861572
            ],
            "roc_auc": [
                0.40943893790245056,
                0.4290634095668793,
                0.42181071639060974,
                0.44049757719039917,
                0.45031556487083435,
                0.4772695004940033,
                0.5038710832595825,
                0.5029814839363098,
                0.5439450144767761,
                0.5312032103538513,
                0.5539944767951965,
                0.5586586594581604,
                0.5650347471237183,
                0.5674258470535278
            ]
        }
    },
    "training": {
        "combined": {
            "loss": [
                5.949566841125488,
                2.973200798034668,
                2.7809078693389893,
                2.397030830383301,
                1.94189453125,
                1.829119324684143,
                1.9172191619873047,
                1.7929502725601196,
                1.6763172149658203,
                1.4428800344467163,
                1.4618360996246338,
                1.4229403734207153,
                1.3950636386871338,
                1.3689695596694946
            ]
        },
        "label": {
            "accuracy": [
                0.17703191936016083,
                0.16701063513755798,
                0.2072765976190567,
                0.22854255139827728,
                0.1927659511566162,
                0.27909573912620544,
                0.31701064109802246,
                0.3125957250595093,
                0.3473191261291504,
                0.39886173605918884,
                0.36428722739219666,
                0.45208513736724854,
                0.45680850744247437,
                0.4548936188220978
            ],
            "accuracy_micro": [
                0.20599250495433807,
                0.1760299652814865,
                0.22846442461013794,
                0.23970037698745728,
                0.22846442461013794,
                0.30337077379226685,
                0.33707866072654724,
                0.3595505654811859,
                0.352059930562973,
                0.43820226192474365,
                0.36329588294029236,
                0.4906367063522339,
                0.483146071434021,
                0.46441948413848877
            ],
            "hits_at_k": [
                0.5907127857208252,
                0.5923510789871216,
                0.5839255452156067,
                0.6066063642501831,
                0.6366276741027832,
                0.7154467701911926,
                0.6748085021972656,
                0.7204680442810059,
                0.773202121257782,
                0.7654680609703064,
                0.7728829383850098,
                0.801936149597168,
                0.7869148254394531,
                0.8194787502288818
            ],
            "loss": [
                5.949566841125488,
                2.973200798034668,
                2.7809078693389893,
                2.397030830383301,
                1.94189453125,
                1.829119324684143,
                1.9172191619873047,
                1.7929502725601196,
                1.6763172149658203,
                1.4428800344467163,
                1.4618360996246338,
                1.4229403734207153,
                1.3950636386871338,
                1.3689695596694946
            ],
            "roc_auc": [
                0.4722408354282379,
                0.47446370124816895,
                0.5177802443504333,
                0.5313822031021118,
                0.5621170997619629,
                0.5981100797653198,
                0.6244931817054749,
                0.6261249780654907,
                0.664476752281189,
                0.714901328086853,
                0.7379757165908813,
                0.7446283102035522,
                0.7533644437789917,
                0.7581206560134888
            ]
        }
    },
    "validation": {
        "combined": {
            "loss": [
                2.4218332767486572,
                3.9812681674957275,
                1.959364414215088,
                1.9715033769607544,
                2.205448865890503,
                1.950747013092041,
                2.051159143447876,
                1.7828340530395508,
                2.1295719146728516,
                1.6479878425598145,
                1.9340776205062866,
                1.8213592767715454,
                1.8223270177841187,
                2.0006866455078125
            ]
        },
        "label": {
            "accuracy": [
                0.17999999225139618,
                0.22500000894069672,
                0.125,
                0.22500000894069672,
                0.22499999403953552,
                0.20499999821186066,
                0.3500000238418579,
                0.14166668057441711,
                0.4100000262260437,
                0.2616666555404663,
                0.35499998927116394,
                0.19499999284744263,
                0.15833334624767303,
                0.35499998927116394
            ],