{
    "evaluation_frequency": {
        "frequency": 1,
        "period": "epoch"
    },
    "test": {
        "combined": {
            "loss": [
                1.6192126274108887,
                1.5995774269104004,
                1.5922142267227173,
                1.6020705699920654,
                1.5984292030334473,
                1.6072285175323486
            ]
        },
        "label": {
            "accuracy": [
                0.20000000298023224,
                0.20000000298023224,
                0.20000000298023224,
                0.20000000298023224,
                0.20000000298023224,
                0.20000000298023224
            ],
            "accuracy_micro": [
                0.22368420660495758,
                0.22368420660495758,
                0.22368420660495758,
                0.22368420660495758,
                0.22368420660495758,
                0.22368420660495758
            ],
            "hits_at_k": [
                0.6000000238418579,
                0.6000000238418579,
                0.6133333444595337,
                0.6000000238418579,
                0.6133333444595337,
                0.6133333444595337
            ],
            "loss": [
                1.6192126274108887,
                1.5995774269104004,
                1.5922142267227173,
                1.6020705699920654,
                1.5984292030334473,
                1.6072285175323486
            ],
            "roc_auc": [
                0.5762001276016235,
                0.6024190783500671,
                0.5739156603813171,
                0.5840045213699341,
                0.5980890989303589,
                0.5645298957824707
            ]
        }
    },
    "training": {
        "combined": {
            "loss": [
                1.5797460079193115,
                1.600935935974121,
                1.5783371925354004,
                1.5895066261291504,
                1.5835552215576172,
                1.5827103853225708
            ]
        },
        "label": {
            "accuracy": [
                0.20999999344348907,
                0.20000000298023224,
                0.20000000298023224,
                0.20399999618530273,
                0.20399999618530273,
                0.20399999618530273
            ],
            "accuracy_micro": [
                0.2996254563331604,
                0.2996254563331604,
                0.2996254563331604,
                0.30337077379226685,
                0.30337077379226685,
                0.30337077379226685
            ],
            "hits_at_k": [
                0.5857872366905212,
                0.6054468154907227,
                0.6159999966621399,
                0.6040000319480896,
                0.6040000319480896,
                0.6040000319480896
            ],
            "loss": [
                1.5797460079193115,
                1.600935935974121,
                1.5783371925354004,
                1.5895066261291504,
                1.5835552215576172,
                1.5827103853225708
            ],
            "roc_auc": [
                0.48586010932922363,
                0.4757961332798004,
                0.4956932067871094,
                0.4939644932746887,
                0.46409377455711365,
                0.5007529258728027
            ]
        }
    },
    "validation": {
        "combined": {
            "loss": [
                1.6863905191421509,
                1.6916626691818237,
                1.668304681777954,
                1.6482110023498535,
                1.6324758529663086,
                1.6342953443527222
            ]
        },
        "label": {
            "accuracy": [
                0.20000000298023224,
                0.20000000298023224,
                0.20000000298023224,
                0.20000000298023224,
                0.20000000298023224,
                0.20000000298023224
            ],
            "accuracy_micro": [
                0.21052631735801697,
                0.21052631735801697,
                0.21052631735801697,
                0.21052631735801697,
                0.21052631735801697,
                0.21052631735801697
            ],
            "hits_at_k": [
                0.6000000238418579,
                0.6000000238418579,
                0.6000000238418579,
                0.6000000238418579,
                0.6000000238418579,
                0.6000000238418579
            ],
            "loss": [
                1.6863905191421509,
                1.6916626691818237,
                1.668304681777954,
                1.6482110023498535,
                1.6324758529663086,
                1.6342953443527222
            ],
            "roc_auc": [
                0.595051109790802,
                0.5839781761169434,
                0.5445306897163391,
                0.5591849684715271,
                0.6312408447265625,
                0.5985043048858643
            ]
        }
    }
}