{
    "evaluation_frequency": {
        "frequency": 1,
        "period": "epoch"
    },
    "test": {
        "combined": {
            "loss": [
                1.7570747137069702,
                1.6017333269119263,
                1.6096774339675903,
                1.6171764135360718,
                1.5925861597061157,
                1.5634182691574097,
                1.5095677375793457,
                1.7910925149917603,
                1.6664003133773804,
                2.0712783336639404,
                1.869339942932129,
                3.07961106300354,
                2.189620018005371,
                1.7259321212768555
            ]
        },
        "label": {
            "accuracy": [
                0.22727271914482117,
                0.23062202334403992,
                0.20000000298023224,
                0.20000000298023224,
                0.20000000298023224,
                0.25960785150527954,
                0.24313727021217346,
                0.20000000298023224,
                0.28249555826187134,
                0.21711230278015137,
                0.24007131159305573,
                0.21176470816135406,
                0.20351922512054443,
                0.3231157958507538
            ],
            "accuracy_micro": [
                0.18421052396297455,
                0.25,
                0.22368420660495758,
                0.22368420660495758,
                0.22368420660495758,
                0.2763157784938812,
                0.2631579041481018,
                0.19736842811107635,
                0.28947368264198303,
                0.17105263471603394,
                0.22368420660495758,
                0.21052631735801697,
                0.17105263471603394,
                0.34210526943206787
            ],
            "hits_at_k": [
                0.615979790687561,
                0.701568603515625,
                0.6266666650772095,
                0.6133333444595337,
                0.6778947710990906,
                0.6978387832641602,
                0.6552209258079529,
                0.6554622054100037,
                0.7612459659576416,
                0.6171122789382935,
                0.7389549016952515,
                0.5935828685760498,
                0.6962229013442993,
                0.7584388852119446
            ],
            "loss": [
                1.7570747137069702,
                1.6017333269119263,
                1.6096774339675903,
                1.6171764135360718,
                1.5925861597061157,
                1.5634182691574097,
                1.5095677375793457,
                1.7910925149917603,
                1.6664003133773804,
                2.0712783336639404,
                1.869339942932129,
                3.07961106300354,
                2.189620018005371,
                1.7259321212768555
            ],
            "roc_auc": [
                0.4951988160610199,
                0.537470281124115,
                0.6018041968345642,
                0.5768879055976868,
                0.5887387990951538,
                0.6124267578125,
                0.6151173114776611,
                0.6154162883758545,
                0.5880976915359497,
                0.578985869884491,
                0.6300579309463501,
                0.5615602731704712,
                0.6060013771057129,
                0.6281987428665161
            ]
        }
    },
    "training": {
        "combined": {
            "loss": [
                1.6889922618865967,
                1.6632457971572876,
                1.5964432954788208,
                1.6069058179855347,
                1.576112151145935,
                1.538794994354248,
                1.5561611652374268,
                1.449506402015686,
                1.3094830513000488,
                1.1292942762374878,
                1.0733060836791992,
                0.9959636926651001,
                1.0057573318481445,
                0.9839313626289368
            ]
        },
        "label": {
            "accuracy": [
                0.19776594638824463,
                0.24451065063476562,
                0.21430851519107819,
                0.19300001859664917,
                0.20399999618530273,
                0.2615000009536743,
                0.23649999499320984,
                0.3244999945163727,
                0.34700000286102295,
                0.37357446551322937,
                0.37784042954444885,
                0.3700000047683716,
                0.4025000035762787,
                0.3610638380050659
            ],
            "accuracy_micro": [
                0.2509363293647766,
                0.3071160912513733,
                0.2808988690376282,
                0.26217228174209595,
                0.30337077379226685,
                0.34456929564476013,
                0.318352073431015,
                0.4007490575313568,
                0.41198500990867615,
                0.4082396924495697,
                0.41947564482688904,
                0.45318353176116943,
                0.48689138889312744,
                0.4157303273677826
            ],
            "hits_at_k": [
                0.6223723888397217,
                0.6401063203811646,
                0.6074574589729309,
                0.5180850625038147,
                0.6248723864555359,
                0.6861914396286011,
                0.6091489195823669,
                0.772946834564209,
                0.8677021265029907,
                0.9567446708679199,
                0.9669893980026245,
                0.9807446599006653,
                0.9889893531799316,
                0.9864893555641174
            ],
            "loss": [
                1.6889922618865967,
                1.6632457971572876,
                1.5964432954788208,
                1.6069058179855347,
                1.576112151145935,
                1.538794994354248,
                1.5561611652374268,
                1.449506402015686,
                1.3094830513000488,
                1.1292942762374878,
                1.0733060836791992,
                0.9959636926651001,
                1.0057573318481445,
                0.9839313626289368
            ],
            "roc_auc": [
                0.5075253248214722,
                0.5523598790168762,
                0.5166853666305542,
                0.4627085328102112,
                0.5255013704299927,
                0.5888969302177429,
                0.5761136412620544,
                0.678789496421814,
                0.7211135029792786,
                0.7748563289642334,
                0.7781296372413635,
                0.7934486865997314,
                0.8009279370307922,
                0.8081845045089722
            ]
        }
    },
    "validation": {
        "combined": {
            "loss": [
                1.4844727516174316,
                1.5929787158966064,
                1.5769782066345215,
                1.5583670139312744,
                1.6201046705245972,
                1.6065301895141602,
                1.6277925968170166,
                1.7328379154205322,
                1.8400499820709229,
                1.937430739402771,
                1.9541196823120117,
                2.701244354248047,
                1.7948825359344482,
                1.757035493850708
            ]
        },
        "label": {
            "accuracy": [
                0.21333332359790802,
                0.25333333015441895,
                0.20000000298023224,
                0.20000000298023224,
                0.20000000298023224,
                0.2750000059604645,
                0.15000000596046448,
                0.20000000298023224,
                0.3500000238418579,
                0.17999999225139618,
                0.27000001072883606,
                0.24500000476837158,
                0.2983333468437195,
                0.21666666865348816
            ],