{
    "batch_size": 64,
    "best_eval_metric_checkpoint_number": 1,
    "best_eval_metric_epoch": 0,
    "best_eval_metric_steps": 5,
    "best_eval_metric_value": 0.20000000298023224,
    "best_eval_test_metrics": {
        "combined": {
            "loss": 1.6006090641021729
        },
        "label": {
            "accuracy": 0.20000000298023224,
            "accuracy_micro": 0.22368420660495758,
            "hits_at_k": 0.6000000238418579,
            "loss": 1.6006090641021729,
            "roc_auc": 0.5614155530929565
        }
    },
    "best_eval_train_metrics": {
        "combined": {
            "loss": 1.5892961025238037
        },
        "label": {
            "accuracy": 0.21599999070167542,
            "accuracy_micro": 0.2846441864967346,
            "hits_at_k": 0.59675532579422,
            "loss": 1.5892961025238037,
            "roc_auc": 0.49102479219436646
        }
    },
    "best_eval_validation_metrics": {
        "combined": {
            "loss": 1.7234182357788086
        },
        "label": {
            "accuracy": 0.20000000298023224,
            "accuracy_micro": 0.21052631735801697,
            "hits_at_k": 0.6000000238418579,
            "loss": 1.7234182357788086,
            "roc_auc": 0.5709211230278015
        }
    },
    "best_increase_batch_size_eval_metric": Infinity,
    "checkpoint_number": 4,
    "epoch": 4,
    "last_improvement_steps": 15,
    "last_increase_batch_size": 0,
    "last_increase_batch_size_eval_metric_improvement": 0,
    "last_increase_batch_size_steps": 0,
    "last_learning_rate_reduction": 0,
    "last_learning_rate_reduction_steps": 0,
    "learning_rate": 0.001,
    "num_increases_batch_size": 0,
    "num_reductions_learning_rate": 0,
    "steps": 20,
    "test_metrics": {
        "combined": {
            "loss": [
                [
                    0,
                    5,
                    1.6006090641021729
                ],
                [
                    1,
                    10,
                    1.584585428237915
                ],
                [
                    2,
                    15,
                    1.618276834487915
                ],
                [
                    3,
                    20,
                    1.6132211685180664
                ]
            ]
        },
        "label": {
            "accuracy": [
                [
                    0,
                    5,
                    0.20000000298023224
                ],
                [
                    1,
                    10,
                    0.20000000298023224
                ],
                [
                    2,
                    15,
                    0.20000000298023224
                ],
                [
                    3,
                    20,
                    0.20000000298023224
                ]
            ],
            "accuracy_micro": [
                [
                    0,
                    5,
                    0.22368420660495758
                ],
                [
                    1,
                    10,
                    0.22368420660495758
                ],
                [
                    2,
                    15,
                    0.22368420660495758
                ],
                [
                    3,
                    20,
                    0.22368420660495758
                ]
            ],
            "hits_at_k": [
                [
                    0,
                    5,
                    0.6000000238418579
                ],
                [
                    1,
                    10,
                    0.6000000238418579
                ],
                [
                    2,
                    15,
                    0.6000000238418579
                ],
                [
                    3,
                    20,
                    0.6000000238418579
                ]
            ],
            "loss": [
                [
                    0,
                    5,
                    1.6006090641021729
                ],
                [
                    1,
                    10,
                    1.584585428237915
                ],
                [
                    2,
                    15,
                    1.618276834487915
                ],
                [
                    3,
                    20,
                    1.6132211685180664
                ]
            ],
            "roc_auc": [
                [
                    0,
                    5,
                    0.5614155530929565
                ],
                [
                    1,
                    10,
                    0.6300212144851685
                ],
                [
                    2,
                    15,
                    0.6328607797622681
                ],
                [
                    3,
                    20,
                    0.5732012391090393
                ]
            ]
        }
    },
    "train_metrics": {
        "combined": {
            "loss": [
                [
                    0,
                    5,
                    1.5892961025238037
                ],
                [
                    1,
                    10,
                    1.5986928939819336
                ],
                [
                    2,
                    15,
                    1.5797569751739502
                ],
                [
                    3,
                    20,
                    1.5938514471054077
                ]
            ]
        },
        "label": {
            "accuracy": [
                [
                    0,
                    5,
                    0.21599999070167542
                ],
                [
                    1,
                    10,
                    0.20000000298023224
                ],
                [
                    2,
                    15,
                    0.20000000298023224
                ],
                [
                    3,
                    20,
                    0.20399999618530273
                ]
            ],
            "accuracy_micro": [
                [
                    0,
                    5,
                    0.2846441864967346
                ],
                [
                    1,
                    10,
                    0.2996254563331604
                ],
                [
                    2,
                    15,
                    0.2996254563331604
                ],
                [
                    3,
                    20,
                    0.30337077379226685
                ]
            ],
            "hits_at_k": [
                [
                    0,
                    5,
                    0.59675532579422
                ],
                [
                    1,
                    10,
                    0.6000000238418579
                ],
                [
                    2,
                    15,
                    0.6152340173721313
                ],
                [
                    3,
                    20,
                    0.6080000400543213
                ]
            ],
            "loss": [
                [
                    0,
                    5,
                    1.5892961025238037
                ],
                [
                    1,
                    10,
                    1.5986928939819336
                ],
                [
                    2,
                    15,
                    1.5797569751739502
                ],
                [
                    3,
                    20,
                    1.5938514471054077
                ]
            ],