{
    "evaluation_frequency": {
        "frequency": 1,
        "period": "epoch"
    },
    "test": {
        "combined": {
            "loss": [
                1.601086139678955,
                1.584261178970337,
                1.61665678024292,
                1.612393856048584,
                1.5837376117706299,
                1.5967450141906738
            ]
        },
        "label": {
            "accuracy": [
                0.20000000298023224,
                0.20000000298023224,
                0.20000000298023224,
                0.20000000298023224,
                0.20000000298023224,
                0.20000000298023224
            ],
            "accuracy_micro": [
                0.22368420660495758,
                0.22368420660495758,
                0.22368420660495758,
                0.22368420660495758,
                0.22368420660495758,
                0.22368420660495758
            ],
            "hits_at_k": [
                0.6000000238418579,
                0.6000000238418579,
                0.6000000238418579,
                0.6000000238418579,
                0.5866667032241821,
                0.5943222045898438
            ],
            "loss": [
                1.601086139678955,
                1.584261178970337,
                1.61665678024292,
                1.612393856048584,
                1.5837376117706299,
                1.5967450141906738
            ],
            "roc_auc": [
                0.5582509636878967,
                0.595256507396698,
                0.5858407020568848,
                0.5604065656661987,
                0.5656267404556274,
                0.5841017961502075
            ]
        }
    },
    "training": {
        "combined": {
            "loss": [
                1.5890215635299683,
                1.5982260704040527,
                1.5793637037277222,
                1.5934760570526123,
                1.5884157419204712,
                1.5746344327926636
            ]
        },
        "label": {
            "accuracy": [
                0.22999998927116394,
                0.20000000298023224,
                0.20000000298023224,
                0.20399999618530273,
                0.20399999618530273,
                0.20399999618530273
            ],
            "accuracy_micro": [
                0.29588013887405396,
                0.2996254563331604,
                0.2996254563331604,
                0.30337077379226685,
                0.30337077379226685,
                0.30337077379226685
            ],
            "hits_at_k": [
                0.6027659177780151,
                0.6000000238418579,
                0.606723427772522,
                0.6080000400543213,
                0.5720000267028809,
                0.6190000176429749
            ],
            "loss": [
                1.5890215635299683,
                1.5982260704040527,
                1.5793637037277222,
                1.5934760570526123,
                1.5884157419204712,
                1.5746344327926636
            ],
            "roc_auc": [
                0.4896179139614105,
                0.4646005630493164,
                0.49997615814208984,
                0.49608343839645386,
                0.47227826714515686,
                0.58110111951828
            ]
        }
    },
    "validation": {
        "combined": {
            "loss": [
                1.7255150079727173,
                1.6484901905059814,
                1.6577774286270142,
                1.6412991285324097,
                1.6420994997024536,
                1.6512874364852905
            ]
        },
        "label": {
            "accuracy": [
                0.20000000298023224,
                0.20000000298023224,
                0.20000000298023224,
                0.20000000298023224,
                0.20000000298023224,
                0.20000000298023224
            ],
            "accuracy_micro": [
                0.21052631735801697,
                0.21052631735801697,
                0.21052631735801697,
                0.21052631735801697,
                0.21052631735801697,
                0.21052631735801697
            ],
            "hits_at_k": [
                0.6000000238418579,
                0.6000000238418579,
                0.6000000238418579,
                0.6000000238418579,
                0.6166666746139526,
                0.6000000238418579
            ],
            "loss": [
                1.7255150079727173,
                1.6484901905059814,
                1.6577774286270142,
                1.6412991285324097,
                1.6420994997024536,
                1.6512874364852905
            ],
            "roc_auc": [
                0.5660897493362427,
                0.49550899863243103,
                0.49007630348205566,
                0.4815056324005127,
                0.48866909742355347,
                0.5033379197120667
            ]
        }
    }
}