{
    "evaluation_frequency": {
        "frequency": 1,
        "period": "epoch"
    },
    "test": {
        "combined": {
            "loss": [
                1.6357667446136475,
                1.5833625793457031,
                1.6023504734039307,
                1.6131813526153564,
                1.6002824306488037,
                1.6132569313049316
            ]
        },
        "label": {
            "accuracy": [
                0.20000000298023224,
                0.20000000298023224,
                0.20000000298023224,
                0.20000000298023224,
                0.20000000298023224,
                0.20000000298023224
            ],
            "accuracy_micro": [
                0.22368420660495758,
                0.22368420660495758,
                0.22368420660495758,
                0.22368420660495758,
                0.22368420660495758,
                0.22368420660495758
            ],
            "hits_at_k": [
                0.6266666650772095,
                0.6000000238418579,
                0.6133333444595337,
                0.6133333444595337,
                0.6133333444595337,
                0.6000000238418579
            ],
            "loss": [
                1.6357667446136475,
                1.5833625793457031,
                1.6023504734039307,
                1.6131813526153564,
                1.6002824306488037,
                1.6132569313049316
            ],
            "roc_auc": [
                0.5541466474533081,
                0.5619817972183228,
                0.5713215470314026,
                0.5722605586051941,
                0.5723568797111511,
                0.5710430145263672
            ]
        }
    },
    "training": {
        "combined": {
            "loss": [
                1.575110912322998,
                1.6037508249282837,
                1.5859472751617432,
                1.5969455242156982,
                1.5847188234329224,
                1.5814392566680908
            ]
        },
        "label": {
            "accuracy": [
                0.2199999988079071,
                0.20000000298023224,
                0.20000000298023224,
                0.20799998939037323,
                0.20399999618530273,
                0.20399999618530273
            ],
            "accuracy_micro": [
                0.2846441864967346,
                0.2996254563331604,
                0.2996254563331604,
                0.3071160912513733,
                0.30337077379226685,
                0.30337077379226685
            ],
            "hits_at_k": [
                0.5989999771118164,
                0.5839999914169312,
                0.6040000319480896,
                0.6040000319480896,
                0.6080000400543213,
                0.6080000400543213
            ],
            "loss": [
                1.575110912322998,
                1.6037508249282837,
                1.5859472751617432,
                1.5969455242156982,
                1.5847188234329224,
                1.5814392566680908
            ],
            "roc_auc": [
                0.5006211996078491,
                0.481433629989624,
                0.4736659526824951,
                0.5350083112716675,
                0.5047082901000977,
                0.5639193654060364
            ]
        }
    },
    "validation": {
        "combined": {
            "loss": [
                1.7394670248031616,
                1.7013959884643555,
                1.6731481552124023,
                1.6261237859725952,
                1.6157306432724,
                1.641832709312439
            ]
        },
        "label": {
            "accuracy": [
                0.20000000298023224,
                0.20000000298023224,
                0.20000000298023224,
                0.20000000298023224,
                0.20000000298023224,
                0.20000000298023224
            ],
            "accuracy_micro": [
                0.21052631735801697,
                0.21052631735801697,
                0.21052631735801697,
                0.21052631735801697,
                0.21052631735801697,
                0.21052631735801697
            ],
            "hits_at_k": [
                0.6000000238418579,
                0.6000000238418579,
                0.6000000238418579,
                0.6000000238418579,
                0.6000000238418579,
                0.6000000238418579
            ],
            "loss": [
                1.7394670248031616,
                1.7013959884643555,
                1.6731481552124023,
                1.6261237859725952,
                1.6157306432724,
                1.641832709312439
            ],
            "roc_auc": [
                0.5915945768356323,
                0.6134943962097168,
                0.6194490194320679,
                0.6186889410018921,
                0.615153431892395,
                0.6154853105545044
            ]
        }
    }
}