{
    "evaluation_frequency": {
        "frequency": 1,
        "period": "epoch"
    },
    "test": {
        "combined": {
            "loss": [
                1.6358236074447632,
                1.5839149951934814,
                1.6023523807525635,
                1.612720012664795,
                1.599696397781372,
                1.6127854585647583
            ]
        },
        "label": {
            "accuracy": [
                0.20000000298023224,
                0.20000000298023224,
                0.20000000298023224,
                0.20000000298023224,
                0.20000000298023224,
                0.20000000298023224
            ],
            "accuracy_micro": [
                0.22368420660495758,
                0.22368420660495758,
                0.22368420660495758,
                0.22368420660495758,
                0.22368420660495758,
                0.22368420660495758
            ],
            "hits_at_k": [
                0.6218182444572449,
                0.6000000238418579,
                0.6133333444595337,
                0.6133333444595337,
                0.6133333444595337,
                0.6000000238418579
            ],
            "loss": [
                1.6358236074447632,
                1.5839149951934814,
                1.6023523807525635,
                1.612720012664795,
                1.599696397781372,
                1.6127854585647583
            ],
            "roc_auc": [
                0.5525062680244446,
                0.5618610978126526,
                0.568986177444458,
                0.5685402154922485,
                0.5672911405563354,
                0.566749632358551
            ]
        }
    },
    "training": {
        "combined": {
            "loss": [
                1.5749444961547852,
                1.6042104959487915,
                1.5859863758087158,
                1.597010850906372,
                1.5856972932815552,
                1.5810972452163696
            ]
        },
        "label": {
            "accuracy": [
                0.2199999988079071,
                0.20000000298023224,
                0.20399999618530273,
                0.20799998939037323,
                0.20399999618530273,
                0.20399999618530273
            ],
            "accuracy_micro": [
                0.2846441864967346,
                0.2996254563331604,
                0.30337077379226685,
                0.3071160912513733,
                0.30337077379226685,
                0.30337077379226685
            ],
            "hits_at_k": [
                0.6069999933242798,
                0.5800000429153442,
                0.5960000157356262,
                0.6040000319480896,
                0.6080000400543213,
                0.6080000400543213
            ],
            "loss": [
                1.5749444961547852,
                1.6042104959487915,
                1.5859863758087158,
                1.597010850906372,
                1.5856972932815552,
                1.5810972452163696
            ],
            "roc_auc": [
                0.4953097403049469,
                0.47773903608322144,
                0.4710107743740082,
                0.5217763781547546,
                0.48988622426986694,
                0.5681061744689941
            ]
        }
    },
    "validation": {
        "combined": {
            "loss": [
                1.7393534183502197,
                1.701316475868225,
                1.6734819412231445,
                1.6269245147705078,
                1.6160743236541748,
                1.6416800022125244
            ]
        },
        "label": {
            "accuracy": [
                0.20000000298023224,
                0.20000000298023224,
                0.20000000298023224,
                0.20000000298023224,
                0.20000000298023224,
                0.20000000298023224
            ],
            "accuracy_micro": [
                0.21052631735801697,
                0.21052631735801697,
                0.21052631735801697,
                0.21052631735801697,
                0.21052631735801697,
                0.21052631735801697
            ],
            "hits_at_k": [
                0.6000000238418579,
                0.6000000238418579,
                0.6000000238418579,
                0.6000000238418579,
                0.6000000238418579,
                0.6000000238418579
            ],
            "loss": [
                1.7393534183502197,
                1.701316475868225,
                1.6734819412231445,
                1.6269245147705078,
                1.6160743236541748,
                1.6416800022125244
            ],
            "roc_auc": [
                0.5990384817123413,
                0.6156841516494751,
                0.6233638525009155,
                0.6238102912902832,
                0.6199641823768616,
                0.6171222925186157
            ]
        }
    }
}