{
    "batch_size": 16,
    "best_eval_metric_checkpoint_number": 2,
    "best_eval_metric_epoch": 1,
    "best_eval_metric_steps": 34,
    "best_eval_metric_value": 0.25,
    "best_eval_test_metrics": {
        "combined": {
            "loss": 1.5411919355392456
        },
        "label": {
            "accuracy": 0.29437658190727234,
            "accuracy_micro": 0.28947368264198303,
            "hits_at_k": 0.734902024269104,
            "loss": 1.5411919355392456,
            "roc_auc": 0.5548529624938965
        }
    },
    "best_eval_train_metrics": {
        "combined": {
            "loss": 1.6068977117538452
        },
        "label": {
            "accuracy": 0.24601063132286072,
            "accuracy_micro": 0.3258427083492279,
            "hits_at_k": 0.6566063165664673,
            "loss": 1.6068977117538452,
            "roc_auc": 0.5330061316490173
        }
    },
    "best_eval_validation_metrics": {
        "combined": {
            "loss": 1.779736042022705
        },
        "label": {
            "accuracy": 0.25,
            "accuracy_micro": 0.28947368264198303,
            "hits_at_k": 0.7000000476837158,
            "loss": 1.779736042022705,
            "roc_auc": 0.5723251700401306
        }
    },
    "best_increase_batch_size_eval_metric": Infinity,
    "checkpoint_number": 6,
    "epoch": 6,
    "last_improvement_steps": 68,
    "last_increase_batch_size": 0,
    "last_increase_batch_size_eval_metric_improvement": 0,
    "last_increase_batch_size_steps": 0,
    "last_learning_rate_reduction": 0,
    "last_learning_rate_reduction_steps": 0,
    "learning_rate": 0.01,
    "num_increases_batch_size": 0,
    "num_reductions_learning_rate": 0,
    "steps": 102,
    "test_metrics": {
        "combined": {
            "loss": [
                [
                    0,
                    17,
                    1.5619784593582153
                ],
                [
                    1,
                    34,
                    1.5411919355392456
                ],
                [
                    2,
                    51,
                    1.6376088857650757
                ],
                [
                    3,
                    68,
                    1.6699563264846802
                ],
                [
                    4,
                    85,
                    2.5017778873443604
                ],
                [
                    5,
                    102,
                    2.914588212966919
                ]
            ]
        },
        "label": {
            "accuracy": [
                [
                    0,
                    17,
                    0.20000000298023224
                ],
                [
                    1,
                    34,
                    0.29437658190727234
                ],
                [
                    2,
                    51,
                    0.36364656686782837
                ],
                [
                    3,
                    68,
                    0.3080270290374756
                ],
                [
                    4,
                    85,
                    0.3042686879634857
                ],
                [
                    5,
                    102,
                    0.3359832465648651
                ]
            ],
            "accuracy_micro": [
                [
                    0,
                    17,
                    0.22368420660495758
                ],
                [
                    1,
                    34,
                    0.28947368264198303
                ],
                [
                    2,
                    51,
                    0.3684210479259491
                ],
                [
                    3,
                    68,
                    0.32894736528396606
                ],
                [
                    4,
                    85,
                    0.34210526943206787
                ],
                [
                    5,
                    102,
                    0.3684210479259491
                ]
            ],
            "hits_at_k": [
                [
                    0,
                    17,
                    0.64000004529953
                ],
                [
                    1,
                    34,
                    0.734902024269104
                ],
                [
                    2,
                    51,
                    0.788554310798645
                ],
                [
                    3,
                    68,
                    0.6889127492904663
                ],
                [
                    4,
                    85,
                    0.6676648855209351
                ],
                [
                    5,
                    102,
                    0.7020321488380432
                ]
            ],
            "loss": [
                [
                    0,
                    17,
                    1.5619784593582153
                ],
                [
                    1,
                    34,
                    1.5411919355392456
                ],
                [
                    2,
                    51,
                    1.6376088857650757
                ],
                [
                    3,
                    68,
                    1.6699563264846802
                ],
                [
                    4,
                    85,
                    2.5017778873443604
                ],
                [
                    5,
                    102,
                    2.914588212966919
                ]
            ],
            "roc_auc": [
                [
                    0,
                    17,
                    0.5622128248214722
                ],
                [
                    1,
                    34,
                    0.5548529624938965
                ],
                [
                    2,
                    51,
                    0.583693265914917
                ],
                [
                    3,
                    68,
                    0.5793278217315674
                ],
                [
                    4,
                    85,
                    0.6724369525909424
                ],
                [
                    5,
                    102,
                    0.6816251277923584
                ]
            ]
        }
    },
    "train_metrics": {
        "combined": {
            "loss": [
                [
                    0,
                    17,
                    1.7756719589233398
                ],
                [
                    1,
                    34,
                    1.6068977117538452
                ],
                [
                    2,
                    51,
                    1.4216892719268799
                ],
                [
                    3,
                    68,
                    0.9818013310432434
                ],
                [
                    4,
                    85,
                    0.4947778582572937
                ],
                [
                    5,
                    102,
                    0.12213112413883209
                ]
            ]
        },