{
    "evaluation_frequency": {
        "frequency": 1,
        "period": "epoch"
    },
    "test": {
        "combined": {
            "loss": [
                1.6192500591278076,
                1.599217414855957,
                1.5920755863189697,
                1.6021407842636108,
                1.5984975099563599,
                1.6073036193847656
            ]
        },
        "label": {
            "accuracy": [
                0.20000000298023224,
                0.20000000298023224,
                0.20000000298023224,
                0.20000000298023224,
                0.20000000298023224,
                0.20000000298023224
            ],
            "accuracy_micro": [
                0.22368420660495758,
                0.22368420660495758,
                0.22368420660495758,
                0.22368420660495758,
                0.22368420660495758,
                0.22368420660495758
            ],
            "hits_at_k": [
                0.6000000238418579,
                0.6000000238418579,
                0.6133333444595337,
                0.6000000238418579,
                0.6133333444595337,
                0.6133333444595337
            ],
            "loss": [
                1.6192500591278076,
                1.599217414855957,
                1.5920755863189697,
                1.6021407842636108,
                1.5984975099563599,
                1.6073036193847656
            ],
            "roc_auc": [
                0.578572154045105,
                0.5995006561279297,
                0.569413423538208,
                0.5801471471786499,
                0.5927501916885376,
                0.5617810487747192
            ]
        }
    },
    "training": {
        "combined": {
            "loss": [
                1.579785704612732,
                1.6013065576553345,
                1.57858145236969,
                1.5894038677215576,
                1.5833659172058105,
                1.5828696489334106
            ]
        },
        "label": {
            "accuracy": [
                0.19500000774860382,
                0.20000000298023224,
                0.20000000298023224,
                0.20399999618530273,
                0.20399999618530273,
                0.20399999618530273
            ],
            "accuracy_micro": [
                0.2921348214149475,
                0.2996254563331604,
                0.2996254563331604,
                0.30337077379226685,
                0.30337077379226685,
                0.30337077379226685
            ],
            "hits_at_k": [
                0.5820425152778625,
                0.6054468154907227,
                0.6080000400543213,
                0.6040000319480896,
                0.6040000319480896,
                0.6040000319480896
            ],
            "loss": [
                1.579785704612732,
                1.6013065576553345,
                1.57858145236969,
                1.5894038677215576,
                1.5833659172058105,
                1.5828696489334106
            ],
            "roc_auc": [
                0.4936886727809906,
                0.4728395342826843,
                0.4917451739311218,
                0.49229931831359863,
                0.47800740599632263,
                0.499965101480484
            ]
        }
    },
    "validation": {
        "combined": {
            "loss": [
                1.6866079568862915,
                1.6916608810424805,
                1.6681815385818481,
                1.6481082439422607,
                1.6324594020843506,
                1.634354591369629
            ]
        },
        "label": {
            "accuracy": [
                0.20000000298023224,
                0.20000000298023224,
                0.20000000298023224,
                0.20000000298023224,
                0.20000000298023224,
                0.20000000298023224
            ],
            "accuracy_micro": [
                0.21052631735801697,
                0.21052631735801697,
                0.21052631735801697,
                0.21052631735801697,
                0.21052631735801697,
                0.21052631735801697
            ],
            "hits_at_k": [
                0.6000000238418579,
                0.6000000238418579,
                0.6000000238418579,
                0.6000000238418579,
                0.6000000238418579,
                0.6000000238418579
            ],
            "loss": [
                1.6866079568862915,
                1.6916608810424805,
                1.6681815385818481,
                1.6481082439422607,
                1.6324594020843506,
                1.634354591369629
            ],
            "roc_auc": [
                0.5991319417953491,
                0.5788828134536743,
                0.5356555581092834,
                0.5562362670898438,
                0.6295467615127563,
                0.605293869972229
            ]
        }
    }
}