{
    "evaluation_frequency": {
        "frequency": 1,
        "period": "epoch"
    },
    "test": {
        "combined": {
            "loss": [
                2.0073273181915283,
                2.454742670059204,
                1.8147960901260376,
                1.7247167825698853,
                1.6727757453918457,
                2.2531354427337646
            ]
        },
        "label": {
            "accuracy": [
                0.20000000298023224,
                0.20000000298023224,
                0.20000000298023224,
                0.20000000298023224,
                0.20000000298023224,
                0.20000000298023224
            ],
            "accuracy_micro": [
                0.25,
                0.25,
                0.22368420660495758,
                0.22368420660495758,
                0.14473684132099152,
                0.22368420660495758
            ],
            "hits_at_k": [
                0.6000000238418579,
                0.6000000238418579,
                0.6000000238418579,
                0.6000000238418579,
                0.6000000238418579,
                0.6000000238418579
            ],
            "loss": [
                2.0073273181915283,
                2.454742670059204,
                1.8147960901260376,
                1.7247167825698853,
                1.6727757453918457,
                2.2531354427337646
            ],
            "roc_auc": [
                0.4965692460536957,
                0.5229274034500122,
                0.5165661573410034,
                0.5217720866203308,
                0.5050893425941467,
                0.5255059003829956
            ]
        }
    },
    "training": {
        "combined": {
            "loss": [
                3.1439950466156006,
                2.068681240081787,
                1.9445322751998901,
                1.868977665901184,
                1.930614948272705,
                1.6967132091522217
            ]
        },
        "label": {
            "accuracy": [
                0.21630851924419403,
                0.17055319249629974,
                0.19005319476127625,
                0.1905319094657898,
                0.1685638278722763,
                0.18855318427085876
            ],
            "accuracy_micro": [
                0.22846442461013794,
                0.1760299652814865,
                0.19475655257701874,
                0.20973782241344452,
                0.1910112351179123,
                0.20599250495433807
            ],
            "hits_at_k": [
                0.620319128036499,
                0.6161382794380188,
                0.5861489772796631,
                0.5975850820541382,
                0.5851170420646667,
                0.5818723440170288
            ],
            "loss": [
                3.1439950466156006,
                2.068681240081787,
                1.9445322751998901,
                1.868977665901184,
                1.930614948272705,
                1.6967132091522217
            ],
            "roc_auc": [
                0.4869420528411865,
                0.4851309657096863,
                0.48049888014793396,
                0.4847072660923004,
                0.48507481813430786,
                0.48162978887557983
            ]
        }
    },
    "validation": {
        "combined": {
            "loss": [
                2.667447566986084,
                2.6573071479797363,
                1.7388010025024414,
                1.951441764831543,
                1.8511435985565186,
                2.414379596710205
            ]
        },
        "label": {
            "accuracy": [
                0.20000000298023224,
                0.20000000298023224,
                0.20000000298023224,
                0.20000000298023224,
                0.20000000298023224,
                0.20000000298023224
            ],
            "accuracy_micro": [
                0.15789473056793213,
                0.15789473056793213,
                0.21052631735801697,
                0.21052631735801697,
                0.2631579041481018,
                0.21052631735801697
            ],
            "hits_at_k": [
                0.6000000238418579,
                0.6000000238418579,
                0.6000000238418579,
                0.6000000238418579,
                0.6000000238418579,
                0.6000000238418579
            ],
            "loss": [
                2.667447566986084,
                2.6573071479797363,
                1.7388010025024414,
                1.951441764831543,
                1.8511435985565186,
                2.414379596710205
            ],
            "roc_auc": [
                0.522821307182312,
                0.5166033506393433,
                0.5008432269096375,
                0.5092796087265015,
                0.4660676121711731,
                0.5114048719406128
            ]
        }
    }
}