2026-05-07 09:35:47,137:WARNING:
'cuml' is a soft dependency and not included in the pycaret installation. Please run: `pip install cuml` to install.
2026-05-07 09:35:47,137:WARNING:
'cuml' is a soft dependency and not included in the pycaret installation. Please run: `pip install cuml` to install.
2026-05-07 09:35:47,138:WARNING:
'cuml' is a soft dependency and not included in the pycaret installation. Please run: `pip install cuml` to install.
2026-05-07 09:35:47,138:WARNING:
'cuml' is a soft dependency and not included in the pycaret installation. Please run: `pip install cuml` to install.
2026-05-07 09:36:35,463:WARNING:/home/yhz/local_iot/banckend/main.py:462: UserWarning: The argument 'infer_datetime_format' is deprecated and will be removed in a future version. A strict version of it is now the default, see https://pandas.pydata.org/pdeps/0004-consistent-to-datetime-parsing.html. You can safely remove this argument.
  parsed = pd.to_datetime(s.astype(str), errors="coerce", utc=True, infer_datetime_format=True)

2026-05-07 09:36:35,464:WARNING:/home/yhz/local_iot/banckend/main.py:462: UserWarning: Could not infer format, so each element will be parsed individually, falling back to `dateutil`. To ensure parsing is consistent and as-expected, please specify a format.
  parsed = pd.to_datetime(s.astype(str), errors="coerce", utc=True, infer_datetime_format=True)

2026-05-07 09:36:35,520:WARNING:/home/yhz/local_iot/banckend/main.py:462: UserWarning: The argument 'infer_datetime_format' is deprecated and will be removed in a future version. A strict version of it is now the default, see https://pandas.pydata.org/pdeps/0004-consistent-to-datetime-parsing.html. You can safely remove this argument.
  parsed = pd.to_datetime(s.astype(str), errors="coerce", utc=True, infer_datetime_format=True)

2026-05-07 09:36:35,521:WARNING:/home/yhz/local_iot/banckend/main.py:462: UserWarning: Could not infer format, so each element will be parsed individually, falling back to `dateutil`. To ensure parsing is consistent and as-expected, please specify a format.
  parsed = pd.to_datetime(s.astype(str), errors="coerce", utc=True, infer_datetime_format=True)

2026-05-07 09:36:35,526:WARNING:/home/yhz/local_iot/banckend/main.py:462: UserWarning: The argument 'infer_datetime_format' is deprecated and will be removed in a future version. A strict version of it is now the default, see https://pandas.pydata.org/pdeps/0004-consistent-to-datetime-parsing.html. You can safely remove this argument.
  parsed = pd.to_datetime(s.astype(str), errors="coerce", utc=True, infer_datetime_format=True)

2026-05-07 09:36:35,527:WARNING:/home/yhz/local_iot/banckend/main.py:462: UserWarning: Could not infer format, so each element will be parsed individually, falling back to `dateutil`. To ensure parsing is consistent and as-expected, please specify a format.
  parsed = pd.to_datetime(s.astype(str), errors="coerce", utc=True, infer_datetime_format=True)

2026-05-07 09:36:35,687:INFO:PyCaret ClassificationExperiment
2026-05-07 09:36:35,687:INFO:Logging name: clf-default-name
2026-05-07 09:36:35,687:INFO:ML Usecase: MLUsecase.CLASSIFICATION
2026-05-07 09:36:35,687:INFO:version 3.4.0
2026-05-07 09:36:35,687:INFO:Initializing setup()
2026-05-07 09:36:35,687:INFO:self.USI: c245
2026-05-07 09:36:35,687:INFO:self._variable_keys: {'X_train', 'y', 'exp_id', 'html_param', 'pipeline', 'gpu_param', 'logging_param', 'X_test', 'gpu_n_jobs_param', 'y_train', '_ml_usecase', 'memory', 'exp_name_log', 'fold_generator', 'fix_imbalance', 'seed', 'is_multiclass', 'fold_groups_param', 'n_jobs_param', 'USI', 'target_param', 'log_plots_param', 'data', 'X', 'y_test', 'idx', 'fold_shuffle_param', '_available_plots'}
2026-05-07 09:36:35,687:INFO:Checking environment
2026-05-07 09:36:35,687:INFO:python_version: 3.10.20
2026-05-07 09:36:35,687:INFO:python_build: ('main', 'Mar 11 2026 17:46:40')
2026-05-07 09:36:35,687:INFO:machine: x86_64
2026-05-07 09:36:35,687:INFO:platform: Linux-5.15.0-139-generic-x86_64-with-glibc2.31
2026-05-07 09:36:35,687:INFO:Memory: svmem(total=33242718208, available=17738280960, percent=46.6, used=15002480640, free=12103741440, active=1731448832, inactive=17795276800, buffers=160038912, cached=5976457216, shared=22335488, slab=703152128)
2026-05-07 09:36:35,688:INFO:Physical Core: 24
2026-05-07 09:36:35,688:INFO:Logical Core: 32
2026-05-07 09:36:35,688:INFO:Checking libraries
2026-05-07 09:36:35,688:INFO:System:
2026-05-07 09:36:35,688:INFO:    python: 3.10.20 (main, Mar 11 2026, 17:46:40) [GCC 14.3.0]
2026-05-07 09:36:35,688:INFO:executable: /home/yhz/miniconda3/envs/local_iot/bin/python
2026-05-07 09:36:35,688:INFO:   machine: Linux-5.15.0-139-generic-x86_64-with-glibc2.31
2026-05-07 09:36:35,688:INFO:PyCaret required dependencies:
2026-05-07 09:36:35,689:WARNING:/home/yhz/miniconda3/envs/local_iot/lib/python3.10/site-packages/_distutils_hack/__init__.py:26: UserWarning: Setuptools is replacing distutils.
  warnings.warn("Setuptools is replacing distutils.")

2026-05-07 09:36:35,692:INFO:                 pip: 26.0.1
2026-05-07 09:36:35,692:INFO:          setuptools: 69.5.1
2026-05-07 09:36:35,692:INFO:             pycaret: 3.4.0
2026-05-07 09:36:35,692:INFO:             IPython: 8.39.0
2026-05-07 09:36:35,692:INFO:          ipywidgets: 8.1.8
2026-05-07 09:36:35,692:INFO:                tqdm: 4.67.3
2026-05-07 09:36:35,692:INFO:               numpy: 1.26.4
2026-05-07 09:36:35,692:INFO:              pandas: 2.1.3
2026-05-07 09:36:35,692:INFO:              jinja2: 3.1.6
2026-05-07 09:36:35,692:INFO:               scipy: 1.11.4
2026-05-07 09:36:35,692:INFO:              joblib: 1.4.2
2026-05-07 09:36:35,692:INFO:             sklearn: 1.4.2
2026-05-07 09:36:35,692:INFO:                pyod: 2.0.7
2026-05-07 09:36:35,692:INFO:            imblearn: 0.13.0
2026-05-07 09:36:35,692:INFO:   category_encoders: 2.7.0
2026-05-07 09:36:35,692:INFO:            lightgbm: 4.6.0
2026-05-07 09:36:35,692:INFO:               numba: 0.65.0
2026-05-07 09:36:35,692:INFO:            requests: 2.33.1
2026-05-07 09:36:35,692:INFO:          matplotlib: 3.7.5
2026-05-07 09:36:35,692:INFO:          scikitplot: 0.3.12
2026-05-07 09:36:35,692:INFO:         yellowbrick: 1.5
2026-05-07 09:36:35,692:INFO:              plotly: 6.6.0
2026-05-07 09:36:35,692:INFO:    plotly-resampler: Not installed
2026-05-07 09:36:35,692:INFO:             kaleido: 1.2.0
2026-05-07 09:36:35,693:INFO:           schemdraw: 0.15
2026-05-07 09:36:35,693:INFO:         statsmodels: 0.14.6
2026-05-07 09:36:35,693:INFO:              sktime: 0.31.0
2026-05-07 09:36:35,693:INFO:               tbats: 1.1.3
2026-05-07 09:36:35,693:INFO:            pmdarima: 2.0.4
2026-05-07 09:36:35,693:INFO:              psutil: 5.9.4
2026-05-07 09:36:35,693:INFO:          markupsafe: 3.0.3
2026-05-07 09:36:35,693:INFO:             pickle5: Not installed
2026-05-07 09:36:35,693:INFO:         cloudpickle: 3.1.2
2026-05-07 09:36:35,693:INFO:         deprecation: 2.1.0
2026-05-07 09:36:35,693:INFO:              xxhash: 3.6.0
2026-05-07 09:36:35,693:INFO:           wurlitzer: 3.1.1
2026-05-07 09:36:35,693:INFO:PyCaret optional dependencies:
2026-05-07 09:36:35,698:INFO:                shap: Not installed
2026-05-07 09:36:35,698:INFO:           interpret: Not installed
2026-05-07 09:36:35,698:INFO:                umap: Not installed
2026-05-07 09:36:35,698:INFO:     ydata_profiling: Not installed
2026-05-07 09:36:35,698:INFO:  explainerdashboard: Not installed
2026-05-07 09:36:35,698:INFO:             autoviz: Not installed
2026-05-07 09:36:35,698:INFO:           fairlearn: Not installed
2026-05-07 09:36:35,698:INFO:          deepchecks: Not installed
2026-05-07 09:36:35,698:INFO:             xgboost: 1.7.6
2026-05-07 09:36:35,698:INFO:            catboost: Not installed
2026-05-07 09:36:35,698:INFO:              kmodes: Not installed
2026-05-07 09:36:35,698:INFO:             mlxtend: Not installed
2026-05-07 09:36:35,698:INFO:       statsforecast: Not installed
2026-05-07 09:36:35,698:INFO:        tune_sklearn: Not installed
2026-05-07 09:36:35,698:INFO:                 ray: 2.4.0
2026-05-07 09:36:35,698:INFO:            hyperopt: 0.2.7
2026-05-07 09:36:35,698:INFO:              optuna: Not installed
2026-05-07 09:36:35,698:INFO:               skopt: Not installed
2026-05-07 09:36:35,698:INFO:              mlflow: Not installed
2026-05-07 09:36:35,698:INFO:              gradio: Not installed
2026-05-07 09:36:35,698:INFO:             fastapi: 0.104.1
2026-05-07 09:36:35,698:INFO:             uvicorn: 0.24.0
2026-05-07 09:36:35,698:INFO:              m2cgen: Not installed
2026-05-07 09:36:35,698:INFO:           evidently: Not installed
2026-05-07 09:36:35,698:INFO:               fugue: Not installed
2026-05-07 09:36:35,698:INFO:           streamlit: Not installed
2026-05-07 09:36:35,698:INFO:             prophet: Not installed
2026-05-07 09:36:35,698:INFO:None
2026-05-07 09:36:35,698:INFO:Set up data.
2026-05-07 09:36:35,821:INFO:Set up folding strategy.
2026-05-07 09:36:35,821:INFO:Set up train/test split.
2026-05-07 09:36:35,898:INFO:Set up index.
2026-05-07 09:36:35,899:INFO:Assigning column types.
2026-05-07 09:36:35,979:INFO:Engine successfully changes for model 'lr' to 'sklearn'.
2026-05-07 09:36:36,001:INFO:Engine for model 'knn' has not been set explicitly, hence returning None.
2026-05-07 09:36:36,003:INFO:Engine for model 'rbfsvm' has not been set explicitly, hence returning None.
2026-05-07 09:36:36,019:INFO:Soft dependency imported: xgboost: 1.7.6
2026-05-07 09:36:36,051:WARNING:
'catboost' is a soft dependency and not included in the pycaret installation. Please run: `pip install catboost` to install.
Alternately, you can install this by running `pip install pycaret[models]`
2026-05-07 09:36:36,073:INFO:Engine for model 'knn' has not been set explicitly, hence returning None.
2026-05-07 09:36:36,073:INFO:Engine for model 'rbfsvm' has not been set explicitly, hence returning None.
2026-05-07 09:36:36,087:INFO:Soft dependency imported: xgboost: 1.7.6
2026-05-07 09:36:36,089:WARNING:
'catboost' is a soft dependency and not included in the pycaret installation. Please run: `pip install catboost` to install.
Alternately, you can install this by running `pip install pycaret[models]`
2026-05-07 09:36:36,089:INFO:Engine successfully changes for model 'knn' to 'sklearn'.
2026-05-07 09:36:36,111:INFO:Engine for model 'rbfsvm' has not been set explicitly, hence returning None.
2026-05-07 09:36:36,124:INFO:Soft dependency imported: xgboost: 1.7.6
2026-05-07 09:36:36,125:WARNING:
'catboost' is a soft dependency and not included in the pycaret installation. Please run: `pip install catboost` to install.
Alternately, you can install this by running `pip install pycaret[models]`
2026-05-07 09:36:36,147:INFO:Engine for model 'rbfsvm' has not been set explicitly, hence returning None.
2026-05-07 09:36:36,161:INFO:Soft dependency imported: xgboost: 1.7.6
2026-05-07 09:36:36,162:WARNING:
'catboost' is a soft dependency and not included in the pycaret installation. Please run: `pip install catboost` to install.
Alternately, you can install this by running `pip install pycaret[models]`
2026-05-07 09:36:36,162:INFO:Engine successfully changes for model 'rbfsvm' to 'sklearn'.
2026-05-07 09:36:36,197:INFO:Soft dependency imported: xgboost: 1.7.6
2026-05-07 09:36:36,199:WARNING:
'catboost' is a soft dependency and not included in the pycaret installation. Please run: `pip install catboost` to install.
Alternately, you can install this by running `pip install pycaret[models]`
2026-05-07 09:36:36,234:INFO:Soft dependency imported: xgboost: 1.7.6
2026-05-07 09:36:36,235:WARNING:
'catboost' is a soft dependency and not included in the pycaret installation. Please run: `pip install catboost` to install.
Alternately, you can install this by running `pip install pycaret[models]`
2026-05-07 09:36:36,236:INFO:Preparing preprocessing pipeline...
2026-05-07 09:36:36,247:INFO:Set up simple imputation.
2026-05-07 09:36:36,277:INFO:Set up encoding of categorical features.
2026-05-07 09:36:36,880:INFO:Finished creating preprocessing pipeline.
2026-05-07 09:36:36,884:INFO:Pipeline: Pipeline(memory=FastMemory(location=/tmp/joblib),
         steps=[('numerical_imputer',
                 TransformerWrapper(exclude=None,
                                    include=['capacity_bytes', 'pod_slot_num',
                                             'smart_1_normalized',
                                             'smart_1_raw',
                                             'smart_2_normalized',
                                             'smart_2_raw',
                                             'smart_3_normalized',
                                             'smart_3_raw',
                                             'smart_4_normalized',
                                             'smart_4_raw',
                                             'smart_5_normalized',
                                             'smart_5_raw',
                                             'smart_7_normalized',
                                             'sma...
                                                              handle_missing='return_nan',
                                                              handle_unknown='value',
                                                              return_df=True,
                                                              use_cat_names=True,
                                                              verbose=0))),
                ('rest_encoding',
                 TransformerWrapper(exclude=None, include=['model'],
                                    transformer=TargetEncoder(cols=['model'],
                                                              drop_invariant=False,
                                                              handle_missing='return_nan',
                                                              handle_unknown='value',
                                                              hierarchy=None,
                                                              min_samples_leaf=20,
                                                              return_df=True,
                                                              smoothing=10,
                                                              verbose=0)))],
         verbose=False)
2026-05-07 09:36:36,884:INFO:Creating final display dataframe.
2026-05-07 09:36:37,754:INFO:Setup _display_container:                     Description             Value
0                    Session id                42
1                        Target           failure
2                   Target type            Binary
3           Original data shape     (100137, 101)
4        Transformed data shape     (100137, 105)
5   Transformed train set shape      (80109, 105)
6    Transformed test set shape      (20028, 105)
7              Numeric features                98
8          Categorical features                 2
9      Rows with missing values            100.0%
10                   Preprocess              True
11              Imputation type            simple
12           Numeric imputation              mean
13       Categorical imputation              mode
14     Maximum one-hot encoding                25
15              Encoding method              None
16               Fold Generator   StratifiedKFold
17                  Fold Number                 3
18                     CPU Jobs                -1
19                      Use GPU             False
20               Log Experiment             False
21              Experiment Name  clf-default-name
22                          USI              c245
2026-05-07 09:36:37,791:INFO:Soft dependency imported: xgboost: 1.7.6
2026-05-07 09:36:37,792:WARNING:
'catboost' is a soft dependency and not included in the pycaret installation. Please run: `pip install catboost` to install.
Alternately, you can install this by running `pip install pycaret[models]`
2026-05-07 09:36:37,828:INFO:Soft dependency imported: xgboost: 1.7.6
2026-05-07 09:36:37,829:WARNING:
'catboost' is a soft dependency and not included in the pycaret installation. Please run: `pip install catboost` to install.
Alternately, you can install this by running `pip install pycaret[models]`
2026-05-07 09:36:37,830:INFO:setup() successfully completed in 2.14s...............
2026-05-07 09:36:37,830:INFO:Initializing create_model()
2026-05-07 09:36:37,830:INFO:create_model(self=<pycaret.classification.oop.ClassificationExperiment object at 0x7f388086d570>, estimator=rf, fold=None, round=4, cross_validation=True, predict=True, fit_kwargs=None, groups=None, refit=True, probability_threshold=None, experiment_custom_tags=None, verbose=False, system=True, add_to_model_list=True, metrics=None, display=None, model_only=True, return_train_score=False, error_score=0.0, kwargs={})
2026-05-07 09:36:37,830:INFO:Checking exceptions
2026-05-07 09:36:37,830:INFO:Importing libraries
2026-05-07 09:36:37,830:INFO:Copying training dataset
2026-05-07 09:36:37,910:INFO:Defining folds
2026-05-07 09:36:37,910:INFO:Declaring metric variables
2026-05-07 09:36:37,911:INFO:Importing untrained model
2026-05-07 09:36:37,911:INFO:Random Forest Classifier Imported successfully
2026-05-07 09:36:37,911:INFO:Starting cross validation
2026-05-07 09:36:37,912:INFO:Cross validating with StratifiedKFold(n_splits=3, random_state=None, shuffle=False), n_jobs=-1
2026-05-07 09:36:39,229:WARNING:/home/yhz/miniconda3/envs/local_iot/lib/python3.10/site-packages/_distutils_hack/__init__.py:26: UserWarning: Setuptools is replacing distutils.
  warnings.warn("Setuptools is replacing distutils.")

2026-05-07 09:36:39,261:WARNING:/home/yhz/miniconda3/envs/local_iot/lib/python3.10/site-packages/_distutils_hack/__init__.py:26: UserWarning: Setuptools is replacing distutils.
  warnings.warn("Setuptools is replacing distutils.")

2026-05-07 09:36:39,286:WARNING:/home/yhz/miniconda3/envs/local_iot/lib/python3.10/site-packages/_distutils_hack/__init__.py:26: UserWarning: Setuptools is replacing distutils.
  warnings.warn("Setuptools is replacing distutils.")

2026-05-07 09:36:39,618:WARNING:/home/yhz/miniconda3/envs/local_iot/lib/python3.10/site-packages/sklearn/impute/_base.py:577: UserWarning: Skipping features without any observed values: ['smart_211_raw' 'smart_212_raw']. At least one non-missing value is needed for imputation with strategy='mean'.
  warnings.warn(

2026-05-07 09:36:40,807:WARNING:/home/yhz/miniconda3/envs/local_iot/lib/python3.10/site-packages/sklearn/impute/_base.py:577: UserWarning: Skipping features without any observed values: ['smart_211_raw' 'smart_212_raw']. At least one non-missing value is needed for imputation with strategy='mean'.
  warnings.warn(

2026-05-07 09:36:41,030:INFO:Calculating mean and std
2026-05-07 09:36:41,030:INFO:Creating metrics dataframe
2026-05-07 09:36:41,032:INFO:Finalizing model
2026-05-07 09:36:42,131:INFO:Uploading results into container
2026-05-07 09:36:42,132:INFO:Uploading model into container now
2026-05-07 09:36:42,132:INFO:_master_model_container: 1
2026-05-07 09:36:42,132:INFO:_display_container: 2
2026-05-07 09:36:42,133:INFO:RandomForestClassifier(bootstrap=True, ccp_alpha=0.0, class_weight=None,
                       criterion='gini', max_depth=None, max_features='sqrt',
                       max_leaf_nodes=None, max_samples=None,
                       min_impurity_decrease=0.0, min_samples_leaf=1,
                       min_samples_split=2, min_weight_fraction_leaf=0.0,
                       monotonic_cst=None, n_estimators=100, n_jobs=-1,
                       oob_score=False, random_state=42, verbose=0,
                       warm_start=False)
2026-05-07 09:36:42,133:INFO:create_model() successfully completed......................................
2026-05-07 09:36:42,303:INFO:Initializing tune_model()
2026-05-07 09:36:42,304:INFO:tune_model(estimator=RandomForestClassifier(bootstrap=True, ccp_alpha=0.0, class_weight=None,
                       criterion='gini', max_depth=None, max_features='sqrt',
                       max_leaf_nodes=None, max_samples=None,
                       min_impurity_decrease=0.0, min_samples_leaf=1,
                       min_samples_split=2, min_weight_fraction_leaf=0.0,
                       monotonic_cst=None, n_estimators=100, n_jobs=-1,
                       oob_score=False, random_state=42, verbose=0,
                       warm_start=False), fold=None, round=4, n_iter=10, custom_grid=None, optimize=F1, custom_scorer=None, search_library=scikit-learn, search_algorithm=None, early_stopping=False, early_stopping_max_iters=10, choose_better=True, fit_kwargs=None, groups=None, return_tuner=False, verbose=False, tuner_verbose=True, return_train_score=False, kwargs={}, self=<pycaret.classification.oop.ClassificationExperiment object at 0x7f388086d570>)
2026-05-07 09:36:42,304:INFO:Checking exceptions
2026-05-07 09:36:42,366:INFO:Copying training dataset
2026-05-07 09:36:42,419:INFO:Checking base model
2026-05-07 09:36:42,419:INFO:Base model : Random Forest Classifier
2026-05-07 09:36:42,419:INFO:Declaring metric variables
2026-05-07 09:36:42,419:INFO:Defining Hyperparameters
2026-05-07 09:36:42,570:INFO:Tuning with n_jobs=-1
2026-05-07 09:36:42,570:INFO:Initializing RandomizedSearchCV
2026-05-07 09:36:43,544:WARNING:/home/yhz/miniconda3/envs/local_iot/lib/python3.10/site-packages/_distutils_hack/__init__.py:26: UserWarning: Setuptools is replacing distutils.
  warnings.warn("Setuptools is replacing distutils.")

2026-05-07 09:36:43,706:WARNING:/home/yhz/miniconda3/envs/local_iot/lib/python3.10/site-packages/_distutils_hack/__init__.py:26: UserWarning: Setuptools is replacing distutils.
  warnings.warn("Setuptools is replacing distutils.")

2026-05-07 09:36:43,720:WARNING:/home/yhz/miniconda3/envs/local_iot/lib/python3.10/site-packages/_distutils_hack/__init__.py:26: UserWarning: Setuptools is replacing distutils.
  warnings.warn("Setuptools is replacing distutils.")

2026-05-07 09:36:43,763:WARNING:/home/yhz/miniconda3/envs/local_iot/lib/python3.10/site-packages/_distutils_hack/__init__.py:26: UserWarning: Setuptools is replacing distutils.
  warnings.warn("Setuptools is replacing distutils.")

2026-05-07 09:36:43,811:WARNING:/home/yhz/miniconda3/envs/local_iot/lib/python3.10/site-packages/_distutils_hack/__init__.py:26: UserWarning: Setuptools is replacing distutils.
  warnings.warn("Setuptools is replacing distutils.")

2026-05-07 09:36:43,811:WARNING:/home/yhz/miniconda3/envs/local_iot/lib/python3.10/site-packages/_distutils_hack/__init__.py:26: UserWarning: Setuptools is replacing distutils.
  warnings.warn("Setuptools is replacing distutils.")

2026-05-07 09:36:43,841:WARNING:/home/yhz/miniconda3/envs/local_iot/lib/python3.10/site-packages/_distutils_hack/__init__.py:26: UserWarning: Setuptools is replacing distutils.
  warnings.warn("Setuptools is replacing distutils.")

2026-05-07 09:36:44,109:WARNING:/home/yhz/miniconda3/envs/local_iot/lib/python3.10/site-packages/_distutils_hack/__init__.py:26: UserWarning: Setuptools is replacing distutils.
  warnings.warn("Setuptools is replacing distutils.")

2026-05-07 09:36:44,136:WARNING:/home/yhz/miniconda3/envs/local_iot/lib/python3.10/site-packages/_distutils_hack/__init__.py:26: UserWarning: Setuptools is replacing distutils.
  warnings.warn("Setuptools is replacing distutils.")

2026-05-07 09:36:44,180:WARNING:/home/yhz/miniconda3/envs/local_iot/lib/python3.10/site-packages/_distutils_hack/__init__.py:26: UserWarning: Setuptools is replacing distutils.
  warnings.warn("Setuptools is replacing distutils.")

2026-05-07 09:36:44,211:WARNING:/home/yhz/miniconda3/envs/local_iot/lib/python3.10/site-packages/_distutils_hack/__init__.py:26: UserWarning: Setuptools is replacing distutils.
  warnings.warn("Setuptools is replacing distutils.")

2026-05-07 09:36:44,253:WARNING:/home/yhz/miniconda3/envs/local_iot/lib/python3.10/site-packages/_distutils_hack/__init__.py:26: UserWarning: Setuptools is replacing distutils.
  warnings.warn("Setuptools is replacing distutils.")

2026-05-07 09:36:44,452:WARNING:/home/yhz/miniconda3/envs/local_iot/lib/python3.10/site-packages/sklearn/impute/_base.py:577: UserWarning: Skipping features without any observed values: ['smart_211_raw' 'smart_212_raw']. At least one non-missing value is needed for imputation with strategy='mean'.
  warnings.warn(

2026-05-07 09:36:44,527:WARNING:/home/yhz/miniconda3/envs/local_iot/lib/python3.10/site-packages/_distutils_hack/__init__.py:26: UserWarning: Setuptools is replacing distutils.
  warnings.warn("Setuptools is replacing distutils.")

2026-05-07 09:36:44,528:WARNING:/home/yhz/miniconda3/envs/local_iot/lib/python3.10/site-packages/sklearn/impute/_base.py:577: UserWarning: Skipping features without any observed values: ['smart_211_raw' 'smart_212_raw']. At least one non-missing value is needed for imputation with strategy='mean'.
  warnings.warn(

2026-05-07 09:36:44,547:WARNING:/home/yhz/miniconda3/envs/local_iot/lib/python3.10/site-packages/_distutils_hack/__init__.py:26: UserWarning: Setuptools is replacing distutils.
  warnings.warn("Setuptools is replacing distutils.")

2026-05-07 09:36:44,775:WARNING:/home/yhz/miniconda3/envs/local_iot/lib/python3.10/site-packages/sklearn/impute/_base.py:577: UserWarning: Skipping features without any observed values: ['smart_211_raw' 'smart_212_raw']. At least one non-missing value is needed for imputation with strategy='mean'.
  warnings.warn(

2026-05-07 09:36:44,899:WARNING:/home/yhz/miniconda3/envs/local_iot/lib/python3.10/site-packages/_distutils_hack/__init__.py:26: UserWarning: Setuptools is replacing distutils.
  warnings.warn("Setuptools is replacing distutils.")

2026-05-07 09:36:44,982:WARNING:/home/yhz/miniconda3/envs/local_iot/lib/python3.10/site-packages/_distutils_hack/__init__.py:26: UserWarning: Setuptools is replacing distutils.
  warnings.warn("Setuptools is replacing distutils.")

2026-05-07 09:36:45,004:WARNING:/home/yhz/miniconda3/envs/local_iot/lib/python3.10/site-packages/_distutils_hack/__init__.py:26: UserWarning: Setuptools is replacing distutils.
  warnings.warn("Setuptools is replacing distutils.")

2026-05-07 09:36:45,177:WARNING:/home/yhz/miniconda3/envs/local_iot/lib/python3.10/site-packages/_distutils_hack/__init__.py:26: UserWarning: Setuptools is replacing distutils.
  warnings.warn("Setuptools is replacing distutils.")

2026-05-07 09:36:45,534:WARNING:/home/yhz/miniconda3/envs/local_iot/lib/python3.10/site-packages/_distutils_hack/__init__.py:26: UserWarning: Setuptools is replacing distutils.
  warnings.warn("Setuptools is replacing distutils.")

2026-05-07 09:36:45,601:WARNING:/home/yhz/miniconda3/envs/local_iot/lib/python3.10/site-packages/sklearn/impute/_base.py:577: UserWarning: Skipping features without any observed values: ['smart_211_raw' 'smart_212_raw']. At least one non-missing value is needed for imputation with strategy='mean'.
  warnings.warn(

2026-05-07 09:36:45,826:WARNING:/home/yhz/miniconda3/envs/local_iot/lib/python3.10/site-packages/sklearn/impute/_base.py:577: UserWarning: Skipping features without any observed values: ['smart_211_raw' 'smart_212_raw']. At least one non-missing value is needed for imputation with strategy='mean'.
  warnings.warn(

2026-05-07 09:36:45,830:WARNING:/home/yhz/miniconda3/envs/local_iot/lib/python3.10/site-packages/_distutils_hack/__init__.py:26: UserWarning: Setuptools is replacing distutils.
  warnings.warn("Setuptools is replacing distutils.")

2026-05-07 09:36:45,928:WARNING:/home/yhz/miniconda3/envs/local_iot/lib/python3.10/site-packages/sklearn/impute/_base.py:577: UserWarning: Skipping features without any observed values: ['smart_211_raw' 'smart_212_raw']. At least one non-missing value is needed for imputation with strategy='mean'.
  warnings.warn(

2026-05-07 09:36:45,957:WARNING:/home/yhz/miniconda3/envs/local_iot/lib/python3.10/site-packages/_distutils_hack/__init__.py:26: UserWarning: Setuptools is replacing distutils.
  warnings.warn("Setuptools is replacing distutils.")

2026-05-07 09:36:45,977:WARNING:/home/yhz/miniconda3/envs/local_iot/lib/python3.10/site-packages/_distutils_hack/__init__.py:26: UserWarning: Setuptools is replacing distutils.
  warnings.warn("Setuptools is replacing distutils.")

2026-05-07 09:36:46,078:WARNING:/home/yhz/miniconda3/envs/local_iot/lib/python3.10/site-packages/_distutils_hack/__init__.py:26: UserWarning: Setuptools is replacing distutils.
  warnings.warn("Setuptools is replacing distutils.")

2026-05-07 09:36:46,701:WARNING:/home/yhz/miniconda3/envs/local_iot/lib/python3.10/site-packages/_distutils_hack/__init__.py:26: UserWarning: Setuptools is replacing distutils.
  warnings.warn("Setuptools is replacing distutils.")

2026-05-07 09:36:47,053:WARNING:/home/yhz/miniconda3/envs/local_iot/lib/python3.10/site-packages/_distutils_hack/__init__.py:26: UserWarning: Setuptools is replacing distutils.
  warnings.warn("Setuptools is replacing distutils.")

2026-05-07 09:36:48,373:WARNING:/home/yhz/miniconda3/envs/local_iot/lib/python3.10/site-packages/sklearn/impute/_base.py:577: UserWarning: Skipping features without any observed values: ['smart_211_raw' 'smart_212_raw']. At least one non-missing value is needed for imputation with strategy='mean'.
  warnings.warn(

2026-05-07 09:36:48,564:WARNING:/home/yhz/miniconda3/envs/local_iot/lib/python3.10/site-packages/_distutils_hack/__init__.py:26: UserWarning: Setuptools is replacing distutils.
  warnings.warn("Setuptools is replacing distutils.")

2026-05-07 09:36:48,826:WARNING:/home/yhz/miniconda3/envs/local_iot/lib/python3.10/site-packages/_distutils_hack/__init__.py:26: UserWarning: Setuptools is replacing distutils.
  warnings.warn("Setuptools is replacing distutils.")

2026-05-07 09:36:49,065:WARNING:/home/yhz/miniconda3/envs/local_iot/lib/python3.10/site-packages/_distutils_hack/__init__.py:26: UserWarning: Setuptools is replacing distutils.
  warnings.warn("Setuptools is replacing distutils.")

2026-05-07 09:36:49,492:WARNING:/home/yhz/miniconda3/envs/local_iot/lib/python3.10/site-packages/sklearn/impute/_base.py:577: UserWarning: Skipping features without any observed values: ['smart_211_raw' 'smart_212_raw']. At least one non-missing value is needed for imputation with strategy='mean'.
  warnings.warn(

2026-05-07 09:36:51,050:WARNING:/home/yhz/miniconda3/envs/local_iot/lib/python3.10/site-packages/sklearn/impute/_base.py:577: UserWarning: Skipping features without any observed values: ['smart_211_raw' 'smart_212_raw']. At least one non-missing value is needed for imputation with strategy='mean'.
  warnings.warn(

2026-05-07 09:36:51,447:WARNING:/home/yhz/miniconda3/envs/local_iot/lib/python3.10/site-packages/sklearn/impute/_base.py:577: UserWarning: Skipping features without any observed values: ['smart_211_raw' 'smart_212_raw']. At least one non-missing value is needed for imputation with strategy='mean'.
  warnings.warn(

2026-05-07 09:36:51,707:WARNING:/home/yhz/miniconda3/envs/local_iot/lib/python3.10/site-packages/_distutils_hack/__init__.py:26: UserWarning: Setuptools is replacing distutils.
  warnings.warn("Setuptools is replacing distutils.")

2026-05-07 09:36:51,834:WARNING:/home/yhz/miniconda3/envs/local_iot/lib/python3.10/site-packages/sklearn/impute/_base.py:577: UserWarning: Skipping features without any observed values: ['smart_211_raw' 'smart_212_raw']. At least one non-missing value is needed for imputation with strategy='mean'.
  warnings.warn(

2026-05-07 09:36:52,010:WARNING:/home/yhz/miniconda3/envs/local_iot/lib/python3.10/site-packages/sklearn/impute/_base.py:577: UserWarning: Skipping features without any observed values: ['smart_211_raw' 'smart_212_raw']. At least one non-missing value is needed for imputation with strategy='mean'.
  warnings.warn(

2026-05-07 09:36:52,049:WARNING:/home/yhz/miniconda3/envs/local_iot/lib/python3.10/site-packages/sklearn/impute/_base.py:577: UserWarning: Skipping features without any observed values: ['smart_211_raw' 'smart_212_raw']. At least one non-missing value is needed for imputation with strategy='mean'.
  warnings.warn(

2026-05-07 09:36:52,599:WARNING:/home/yhz/miniconda3/envs/local_iot/lib/python3.10/site-packages/sklearn/impute/_base.py:577: UserWarning: Skipping features without any observed values: ['smart_211_raw' 'smart_212_raw']. At least one non-missing value is needed for imputation with strategy='mean'.
  warnings.warn(

2026-05-07 09:36:54,154:WARNING:/home/yhz/miniconda3/envs/local_iot/lib/python3.10/site-packages/sklearn/impute/_base.py:577: UserWarning: Skipping features without any observed values: ['smart_211_raw' 'smart_212_raw']. At least one non-missing value is needed for imputation with strategy='mean'.
  warnings.warn(

2026-05-07 09:36:54,903:WARNING:/home/yhz/miniconda3/envs/local_iot/lib/python3.10/site-packages/sklearn/impute/_base.py:577: UserWarning: Skipping features without any observed values: ['smart_211_raw' 'smart_212_raw']. At least one non-missing value is needed for imputation with strategy='mean'.
  warnings.warn(

2026-05-07 09:36:58,126:WARNING:/home/yhz/miniconda3/envs/local_iot/lib/python3.10/site-packages/sklearn/impute/_base.py:577: UserWarning: Skipping features without any observed values: ['smart_211_raw' 'smart_212_raw']. At least one non-missing value is needed for imputation with strategy='mean'.
  warnings.warn(

2026-05-07 09:36:58,291:WARNING:/home/yhz/miniconda3/envs/local_iot/lib/python3.10/site-packages/sklearn/impute/_base.py:577: UserWarning: Skipping features without any observed values: ['smart_211_raw' 'smart_212_raw']. At least one non-missing value is needed for imputation with strategy='mean'.
  warnings.warn(

2026-05-07 09:36:58,389:WARNING:/home/yhz/miniconda3/envs/local_iot/lib/python3.10/site-packages/sklearn/impute/_base.py:577: UserWarning: Skipping features without any observed values: ['smart_211_raw' 'smart_212_raw']. At least one non-missing value is needed for imputation with strategy='mean'.
  warnings.warn(

2026-05-07 09:37:00,329:WARNING:/home/yhz/miniconda3/envs/local_iot/lib/python3.10/site-packages/sklearn/impute/_base.py:577: UserWarning: Skipping features without any observed values: ['smart_211_raw' 'smart_212_raw']. At least one non-missing value is needed for imputation with strategy='mean'.
  warnings.warn(

2026-05-07 09:37:00,660:INFO:best_params: {'actual_estimator__n_estimators': 120, 'actual_estimator__min_samples_split': 5, 'actual_estimator__min_samples_leaf': 6, 'actual_estimator__min_impurity_decrease': 0, 'actual_estimator__max_features': 'sqrt', 'actual_estimator__max_depth': 9, 'actual_estimator__criterion': 'gini', 'actual_estimator__class_weight': {}, 'actual_estimator__bootstrap': True}
2026-05-07 09:37:00,661:INFO:Hyperparameter search completed
2026-05-07 09:37:00,661:INFO:SubProcess create_model() called ==================================
2026-05-07 09:37:00,662:INFO:Initializing create_model()
2026-05-07 09:37:00,662:INFO:create_model(self=<pycaret.classification.oop.ClassificationExperiment object at 0x7f388086d570>, estimator=RandomForestClassifier(bootstrap=True, ccp_alpha=0.0, class_weight=None,
                       criterion='gini', max_depth=None, max_features='sqrt',
                       max_leaf_nodes=None, max_samples=None,
                       min_impurity_decrease=0.0, min_samples_leaf=1,
                       min_samples_split=2, min_weight_fraction_leaf=0.0,
                       monotonic_cst=None, n_estimators=100, n_jobs=-1,
                       oob_score=False, random_state=42, verbose=0,
                       warm_start=False), fold=StratifiedKFold(n_splits=3, random_state=None, shuffle=False), round=4, cross_validation=True, predict=True, fit_kwargs={}, groups=None, refit=True, probability_threshold=None, experiment_custom_tags=None, verbose=True, system=False, add_to_model_list=True, metrics=None, display=<pycaret.internal.display.display.CommonDisplay object at 0x7f35af3a2f80>, model_only=True, return_train_score=False, error_score=0.0, kwargs={'n_estimators': 120, 'min_samples_split': 5, 'min_samples_leaf': 6, 'min_impurity_decrease': 0, 'max_features': 'sqrt', 'max_depth': 9, 'criterion': 'gini', 'class_weight': {}, 'bootstrap': True})
2026-05-07 09:37:00,662:INFO:Checking exceptions
2026-05-07 09:37:00,662:INFO:Importing libraries
2026-05-07 09:37:00,662:INFO:Copying training dataset
2026-05-07 09:37:00,755:INFO:Defining folds
2026-05-07 09:37:00,755:INFO:Declaring metric variables
2026-05-07 09:37:00,755:INFO:Importing untrained model
2026-05-07 09:37:00,755:INFO:Declaring custom model
2026-05-07 09:37:00,755:INFO:Random Forest Classifier Imported successfully
2026-05-07 09:37:00,755:INFO:Starting cross validation
2026-05-07 09:37:00,756:INFO:Cross validating with StratifiedKFold(n_splits=3, random_state=None, shuffle=False), n_jobs=-1
2026-05-07 09:37:01,067:WARNING:/home/yhz/miniconda3/envs/local_iot/lib/python3.10/site-packages/sklearn/impute/_base.py:577: UserWarning: Skipping features without any observed values: ['smart_211_raw' 'smart_212_raw']. At least one non-missing value is needed for imputation with strategy='mean'.
  warnings.warn(

2026-05-07 09:37:02,129:WARNING:/home/yhz/miniconda3/envs/local_iot/lib/python3.10/site-packages/sklearn/impute/_base.py:577: UserWarning: Skipping features without any observed values: ['smart_211_raw' 'smart_212_raw']. At least one non-missing value is needed for imputation with strategy='mean'.
  warnings.warn(

2026-05-07 09:37:02,326:INFO:Calculating mean and std
2026-05-07 09:37:02,327:INFO:Creating metrics dataframe
2026-05-07 09:37:02,328:INFO:Finalizing model
2026-05-07 09:37:03,300:INFO:Uploading results into container
2026-05-07 09:37:03,301:INFO:Uploading model into container now
2026-05-07 09:37:03,301:INFO:_master_model_container: 2
2026-05-07 09:37:03,301:INFO:_display_container: 3
2026-05-07 09:37:03,302:INFO:RandomForestClassifier(bootstrap=True, ccp_alpha=0.0, class_weight={},
                       criterion='gini', max_depth=9, max_features='sqrt',
                       max_leaf_nodes=None, max_samples=None,
                       min_impurity_decrease=0, min_samples_leaf=6,
                       min_samples_split=5, min_weight_fraction_leaf=0.0,
                       monotonic_cst=None, n_estimators=120, n_jobs=-1,
                       oob_score=False, random_state=42, verbose=0,
                       warm_start=False)
2026-05-07 09:37:03,302:INFO:create_model() successfully completed......................................
2026-05-07 09:37:03,449:INFO:SubProcess create_model() end ==================================
2026-05-07 09:37:03,449:INFO:choose_better activated
2026-05-07 09:37:03,449:INFO:SubProcess create_model() called ==================================
2026-05-07 09:37:03,450:INFO:Initializing create_model()
2026-05-07 09:37:03,450:INFO:create_model(self=<pycaret.classification.oop.ClassificationExperiment object at 0x7f388086d570>, estimator=RandomForestClassifier(bootstrap=True, ccp_alpha=0.0, class_weight=None,
                       criterion='gini', max_depth=None, max_features='sqrt',
                       max_leaf_nodes=None, max_samples=None,
                       min_impurity_decrease=0.0, min_samples_leaf=1,
                       min_samples_split=2, min_weight_fraction_leaf=0.0,
                       monotonic_cst=None, n_estimators=100, n_jobs=-1,
                       oob_score=False, random_state=42, verbose=0,
                       warm_start=False), fold=StratifiedKFold(n_splits=3, random_state=None, shuffle=False), round=4, cross_validation=True, predict=True, fit_kwargs={}, groups=None, refit=True, probability_threshold=None, experiment_custom_tags=None, verbose=False, system=False, add_to_model_list=True, metrics=None, display=None, model_only=True, return_train_score=False, error_score=0.0, kwargs={})
2026-05-07 09:37:03,450:INFO:Checking exceptions
2026-05-07 09:37:03,450:INFO:Importing libraries
2026-05-07 09:37:03,451:INFO:Copying training dataset
2026-05-07 09:37:03,537:INFO:Defining folds
2026-05-07 09:37:03,537:INFO:Declaring metric variables
2026-05-07 09:37:03,537:INFO:Importing untrained model
2026-05-07 09:37:03,537:INFO:Declaring custom model
2026-05-07 09:37:03,537:INFO:Random Forest Classifier Imported successfully
2026-05-07 09:37:03,537:INFO:Starting cross validation
2026-05-07 09:37:03,538:INFO:Cross validating with StratifiedKFold(n_splits=3, random_state=None, shuffle=False), n_jobs=-1
2026-05-07 09:37:03,847:WARNING:/home/yhz/miniconda3/envs/local_iot/lib/python3.10/site-packages/sklearn/impute/_base.py:577: UserWarning: Skipping features without any observed values: ['smart_211_raw' 'smart_212_raw']. At least one non-missing value is needed for imputation with strategy='mean'.
  warnings.warn(

2026-05-07 09:37:05,000:WARNING:/home/yhz/miniconda3/envs/local_iot/lib/python3.10/site-packages/sklearn/impute/_base.py:577: UserWarning: Skipping features without any observed values: ['smart_211_raw' 'smart_212_raw']. At least one non-missing value is needed for imputation with strategy='mean'.
  warnings.warn(

2026-05-07 09:37:05,210:INFO:Calculating mean and std
2026-05-07 09:37:05,210:INFO:Creating metrics dataframe
2026-05-07 09:37:05,211:INFO:Finalizing model
2026-05-07 09:37:06,317:INFO:Uploading results into container
2026-05-07 09:37:06,318:INFO:Uploading model into container now
2026-05-07 09:37:06,318:INFO:_master_model_container: 3
2026-05-07 09:37:06,318:INFO:_display_container: 4
2026-05-07 09:37:06,318:INFO:RandomForestClassifier(bootstrap=True, ccp_alpha=0.0, class_weight=None,
                       criterion='gini', max_depth=None, max_features='sqrt',
                       max_leaf_nodes=None, max_samples=None,
                       min_impurity_decrease=0.0, min_samples_leaf=1,
                       min_samples_split=2, min_weight_fraction_leaf=0.0,
                       monotonic_cst=None, n_estimators=100, n_jobs=-1,
                       oob_score=False, random_state=42, verbose=0,
                       warm_start=False)
2026-05-07 09:37:06,318:INFO:create_model() successfully completed......................................
2026-05-07 09:37:06,466:INFO:SubProcess create_model() end ==================================
2026-05-07 09:37:06,467:INFO:RandomForestClassifier(bootstrap=True, ccp_alpha=0.0, class_weight=None,
                       criterion='gini', max_depth=None, max_features='sqrt',
                       max_leaf_nodes=None, max_samples=None,
                       min_impurity_decrease=0.0, min_samples_leaf=1,
                       min_samples_split=2, min_weight_fraction_leaf=0.0,
                       monotonic_cst=None, n_estimators=100, n_jobs=-1,
                       oob_score=False, random_state=42, verbose=0,
                       warm_start=False) result for F1 is 0.4807
2026-05-07 09:37:06,467:INFO:RandomForestClassifier(bootstrap=True, ccp_alpha=0.0, class_weight={},
                       criterion='gini', max_depth=9, max_features='sqrt',
                       max_leaf_nodes=None, max_samples=None,
                       min_impurity_decrease=0, min_samples_leaf=6,
                       min_samples_split=5, min_weight_fraction_leaf=0.0,
                       monotonic_cst=None, n_estimators=120, n_jobs=-1,
                       oob_score=False, random_state=42, verbose=0,
                       warm_start=False) result for F1 is 0.2297
2026-05-07 09:37:06,467:INFO:RandomForestClassifier(bootstrap=True, ccp_alpha=0.0, class_weight=None,
                       criterion='gini', max_depth=None, max_features='sqrt',
                       max_leaf_nodes=None, max_samples=None,
                       min_impurity_decrease=0.0, min_samples_leaf=1,
                       min_samples_split=2, min_weight_fraction_leaf=0.0,
                       monotonic_cst=None, n_estimators=100, n_jobs=-1,
                       oob_score=False, random_state=42, verbose=0,
                       warm_start=False) is best model
2026-05-07 09:37:06,467:INFO:choose_better completed
2026-05-07 09:37:06,467:INFO:Original model was better than the tuned model, hence it will be returned. NOTE: The display metrics are for the tuned model (not the original one).
2026-05-07 09:37:06,468:INFO:_master_model_container: 3
2026-05-07 09:37:06,468:INFO:_display_container: 3
2026-05-07 09:37:06,468:INFO:RandomForestClassifier(bootstrap=True, ccp_alpha=0.0, class_weight=None,
                       criterion='gini', max_depth=None, max_features='sqrt',
                       max_leaf_nodes=None, max_samples=None,
                       min_impurity_decrease=0.0, min_samples_leaf=1,
                       min_samples_split=2, min_weight_fraction_leaf=0.0,
                       monotonic_cst=None, n_estimators=100, n_jobs=-1,
                       oob_score=False, random_state=42, verbose=0,
                       warm_start=False)
2026-05-07 09:37:06,468:INFO:tune_model() successfully completed......................................
2026-05-07 09:37:06,625:INFO:Initializing save_model()
2026-05-07 09:37:06,625:INFO:save_model(model=RandomForestClassifier(bootstrap=True, ccp_alpha=0.0, class_weight=None,
                       criterion='gini', max_depth=None, max_features='sqrt',
                       max_leaf_nodes=None, max_samples=None,
                       min_impurity_decrease=0.0, min_samples_leaf=1,
                       min_samples_split=2, min_weight_fraction_leaf=0.0,
                       monotonic_cst=None, n_estimators=100, n_jobs=-1,
                       oob_score=False, random_state=42, verbose=0,
                       warm_start=False), model_name=./storage/trained_models/latest/rf, prep_pipe_=Pipeline(memory=FastMemory(location=/tmp/joblib),
         steps=[('numerical_imputer',
                 TransformerWrapper(exclude=None,
                                    include=['capacity_bytes', 'pod_slot_num',
                                             'smart_1_normalized',
                                             'smart_1_raw',
                                             'smart_2_normalized',
                                             'smart_2_raw',
                                             'smart_3_normalized',
                                             'smart_3_raw',
                                             'smart_4_normalized',
                                             'smart_4_raw',
                                             'smart_5_normalized',
                                             'smart_5_raw',
                                             'smart_7_normalized',
                                             'sma...
                                                              handle_missing='return_nan',
                                                              handle_unknown='value',
                                                              return_df=True,
                                                              use_cat_names=True,
                                                              verbose=0))),
                ('rest_encoding',
                 TransformerWrapper(exclude=None, include=['model'],
                                    transformer=TargetEncoder(cols=['model'],
                                                              drop_invariant=False,
                                                              handle_missing='return_nan',
                                                              handle_unknown='value',
                                                              hierarchy=None,
                                                              min_samples_leaf=20,
                                                              return_df=True,
                                                              smoothing=10,
                                                              verbose=0)))],
         verbose=False), verbose=True, use_case=MLUsecase.CLASSIFICATION, kwargs={})
2026-05-07 09:37:06,625:INFO:Adding model into prep_pipe
2026-05-07 09:37:06,653:INFO:./storage/trained_models/latest/rf.pkl saved in current working directory
2026-05-07 09:37:06,658:INFO:Pipeline(memory=Memory(location=None),
         steps=[('numerical_imputer',
                 TransformerWrapper(exclude=None,
                                    include=['capacity_bytes', 'pod_slot_num',
                                             'smart_1_normalized',
                                             'smart_1_raw',
                                             'smart_2_normalized',
                                             'smart_2_raw',
                                             'smart_3_normalized',
                                             'smart_3_raw',
                                             'smart_4_normalized',
                                             'smart_4_raw',
                                             'smart_5_normalized',
                                             'smart_5_raw',
                                             'smart_7_normalized',
                                             'smart_7_raw',
                                             '...
                 RandomForestClassifier(bootstrap=True, ccp_alpha=0.0,
                                        class_weight=None, criterion='gini',
                                        max_depth=None, max_features='sqrt',
                                        max_leaf_nodes=None, max_samples=None,
                                        min_impurity_decrease=0.0,
                                        min_samples_leaf=1, min_samples_split=2,
                                        min_weight_fraction_leaf=0.0,
                                        monotonic_cst=None, n_estimators=100,
                                        n_jobs=-1, oob_score=False,
                                        random_state=42, verbose=0,
                                        warm_start=False))],
         verbose=False)
2026-05-07 09:37:06,658:INFO:save_model() successfully completed......................................
2026-05-07 09:37:11,151:WARNING:/home/yhz/local_iot/ludwig/ludwig/hyperopt/utils.py:204: RuntimeWarning: All hyperopt parameters in Ludwig config are using grid_search space, but number of samples (2) is greater than 1. This will result in 1 duplicate trials being created. Consider setting `num_samples` to 1 in the hyperopt executor to prevent trial duplication.
  warnings.warn(

2026-05-07 09:37:20,072:WARNING:/home/yhz/miniconda3/envs/local_iot/lib/python3.10/site-packages/ray/tune/experiment/experiment.py:170: UserWarning: The `local_dir` argument of `Experiment is deprecated. Use `storage_path` or set the `TUNE_RESULT_DIR` environment variable instead.
  warnings.warn(

2026-05-07 11:00:30,485:WARNING:
'cuml' is a soft dependency and not included in the pycaret installation. Please run: `pip install cuml` to install.
2026-05-07 11:00:30,485:WARNING:
'cuml' is a soft dependency and not included in the pycaret installation. Please run: `pip install cuml` to install.
2026-05-07 11:00:30,485:WARNING:
'cuml' is a soft dependency and not included in the pycaret installation. Please run: `pip install cuml` to install.
2026-05-07 11:00:30,485:WARNING:
'cuml' is a soft dependency and not included in the pycaret installation. Please run: `pip install cuml` to install.
2026-05-07 11:01:03,886:WARNING:/home/yhz/local_iot/banckend/main.py:462: UserWarning: The argument 'infer_datetime_format' is deprecated and will be removed in a future version. A strict version of it is now the default, see https://pandas.pydata.org/pdeps/0004-consistent-to-datetime-parsing.html. You can safely remove this argument.
  parsed = pd.to_datetime(s.astype(str), errors="coerce", utc=True, infer_datetime_format=True)

2026-05-07 11:01:03,887:WARNING:/home/yhz/local_iot/banckend/main.py:462: UserWarning: Could not infer format, so each element will be parsed individually, falling back to `dateutil`. To ensure parsing is consistent and as-expected, please specify a format.
  parsed = pd.to_datetime(s.astype(str), errors="coerce", utc=True, infer_datetime_format=True)

2026-05-07 11:01:03,942:WARNING:/home/yhz/local_iot/banckend/main.py:462: UserWarning: The argument 'infer_datetime_format' is deprecated and will be removed in a future version. A strict version of it is now the default, see https://pandas.pydata.org/pdeps/0004-consistent-to-datetime-parsing.html. You can safely remove this argument.
  parsed = pd.to_datetime(s.astype(str), errors="coerce", utc=True, infer_datetime_format=True)

2026-05-07 11:01:03,943:WARNING:/home/yhz/local_iot/banckend/main.py:462: UserWarning: Could not infer format, so each element will be parsed individually, falling back to `dateutil`. To ensure parsing is consistent and as-expected, please specify a format.
  parsed = pd.to_datetime(s.astype(str), errors="coerce", utc=True, infer_datetime_format=True)

2026-05-07 11:01:03,948:WARNING:/home/yhz/local_iot/banckend/main.py:462: UserWarning: The argument 'infer_datetime_format' is deprecated and will be removed in a future version. A strict version of it is now the default, see https://pandas.pydata.org/pdeps/0004-consistent-to-datetime-parsing.html. You can safely remove this argument.
  parsed = pd.to_datetime(s.astype(str), errors="coerce", utc=True, infer_datetime_format=True)

2026-05-07 11:01:03,949:WARNING:/home/yhz/local_iot/banckend/main.py:462: UserWarning: Could not infer format, so each element will be parsed individually, falling back to `dateutil`. To ensure parsing is consistent and as-expected, please specify a format.
  parsed = pd.to_datetime(s.astype(str), errors="coerce", utc=True, infer_datetime_format=True)

2026-05-07 11:01:04,110:INFO:PyCaret ClassificationExperiment
2026-05-07 11:01:04,110:INFO:Logging name: clf-default-name
2026-05-07 11:01:04,110:INFO:ML Usecase: MLUsecase.CLASSIFICATION
2026-05-07 11:01:04,110:INFO:version 3.4.0
2026-05-07 11:01:04,110:INFO:Initializing setup()
2026-05-07 11:01:04,110:INFO:self.USI: cd03
2026-05-07 11:01:04,110:INFO:self._variable_keys: {'gpu_param', 'pipeline', 'X', 'log_plots_param', 'fold_shuffle_param', 'n_jobs_param', 'y_train', 'html_param', 'target_param', 'fold_generator', 'X_test', 'y', '_available_plots', 'gpu_n_jobs_param', 'seed', 'X_train', 'data', 'is_multiclass', 'USI', 'y_test', 'logging_param', 'memory', 'fold_groups_param', 'idx', 'exp_name_log', '_ml_usecase', 'fix_imbalance', 'exp_id'}
2026-05-07 11:01:04,110:INFO:Checking environment
2026-05-07 11:01:04,110:INFO:python_version: 3.10.20
2026-05-07 11:01:04,110:INFO:python_build: ('main', 'Mar 11 2026 17:46:40')
2026-05-07 11:01:04,110:INFO:machine: x86_64
2026-05-07 11:01:04,110:INFO:platform: Linux-5.15.0-139-generic-x86_64-with-glibc2.31
2026-05-07 11:01:04,110:INFO:Memory: svmem(total=33242705920, available=18894311424, percent=43.2, used=13846855680, free=10720702464, active=2531303424, inactive=18134028288, buffers=523448320, cached=8151699456, shared=22634496, slab=966062080)
2026-05-07 11:01:04,111:INFO:Physical Core: 24
2026-05-07 11:01:04,111:INFO:Logical Core: 32
2026-05-07 11:01:04,111:INFO:Checking libraries
2026-05-07 11:01:04,111:INFO:System:
2026-05-07 11:01:04,111:INFO:    python: 3.10.20 (main, Mar 11 2026, 17:46:40) [GCC 14.3.0]
2026-05-07 11:01:04,111:INFO:executable: /home/yhz/miniconda3/envs/local_iot/bin/python
2026-05-07 11:01:04,111:INFO:   machine: Linux-5.15.0-139-generic-x86_64-with-glibc2.31
2026-05-07 11:01:04,111:INFO:PyCaret required dependencies:
2026-05-07 11:01:04,112:WARNING:/home/yhz/miniconda3/envs/local_iot/lib/python3.10/site-packages/_distutils_hack/__init__.py:26: UserWarning: Setuptools is replacing distutils.
  warnings.warn("Setuptools is replacing distutils.")

2026-05-07 11:01:04,114:INFO:                 pip: 26.0.1
2026-05-07 11:01:04,114:INFO:          setuptools: 69.5.1
2026-05-07 11:01:04,114:INFO:             pycaret: 3.4.0
2026-05-07 11:01:04,114:INFO:             IPython: 8.39.0
2026-05-07 11:01:04,114:INFO:          ipywidgets: 8.1.8
2026-05-07 11:01:04,114:INFO:                tqdm: 4.67.3
2026-05-07 11:01:04,114:INFO:               numpy: 1.26.4
2026-05-07 11:01:04,115:INFO:              pandas: 2.1.3
2026-05-07 11:01:04,115:INFO:              jinja2: 3.1.6
2026-05-07 11:01:04,115:INFO:               scipy: 1.11.4
2026-05-07 11:01:04,115:INFO:              joblib: 1.4.2
2026-05-07 11:01:04,115:INFO:             sklearn: 1.4.2
2026-05-07 11:01:04,115:INFO:                pyod: 2.0.7
2026-05-07 11:01:04,115:INFO:            imblearn: 0.13.0
2026-05-07 11:01:04,115:INFO:   category_encoders: 2.7.0
2026-05-07 11:01:04,115:INFO:            lightgbm: 4.6.0
2026-05-07 11:01:04,115:INFO:               numba: 0.65.0
2026-05-07 11:01:04,115:INFO:            requests: 2.33.1
2026-05-07 11:01:04,115:INFO:          matplotlib: 3.7.5
2026-05-07 11:01:04,115:INFO:          scikitplot: 0.3.12
2026-05-07 11:01:04,115:INFO:         yellowbrick: 1.5
2026-05-07 11:01:04,115:INFO:              plotly: 6.6.0
2026-05-07 11:01:04,115:INFO:    plotly-resampler: Not installed
2026-05-07 11:01:04,115:INFO:             kaleido: 1.2.0
2026-05-07 11:01:04,115:INFO:           schemdraw: 0.15
2026-05-07 11:01:04,115:INFO:         statsmodels: 0.14.6
2026-05-07 11:01:04,115:INFO:              sktime: 0.31.0
2026-05-07 11:01:04,115:INFO:               tbats: 1.1.3
2026-05-07 11:01:04,115:INFO:            pmdarima: 2.0.4
2026-05-07 11:01:04,115:INFO:              psutil: 5.9.4
2026-05-07 11:01:04,115:INFO:          markupsafe: 3.0.3
2026-05-07 11:01:04,115:INFO:             pickle5: Not installed
2026-05-07 11:01:04,115:INFO:         cloudpickle: 3.1.2
2026-05-07 11:01:04,115:INFO:         deprecation: 2.1.0
2026-05-07 11:01:04,115:INFO:              xxhash: 3.6.0
2026-05-07 11:01:04,115:INFO:           wurlitzer: 3.1.1
2026-05-07 11:01:04,115:INFO:PyCaret optional dependencies:
2026-05-07 11:01:04,120:INFO:                shap: Not installed
2026-05-07 11:01:04,120:INFO:           interpret: Not installed
2026-05-07 11:01:04,120:INFO:                umap: Not installed
2026-05-07 11:01:04,120:INFO:     ydata_profiling: Not installed
2026-05-07 11:01:04,120:INFO:  explainerdashboard: Not installed
2026-05-07 11:01:04,120:INFO:             autoviz: Not installed
2026-05-07 11:01:04,120:INFO:           fairlearn: Not installed
2026-05-07 11:01:04,120:INFO:          deepchecks: Not installed
2026-05-07 11:01:04,120:INFO:             xgboost: 1.7.6
2026-05-07 11:01:04,120:INFO:            catboost: Not installed
2026-05-07 11:01:04,120:INFO:              kmodes: Not installed
2026-05-07 11:01:04,120:INFO:             mlxtend: Not installed
2026-05-07 11:01:04,120:INFO:       statsforecast: Not installed
2026-05-07 11:01:04,120:INFO:        tune_sklearn: Not installed
2026-05-07 11:01:04,120:INFO:                 ray: 2.4.0
2026-05-07 11:01:04,120:INFO:            hyperopt: 0.2.7
2026-05-07 11:01:04,120:INFO:              optuna: Not installed
2026-05-07 11:01:04,120:INFO:               skopt: Not installed
2026-05-07 11:01:04,120:INFO:              mlflow: Not installed
2026-05-07 11:01:04,120:INFO:              gradio: Not installed
2026-05-07 11:01:04,120:INFO:             fastapi: 0.104.1
2026-05-07 11:01:04,120:INFO:             uvicorn: 0.24.0
2026-05-07 11:01:04,120:INFO:              m2cgen: Not installed
2026-05-07 11:01:04,120:INFO:           evidently: Not installed
2026-05-07 11:01:04,120:INFO:               fugue: Not installed
2026-05-07 11:01:04,120:INFO:           streamlit: Not installed
2026-05-07 11:01:04,120:INFO:             prophet: Not installed
2026-05-07 11:01:04,120:INFO:None
2026-05-07 11:01:04,120:INFO:Set up data.
2026-05-07 11:01:04,238:INFO:Set up folding strategy.
2026-05-07 11:01:04,238:INFO:Set up train/test split.
2026-05-07 11:01:04,312:INFO:Set up index.
2026-05-07 11:01:04,313:INFO:Assigning column types.
2026-05-07 11:01:04,389:INFO:Engine successfully changes for model 'lr' to 'sklearn'.
2026-05-07 11:01:04,411:INFO:Engine for model 'knn' has not been set explicitly, hence returning None.
2026-05-07 11:01:04,412:INFO:Engine for model 'rbfsvm' has not been set explicitly, hence returning None.
2026-05-07 11:01:04,429:INFO:Soft dependency imported: xgboost: 1.7.6
2026-05-07 11:01:04,460:WARNING:
'catboost' is a soft dependency and not included in the pycaret installation. Please run: `pip install catboost` to install.
Alternately, you can install this by running `pip install pycaret[models]`
2026-05-07 11:01:04,482:INFO:Engine for model 'knn' has not been set explicitly, hence returning None.
2026-05-07 11:01:04,483:INFO:Engine for model 'rbfsvm' has not been set explicitly, hence returning None.
2026-05-07 11:01:04,496:INFO:Soft dependency imported: xgboost: 1.7.6
2026-05-07 11:01:04,498:WARNING:
'catboost' is a soft dependency and not included in the pycaret installation. Please run: `pip install catboost` to install.
Alternately, you can install this by running `pip install pycaret[models]`
2026-05-07 11:01:04,498:INFO:Engine successfully changes for model 'knn' to 'sklearn'.
2026-05-07 11:01:04,521:INFO:Engine for model 'rbfsvm' has not been set explicitly, hence returning None.
2026-05-07 11:01:04,534:INFO:Soft dependency imported: xgboost: 1.7.6
2026-05-07 11:01:04,536:WARNING:
'catboost' is a soft dependency and not included in the pycaret installation. Please run: `pip install catboost` to install.
Alternately, you can install this by running `pip install pycaret[models]`
2026-05-07 11:01:04,558:INFO:Engine for model 'rbfsvm' has not been set explicitly, hence returning None.
2026-05-07 11:01:04,571:INFO:Soft dependency imported: xgboost: 1.7.6
2026-05-07 11:01:04,573:WARNING:
'catboost' is a soft dependency and not included in the pycaret installation. Please run: `pip install catboost` to install.
Alternately, you can install this by running `pip install pycaret[models]`
2026-05-07 11:01:04,573:INFO:Engine successfully changes for model 'rbfsvm' to 'sklearn'.
2026-05-07 11:01:04,609:INFO:Soft dependency imported: xgboost: 1.7.6
2026-05-07 11:01:04,610:WARNING:
'catboost' is a soft dependency and not included in the pycaret installation. Please run: `pip install catboost` to install.
Alternately, you can install this by running `pip install pycaret[models]`
2026-05-07 11:01:04,646:INFO:Soft dependency imported: xgboost: 1.7.6
2026-05-07 11:01:04,647:WARNING:
'catboost' is a soft dependency and not included in the pycaret installation. Please run: `pip install catboost` to install.
Alternately, you can install this by running `pip install pycaret[models]`
2026-05-07 11:01:04,648:INFO:Preparing preprocessing pipeline...
2026-05-07 11:01:04,658:INFO:Set up simple imputation.
2026-05-07 11:01:04,688:INFO:Set up encoding of categorical features.
2026-05-07 11:01:05,283:INFO:Finished creating preprocessing pipeline.
2026-05-07 11:01:05,287:INFO:Pipeline: Pipeline(memory=FastMemory(location=/tmp/joblib),
         steps=[('numerical_imputer',
                 TransformerWrapper(exclude=None,
                                    include=['capacity_bytes', 'pod_slot_num',
                                             'smart_1_normalized',
                                             'smart_1_raw',
                                             'smart_2_normalized',
                                             'smart_2_raw',
                                             'smart_3_normalized',
                                             'smart_3_raw',
                                             'smart_4_normalized',
                                             'smart_4_raw',
                                             'smart_5_normalized',
                                             'smart_5_raw',
                                             'smart_7_normalized',
                                             'sma...
                                                              handle_missing='return_nan',
                                                              handle_unknown='value',
                                                              return_df=True,
                                                              use_cat_names=True,
                                                              verbose=0))),
                ('rest_encoding',
                 TransformerWrapper(exclude=None, include=['model'],
                                    transformer=TargetEncoder(cols=['model'],
                                                              drop_invariant=False,
                                                              handle_missing='return_nan',
                                                              handle_unknown='value',
                                                              hierarchy=None,
                                                              min_samples_leaf=20,
                                                              return_df=True,
                                                              smoothing=10,
                                                              verbose=0)))],
         verbose=False)
2026-05-07 11:01:05,287:INFO:Creating final display dataframe.
2026-05-07 11:01:06,148:INFO:Setup _display_container:                     Description             Value
0                    Session id                42
1                        Target           failure
2                   Target type            Binary
3           Original data shape     (100054, 100)
4        Transformed data shape     (100054, 104)
5   Transformed train set shape      (80043, 104)
6    Transformed test set shape      (20011, 104)
7              Numeric features                97
8          Categorical features                 2
9      Rows with missing values            100.0%
10                   Preprocess              True
11              Imputation type            simple
12           Numeric imputation              mean
13       Categorical imputation              mode
14     Maximum one-hot encoding                25
15              Encoding method              None
16               Fold Generator   StratifiedKFold
17                  Fold Number                 3
18                     CPU Jobs                -1
19                      Use GPU             False
20               Log Experiment             False
21              Experiment Name  clf-default-name
22                          USI              cd03
2026-05-07 11:01:06,185:INFO:Soft dependency imported: xgboost: 1.7.6
2026-05-07 11:01:06,186:WARNING:
'catboost' is a soft dependency and not included in the pycaret installation. Please run: `pip install catboost` to install.
Alternately, you can install this by running `pip install pycaret[models]`
2026-05-07 11:01:06,222:INFO:Soft dependency imported: xgboost: 1.7.6
2026-05-07 11:01:06,224:WARNING:
'catboost' is a soft dependency and not included in the pycaret installation. Please run: `pip install catboost` to install.
Alternately, you can install this by running `pip install pycaret[models]`
2026-05-07 11:01:06,224:INFO:setup() successfully completed in 2.11s...............
2026-05-07 11:01:06,224:INFO:Initializing create_model()
2026-05-07 11:01:06,225:INFO:create_model(self=<pycaret.classification.oop.ClassificationExperiment object at 0x7fb65ce368c0>, estimator=nb, fold=None, round=4, cross_validation=True, predict=True, fit_kwargs=None, groups=None, refit=True, probability_threshold=None, experiment_custom_tags=None, verbose=False, system=True, add_to_model_list=True, metrics=None, display=None, model_only=True, return_train_score=False, error_score=0.0, kwargs={})
2026-05-07 11:01:06,225:INFO:Checking exceptions
2026-05-07 11:01:06,225:INFO:Importing libraries
2026-05-07 11:01:06,225:INFO:Copying training dataset
2026-05-07 11:01:06,305:INFO:Defining folds
2026-05-07 11:01:06,305:INFO:Declaring metric variables
2026-05-07 11:01:06,305:INFO:Importing untrained model
2026-05-07 11:01:06,306:INFO:Naive Bayes Imported successfully
2026-05-07 11:01:06,306:INFO:Starting cross validation
2026-05-07 11:01:06,307:INFO:Cross validating with StratifiedKFold(n_splits=3, random_state=None, shuffle=False), n_jobs=-1
2026-05-07 11:01:07,555:WARNING:/home/yhz/miniconda3/envs/local_iot/lib/python3.10/site-packages/_distutils_hack/__init__.py:26: UserWarning: Setuptools is replacing distutils.
  warnings.warn("Setuptools is replacing distutils.")

2026-05-07 11:01:07,593:WARNING:/home/yhz/miniconda3/envs/local_iot/lib/python3.10/site-packages/_distutils_hack/__init__.py:26: UserWarning: Setuptools is replacing distutils.
  warnings.warn("Setuptools is replacing distutils.")

2026-05-07 11:01:07,624:WARNING:/home/yhz/miniconda3/envs/local_iot/lib/python3.10/site-packages/_distutils_hack/__init__.py:26: UserWarning: Setuptools is replacing distutils.
  warnings.warn("Setuptools is replacing distutils.")

2026-05-07 11:01:07,953:WARNING:/home/yhz/miniconda3/envs/local_iot/lib/python3.10/site-packages/sklearn/impute/_base.py:577: UserWarning: Skipping features without any observed values: ['smart_211_raw' 'smart_212_raw']. At least one non-missing value is needed for imputation with strategy='mean'.
  warnings.warn(

2026-05-07 11:01:08,432:WARNING:/home/yhz/miniconda3/envs/local_iot/lib/python3.10/site-packages/sklearn/impute/_base.py:577: UserWarning: Skipping features without any observed values: ['smart_211_raw' 'smart_212_raw']. At least one non-missing value is needed for imputation with strategy='mean'.
  warnings.warn(

2026-05-07 11:01:08,656:INFO:Calculating mean and std
2026-05-07 11:01:08,656:INFO:Creating metrics dataframe
2026-05-07 11:01:08,658:INFO:Finalizing model
2026-05-07 11:01:09,248:INFO:Uploading results into container
2026-05-07 11:01:09,248:INFO:Uploading model into container now
2026-05-07 11:01:09,248:INFO:_master_model_container: 1
2026-05-07 11:01:09,248:INFO:_display_container: 2
2026-05-07 11:01:09,249:INFO:GaussianNB(priors=None, var_smoothing=1e-09)
2026-05-07 11:01:09,249:INFO:create_model() successfully completed......................................
2026-05-07 11:01:09,417:INFO:Initializing tune_model()
2026-05-07 11:01:09,418:INFO:tune_model(estimator=GaussianNB(priors=None, var_smoothing=1e-09), fold=None, round=4, n_iter=10, custom_grid=None, optimize=F1, custom_scorer=None, search_library=scikit-learn, search_algorithm=None, early_stopping=False, early_stopping_max_iters=10, choose_better=True, fit_kwargs=None, groups=None, return_tuner=False, verbose=False, tuner_verbose=True, return_train_score=False, kwargs={}, self=<pycaret.classification.oop.ClassificationExperiment object at 0x7fb65ce368c0>)
2026-05-07 11:01:09,418:INFO:Checking exceptions
2026-05-07 11:01:09,478:INFO:Copying training dataset
2026-05-07 11:01:09,531:INFO:Checking base model
2026-05-07 11:01:09,531:INFO:Base model : Naive Bayes
2026-05-07 11:01:09,531:INFO:Declaring metric variables
2026-05-07 11:01:09,531:INFO:Defining Hyperparameters
2026-05-07 11:01:09,678:INFO:Tuning with n_jobs=-1
2026-05-07 11:01:09,679:INFO:Initializing RandomizedSearchCV
2026-05-07 11:01:10,634:WARNING:/home/yhz/miniconda3/envs/local_iot/lib/python3.10/site-packages/_distutils_hack/__init__.py:26: UserWarning: Setuptools is replacing distutils.
  warnings.warn("Setuptools is replacing distutils.")

2026-05-07 11:01:10,658:WARNING:/home/yhz/miniconda3/envs/local_iot/lib/python3.10/site-packages/_distutils_hack/__init__.py:26: UserWarning: Setuptools is replacing distutils.
  warnings.warn("Setuptools is replacing distutils.")

2026-05-07 11:01:10,709:WARNING:/home/yhz/miniconda3/envs/local_iot/lib/python3.10/site-packages/_distutils_hack/__init__.py:26: UserWarning: Setuptools is replacing distutils.
  warnings.warn("Setuptools is replacing distutils.")

2026-05-07 11:01:10,727:WARNING:/home/yhz/miniconda3/envs/local_iot/lib/python3.10/site-packages/_distutils_hack/__init__.py:26: UserWarning: Setuptools is replacing distutils.
  warnings.warn("Setuptools is replacing distutils.")

2026-05-07 11:01:10,783:WARNING:/home/yhz/miniconda3/envs/local_iot/lib/python3.10/site-packages/_distutils_hack/__init__.py:26: UserWarning: Setuptools is replacing distutils.
  warnings.warn("Setuptools is replacing distutils.")

2026-05-07 11:01:10,814:WARNING:/home/yhz/miniconda3/envs/local_iot/lib/python3.10/site-packages/_distutils_hack/__init__.py:26: UserWarning: Setuptools is replacing distutils.
  warnings.warn("Setuptools is replacing distutils.")

2026-05-07 11:01:10,846:WARNING:/home/yhz/miniconda3/envs/local_iot/lib/python3.10/site-packages/_distutils_hack/__init__.py:26: UserWarning: Setuptools is replacing distutils.
  warnings.warn("Setuptools is replacing distutils.")

2026-05-07 11:01:11,202:WARNING:/home/yhz/miniconda3/envs/local_iot/lib/python3.10/site-packages/_distutils_hack/__init__.py:26: UserWarning: Setuptools is replacing distutils.
  warnings.warn("Setuptools is replacing distutils.")

2026-05-07 11:01:11,214:WARNING:/home/yhz/miniconda3/envs/local_iot/lib/python3.10/site-packages/sklearn/impute/_base.py:577: UserWarning: Skipping features without any observed values: ['smart_211_raw' 'smart_212_raw']. At least one non-missing value is needed for imputation with strategy='mean'.
  warnings.warn(

2026-05-07 11:01:11,430:WARNING:/home/yhz/miniconda3/envs/local_iot/lib/python3.10/site-packages/_distutils_hack/__init__.py:26: UserWarning: Setuptools is replacing distutils.
  warnings.warn("Setuptools is replacing distutils.")

2026-05-07 11:01:11,526:WARNING:/home/yhz/miniconda3/envs/local_iot/lib/python3.10/site-packages/sklearn/impute/_base.py:577: UserWarning: Skipping features without any observed values: ['smart_211_raw' 'smart_212_raw']. At least one non-missing value is needed for imputation with strategy='mean'.
  warnings.warn(

2026-05-07 11:01:11,535:WARNING:/home/yhz/miniconda3/envs/local_iot/lib/python3.10/site-packages/_distutils_hack/__init__.py:26: UserWarning: Setuptools is replacing distutils.
  warnings.warn("Setuptools is replacing distutils.")

2026-05-07 11:01:11,600:WARNING:/home/yhz/miniconda3/envs/local_iot/lib/python3.10/site-packages/_distutils_hack/__init__.py:26: UserWarning: Setuptools is replacing distutils.
  warnings.warn("Setuptools is replacing distutils.")

2026-05-07 11:01:11,725:WARNING:/home/yhz/miniconda3/envs/local_iot/lib/python3.10/site-packages/_distutils_hack/__init__.py:26: UserWarning: Setuptools is replacing distutils.
  warnings.warn("Setuptools is replacing distutils.")

2026-05-07 11:01:11,744:WARNING:/home/yhz/miniconda3/envs/local_iot/lib/python3.10/site-packages/_distutils_hack/__init__.py:26: UserWarning: Setuptools is replacing distutils.
  warnings.warn("Setuptools is replacing distutils.")

2026-05-07 11:01:11,997:WARNING:/home/yhz/miniconda3/envs/local_iot/lib/python3.10/site-packages/_distutils_hack/__init__.py:26: UserWarning: Setuptools is replacing distutils.
  warnings.warn("Setuptools is replacing distutils.")

2026-05-07 11:01:12,049:WARNING:/home/yhz/miniconda3/envs/local_iot/lib/python3.10/site-packages/_distutils_hack/__init__.py:26: UserWarning: Setuptools is replacing distutils.
  warnings.warn("Setuptools is replacing distutils.")

2026-05-07 11:01:12,072:WARNING:/home/yhz/miniconda3/envs/local_iot/lib/python3.10/site-packages/_distutils_hack/__init__.py:26: UserWarning: Setuptools is replacing distutils.
  warnings.warn("Setuptools is replacing distutils.")

2026-05-07 11:01:12,165:WARNING:/home/yhz/miniconda3/envs/local_iot/lib/python3.10/site-packages/_distutils_hack/__init__.py:26: UserWarning: Setuptools is replacing distutils.
  warnings.warn("Setuptools is replacing distutils.")

2026-05-07 11:01:12,232:WARNING:/home/yhz/miniconda3/envs/local_iot/lib/python3.10/site-packages/sklearn/impute/_base.py:577: UserWarning: Skipping features without any observed values: ['smart_211_raw' 'smart_212_raw']. At least one non-missing value is needed for imputation with strategy='mean'.
  warnings.warn(

2026-05-07 11:01:12,322:WARNING:/home/yhz/miniconda3/envs/local_iot/lib/python3.10/site-packages/_distutils_hack/__init__.py:26: UserWarning: Setuptools is replacing distutils.
  warnings.warn("Setuptools is replacing distutils.")

2026-05-07 11:01:12,549:WARNING:/home/yhz/miniconda3/envs/local_iot/lib/python3.10/site-packages/sklearn/impute/_base.py:577: UserWarning: Skipping features without any observed values: ['smart_211_raw' 'smart_212_raw']. At least one non-missing value is needed for imputation with strategy='mean'.
  warnings.warn(

2026-05-07 11:01:12,599:WARNING:/home/yhz/miniconda3/envs/local_iot/lib/python3.10/site-packages/_distutils_hack/__init__.py:26: UserWarning: Setuptools is replacing distutils.
  warnings.warn("Setuptools is replacing distutils.")

2026-05-07 11:01:12,654:WARNING:/home/yhz/miniconda3/envs/local_iot/lib/python3.10/site-packages/_distutils_hack/__init__.py:26: UserWarning: Setuptools is replacing distutils.
  warnings.warn("Setuptools is replacing distutils.")

2026-05-07 11:01:12,795:WARNING:/home/yhz/miniconda3/envs/local_iot/lib/python3.10/site-packages/sklearn/impute/_base.py:577: UserWarning: Skipping features without any observed values: ['smart_211_raw' 'smart_212_raw']. At least one non-missing value is needed for imputation with strategy='mean'.
  warnings.warn(

2026-05-07 11:01:12,822:WARNING:/home/yhz/miniconda3/envs/local_iot/lib/python3.10/site-packages/_distutils_hack/__init__.py:26: UserWarning: Setuptools is replacing distutils.
  warnings.warn("Setuptools is replacing distutils.")

2026-05-07 11:01:13,084:WARNING:/home/yhz/miniconda3/envs/local_iot/lib/python3.10/site-packages/sklearn/impute/_base.py:577: UserWarning: Skipping features without any observed values: ['smart_211_raw' 'smart_212_raw']. At least one non-missing value is needed for imputation with strategy='mean'.
  warnings.warn(

2026-05-07 11:01:13,414:WARNING:/home/yhz/miniconda3/envs/local_iot/lib/python3.10/site-packages/_distutils_hack/__init__.py:26: UserWarning: Setuptools is replacing distutils.
  warnings.warn("Setuptools is replacing distutils.")

2026-05-07 11:01:13,558:WARNING:/home/yhz/miniconda3/envs/local_iot/lib/python3.10/site-packages/_distutils_hack/__init__.py:26: UserWarning: Setuptools is replacing distutils.
  warnings.warn("Setuptools is replacing distutils.")

2026-05-07 11:01:13,757:WARNING:/home/yhz/miniconda3/envs/local_iot/lib/python3.10/site-packages/sklearn/impute/_base.py:577: UserWarning: Skipping features without any observed values: ['smart_211_raw' 'smart_212_raw']. At least one non-missing value is needed for imputation with strategy='mean'.
  warnings.warn(

2026-05-07 11:01:13,859:WARNING:/home/yhz/miniconda3/envs/local_iot/lib/python3.10/site-packages/sklearn/impute/_base.py:577: UserWarning: Skipping features without any observed values: ['smart_211_raw' 'smart_212_raw']. At least one non-missing value is needed for imputation with strategy='mean'.
  warnings.warn(

2026-05-07 11:01:13,864:WARNING:/home/yhz/miniconda3/envs/local_iot/lib/python3.10/site-packages/_distutils_hack/__init__.py:26: UserWarning: Setuptools is replacing distutils.
  warnings.warn("Setuptools is replacing distutils.")

2026-05-07 11:01:14,070:WARNING:/home/yhz/miniconda3/envs/local_iot/lib/python3.10/site-packages/_distutils_hack/__init__.py:26: UserWarning: Setuptools is replacing distutils.
  warnings.warn("Setuptools is replacing distutils.")

2026-05-07 11:01:14,278:WARNING:/home/yhz/miniconda3/envs/local_iot/lib/python3.10/site-packages/sklearn/impute/_base.py:577: UserWarning: Skipping features without any observed values: ['smart_211_raw' 'smart_212_raw']. At least one non-missing value is needed for imputation with strategy='mean'.
  warnings.warn(

2026-05-07 11:01:14,395:WARNING:/home/yhz/miniconda3/envs/local_iot/lib/python3.10/site-packages/sklearn/impute/_base.py:577: UserWarning: Skipping features without any observed values: ['smart_211_raw' 'smart_212_raw']. At least one non-missing value is needed for imputation with strategy='mean'.
  warnings.warn(

2026-05-07 11:01:14,426:WARNING:/home/yhz/miniconda3/envs/local_iot/lib/python3.10/site-packages/_distutils_hack/__init__.py:26: UserWarning: Setuptools is replacing distutils.
  warnings.warn("Setuptools is replacing distutils.")

2026-05-07 11:01:14,472:WARNING:/home/yhz/miniconda3/envs/local_iot/lib/python3.10/site-packages/sklearn/impute/_base.py:577: UserWarning: Skipping features without any observed values: ['smart_211_raw' 'smart_212_raw']. At least one non-missing value is needed for imputation with strategy='mean'.
  warnings.warn(

2026-05-07 11:01:14,608:WARNING:/home/yhz/miniconda3/envs/local_iot/lib/python3.10/site-packages/_distutils_hack/__init__.py:26: UserWarning: Setuptools is replacing distutils.
  warnings.warn("Setuptools is replacing distutils.")

2026-05-07 11:01:14,787:WARNING:/home/yhz/miniconda3/envs/local_iot/lib/python3.10/site-packages/_distutils_hack/__init__.py:26: UserWarning: Setuptools is replacing distutils.
  warnings.warn("Setuptools is replacing distutils.")

2026-05-07 11:01:14,947:WARNING:/home/yhz/miniconda3/envs/local_iot/lib/python3.10/site-packages/_distutils_hack/__init__.py:26: UserWarning: Setuptools is replacing distutils.
  warnings.warn("Setuptools is replacing distutils.")

2026-05-07 11:01:15,135:WARNING:/home/yhz/miniconda3/envs/local_iot/lib/python3.10/site-packages/sklearn/impute/_base.py:577: UserWarning: Skipping features without any observed values: ['smart_211_raw' 'smart_212_raw']. At least one non-missing value is needed for imputation with strategy='mean'.
  warnings.warn(

2026-05-07 11:01:15,899:WARNING:/home/yhz/miniconda3/envs/local_iot/lib/python3.10/site-packages/sklearn/impute/_base.py:577: UserWarning: Skipping features without any observed values: ['smart_211_raw' 'smart_212_raw']. At least one non-missing value is needed for imputation with strategy='mean'.
  warnings.warn(

2026-05-07 11:01:16,251:WARNING:/home/yhz/miniconda3/envs/local_iot/lib/python3.10/site-packages/sklearn/impute/_base.py:577: UserWarning: Skipping features without any observed values: ['smart_211_raw' 'smart_212_raw']. At least one non-missing value is needed for imputation with strategy='mean'.
  warnings.warn(

2026-05-07 11:01:16,375:WARNING:/home/yhz/miniconda3/envs/local_iot/lib/python3.10/site-packages/sklearn/impute/_base.py:577: UserWarning: Skipping features without any observed values: ['smart_211_raw' 'smart_212_raw']. At least one non-missing value is needed for imputation with strategy='mean'.
  warnings.warn(

2026-05-07 11:01:16,975:WARNING:/home/yhz/miniconda3/envs/local_iot/lib/python3.10/site-packages/sklearn/impute/_base.py:577: UserWarning: Skipping features without any observed values: ['smart_211_raw' 'smart_212_raw']. At least one non-missing value is needed for imputation with strategy='mean'.
  warnings.warn(

2026-05-07 11:01:17,214:WARNING:/home/yhz/miniconda3/envs/local_iot/lib/python3.10/site-packages/sklearn/impute/_base.py:577: UserWarning: Skipping features without any observed values: ['smart_211_raw' 'smart_212_raw']. At least one non-missing value is needed for imputation with strategy='mean'.
  warnings.warn(

2026-05-07 11:01:17,270:WARNING:/home/yhz/miniconda3/envs/local_iot/lib/python3.10/site-packages/sklearn/impute/_base.py:577: UserWarning: Skipping features without any observed values: ['smart_211_raw' 'smart_212_raw']. At least one non-missing value is needed for imputation with strategy='mean'.
  warnings.warn(

2026-05-07 11:01:18,564:WARNING:/home/yhz/miniconda3/envs/local_iot/lib/python3.10/site-packages/sklearn/impute/_base.py:577: UserWarning: Skipping features without any observed values: ['smart_211_raw' 'smart_212_raw']. At least one non-missing value is needed for imputation with strategy='mean'.
  warnings.warn(

2026-05-07 11:01:18,777:WARNING:/home/yhz/miniconda3/envs/local_iot/lib/python3.10/site-packages/sklearn/impute/_base.py:577: UserWarning: Skipping features without any observed values: ['smart_211_raw' 'smart_212_raw']. At least one non-missing value is needed for imputation with strategy='mean'.
  warnings.warn(

2026-05-07 11:01:18,916:INFO:best_params: {'actual_estimator__var_smoothing': 0.003}
2026-05-07 11:01:18,916:INFO:Hyperparameter search completed
2026-05-07 11:01:18,916:INFO:SubProcess create_model() called ==================================
2026-05-07 11:01:18,917:INFO:Initializing create_model()
2026-05-07 11:01:18,917:INFO:create_model(self=<pycaret.classification.oop.ClassificationExperiment object at 0x7fb65ce368c0>, estimator=GaussianNB(priors=None, var_smoothing=1e-09), fold=StratifiedKFold(n_splits=3, random_state=None, shuffle=False), round=4, cross_validation=True, predict=True, fit_kwargs={}, groups=None, refit=True, probability_threshold=None, experiment_custom_tags=None, verbose=True, system=False, add_to_model_list=True, metrics=None, display=<pycaret.internal.display.display.CommonDisplay object at 0x7fb61d4bc190>, model_only=True, return_train_score=False, error_score=0.0, kwargs={'var_smoothing': 0.003})
2026-05-07 11:01:18,917:INFO:Checking exceptions
2026-05-07 11:01:18,917:INFO:Importing libraries
2026-05-07 11:01:18,917:INFO:Copying training dataset
2026-05-07 11:01:19,014:INFO:Defining folds
2026-05-07 11:01:19,014:INFO:Declaring metric variables
2026-05-07 11:01:19,014:INFO:Importing untrained model
2026-05-07 11:01:19,014:INFO:Declaring custom model
2026-05-07 11:01:19,015:INFO:Naive Bayes Imported successfully
2026-05-07 11:01:19,015:INFO:Starting cross validation
2026-05-07 11:01:19,016:INFO:Cross validating with StratifiedKFold(n_splits=3, random_state=None, shuffle=False), n_jobs=-1
2026-05-07 11:01:19,299:WARNING:/home/yhz/miniconda3/envs/local_iot/lib/python3.10/site-packages/sklearn/impute/_base.py:577: UserWarning: Skipping features without any observed values: ['smart_211_raw' 'smart_212_raw']. At least one non-missing value is needed for imputation with strategy='mean'.
  warnings.warn(

2026-05-07 11:01:19,788:WARNING:/home/yhz/miniconda3/envs/local_iot/lib/python3.10/site-packages/sklearn/impute/_base.py:577: UserWarning: Skipping features without any observed values: ['smart_211_raw' 'smart_212_raw']. At least one non-missing value is needed for imputation with strategy='mean'.
  warnings.warn(

2026-05-07 11:01:19,989:INFO:Calculating mean and std
2026-05-07 11:01:19,990:INFO:Creating metrics dataframe
2026-05-07 11:01:19,991:INFO:Finalizing model
2026-05-07 11:01:20,550:INFO:Uploading results into container
2026-05-07 11:01:20,550:INFO:Uploading model into container now
2026-05-07 11:01:20,551:INFO:_master_model_container: 2
2026-05-07 11:01:20,551:INFO:_display_container: 3
2026-05-07 11:01:20,551:INFO:GaussianNB(priors=None, var_smoothing=0.003)
2026-05-07 11:01:20,551:INFO:create_model() successfully completed......................................
2026-05-07 11:01:20,702:INFO:SubProcess create_model() end ==================================
2026-05-07 11:01:20,702:INFO:choose_better activated
2026-05-07 11:01:20,703:INFO:SubProcess create_model() called ==================================
2026-05-07 11:01:20,703:INFO:Initializing create_model()
2026-05-07 11:01:20,703:INFO:create_model(self=<pycaret.classification.oop.ClassificationExperiment object at 0x7fb65ce368c0>, estimator=GaussianNB(priors=None, var_smoothing=1e-09), fold=StratifiedKFold(n_splits=3, random_state=None, shuffle=False), round=4, cross_validation=True, predict=True, fit_kwargs={}, groups=None, refit=True, probability_threshold=None, experiment_custom_tags=None, verbose=False, system=False, add_to_model_list=True, metrics=None, display=None, model_only=True, return_train_score=False, error_score=0.0, kwargs={})
2026-05-07 11:01:20,703:INFO:Checking exceptions
2026-05-07 11:01:20,704:INFO:Importing libraries
2026-05-07 11:01:20,704:INFO:Copying training dataset
2026-05-07 11:01:20,789:INFO:Defining folds
2026-05-07 11:01:20,789:INFO:Declaring metric variables
2026-05-07 11:01:20,789:INFO:Importing untrained model
2026-05-07 11:01:20,790:INFO:Declaring custom model
2026-05-07 11:01:20,790:INFO:Naive Bayes Imported successfully
2026-05-07 11:01:20,790:INFO:Starting cross validation
2026-05-07 11:01:20,791:INFO:Cross validating with StratifiedKFold(n_splits=3, random_state=None, shuffle=False), n_jobs=-1
2026-05-07 11:01:21,074:WARNING:/home/yhz/miniconda3/envs/local_iot/lib/python3.10/site-packages/sklearn/impute/_base.py:577: UserWarning: Skipping features without any observed values: ['smart_211_raw' 'smart_212_raw']. At least one non-missing value is needed for imputation with strategy='mean'.
  warnings.warn(

2026-05-07 11:01:21,568:WARNING:/home/yhz/miniconda3/envs/local_iot/lib/python3.10/site-packages/sklearn/impute/_base.py:577: UserWarning: Skipping features without any observed values: ['smart_211_raw' 'smart_212_raw']. At least one non-missing value is needed for imputation with strategy='mean'.
  warnings.warn(

2026-05-07 11:01:21,774:INFO:Calculating mean and std
2026-05-07 11:01:21,774:INFO:Creating metrics dataframe
2026-05-07 11:01:21,776:INFO:Finalizing model
2026-05-07 11:01:22,342:INFO:Uploading results into container
2026-05-07 11:01:22,343:INFO:Uploading model into container now
2026-05-07 11:01:22,343:INFO:_master_model_container: 3
2026-05-07 11:01:22,343:INFO:_display_container: 4
2026-05-07 11:01:22,343:INFO:GaussianNB(priors=None, var_smoothing=1e-09)
2026-05-07 11:01:22,343:INFO:create_model() successfully completed......................................
2026-05-07 11:01:22,492:INFO:SubProcess create_model() end ==================================
2026-05-07 11:01:22,492:INFO:GaussianNB(priors=None, var_smoothing=1e-09) result for F1 is 0.001
2026-05-07 11:01:22,492:INFO:GaussianNB(priors=None, var_smoothing=0.003) result for F1 is 0.2389
2026-05-07 11:01:22,492:INFO:GaussianNB(priors=None, var_smoothing=0.003) is best model
2026-05-07 11:01:22,492:INFO:choose_better completed
2026-05-07 11:01:22,493:INFO:_master_model_container: 3
2026-05-07 11:01:22,493:INFO:_display_container: 3
2026-05-07 11:01:22,493:INFO:GaussianNB(priors=None, var_smoothing=0.003)
2026-05-07 11:01:22,493:INFO:tune_model() successfully completed......................................
2026-05-07 11:01:22,648:INFO:Initializing save_model()
2026-05-07 11:01:22,648:INFO:save_model(model=GaussianNB(priors=None, var_smoothing=0.003), model_name=./storage/trained_models/latest/nb, prep_pipe_=Pipeline(memory=FastMemory(location=/tmp/joblib),
         steps=[('numerical_imputer',
                 TransformerWrapper(exclude=None,
                                    include=['capacity_bytes', 'pod_slot_num',
                                             'smart_1_normalized',
                                             'smart_1_raw',
                                             'smart_2_normalized',
                                             'smart_2_raw',
                                             'smart_3_normalized',
                                             'smart_3_raw',
                                             'smart_4_normalized',
                                             'smart_4_raw',
                                             'smart_5_normalized',
                                             'smart_5_raw',
                                             'smart_7_normalized',
                                             'sma...
                                                              handle_missing='return_nan',
                                                              handle_unknown='value',
                                                              return_df=True,
                                                              use_cat_names=True,
                                                              verbose=0))),
                ('rest_encoding',
                 TransformerWrapper(exclude=None, include=['model'],
                                    transformer=TargetEncoder(cols=['model'],
                                                              drop_invariant=False,
                                                              handle_missing='return_nan',
                                                              handle_unknown='value',
                                                              hierarchy=None,
                                                              min_samples_leaf=20,
                                                              return_df=True,
                                                              smoothing=10,
                                                              verbose=0)))],
         verbose=False), verbose=True, use_case=MLUsecase.CLASSIFICATION, kwargs={})
2026-05-07 11:01:22,649:INFO:Adding model into prep_pipe
2026-05-07 11:01:22,654:INFO:./storage/trained_models/latest/nb.pkl saved in current working directory
2026-05-07 11:01:22,659:INFO:Pipeline(memory=Memory(location=None),
         steps=[('numerical_imputer',
                 TransformerWrapper(exclude=None,
                                    include=['capacity_bytes', 'pod_slot_num',
                                             'smart_1_normalized',
                                             'smart_1_raw',
                                             'smart_2_normalized',
                                             'smart_2_raw',
                                             'smart_3_normalized',
                                             'smart_3_raw',
                                             'smart_4_normalized',
                                             'smart_4_raw',
                                             'smart_5_normalized',
                                             'smart_5_raw',
                                             'smart_7_normalized',
                                             'smart_7_raw',
                                             '...
                                                              use_cat_names=True,
                                                              verbose=0))),
                ('rest_encoding',
                 TransformerWrapper(exclude=None, include=['model'],
                                    transformer=TargetEncoder(cols=['model'],
                                                              drop_invariant=False,
                                                              handle_missing='return_nan',
                                                              handle_unknown='value',
                                                              hierarchy=None,
                                                              min_samples_leaf=20,
                                                              return_df=True,
                                                              smoothing=10,
                                                              verbose=0))),
                ('trained_model',
                 GaussianNB(priors=None, var_smoothing=0.003))],
         verbose=False)
2026-05-07 11:01:22,659:INFO:save_model() successfully completed......................................
2026-05-07 11:01:27,084:WARNING:/home/yhz/local_iot/ludwig/ludwig/hyperopt/utils.py:204: RuntimeWarning: All hyperopt parameters in Ludwig config are using grid_search space, but number of samples (2) is greater than 1. This will result in 1 duplicate trials being created. Consider setting `num_samples` to 1 in the hyperopt executor to prevent trial duplication.
  warnings.warn(

2026-05-07 11:01:35,387:WARNING:/home/yhz/miniconda3/envs/local_iot/lib/python3.10/site-packages/ray/tune/experiment/experiment.py:170: UserWarning: The `local_dir` argument of `Experiment is deprecated. Use `storage_path` or set the `TUNE_RESULT_DIR` environment variable instead.
  warnings.warn(

2026-05-07 11:10:51,168:WARNING:/home/yhz/local_iot/ludwig/ludwig/hyperopt/utils.py:204: RuntimeWarning: All hyperopt parameters in Ludwig config are using grid_search space, but number of samples (2) is greater than 1. This will result in 1 duplicate trials being created. Consider setting `num_samples` to 1 in the hyperopt executor to prevent trial duplication.
  warnings.warn(

2026-05-07 11:29:56,420:WARNING:/home/yhz/local_iot/banckend/main.py:462: UserWarning: The argument 'infer_datetime_format' is deprecated and will be removed in a future version. A strict version of it is now the default, see https://pandas.pydata.org/pdeps/0004-consistent-to-datetime-parsing.html. You can safely remove this argument.
  parsed = pd.to_datetime(s.astype(str), errors="coerce", utc=True, infer_datetime_format=True)

2026-05-07 11:29:56,420:WARNING:/home/yhz/local_iot/banckend/main.py:462: UserWarning: Could not infer format, so each element will be parsed individually, falling back to `dateutil`. To ensure parsing is consistent and as-expected, please specify a format.
  parsed = pd.to_datetime(s.astype(str), errors="coerce", utc=True, infer_datetime_format=True)

2026-05-07 11:29:56,473:WARNING:/home/yhz/local_iot/banckend/main.py:462: UserWarning: The argument 'infer_datetime_format' is deprecated and will be removed in a future version. A strict version of it is now the default, see https://pandas.pydata.org/pdeps/0004-consistent-to-datetime-parsing.html. You can safely remove this argument.
  parsed = pd.to_datetime(s.astype(str), errors="coerce", utc=True, infer_datetime_format=True)

2026-05-07 11:29:56,473:WARNING:/home/yhz/local_iot/banckend/main.py:462: UserWarning: Could not infer format, so each element will be parsed individually, falling back to `dateutil`. To ensure parsing is consistent and as-expected, please specify a format.
  parsed = pd.to_datetime(s.astype(str), errors="coerce", utc=True, infer_datetime_format=True)

2026-05-07 11:29:56,478:WARNING:/home/yhz/local_iot/banckend/main.py:462: UserWarning: The argument 'infer_datetime_format' is deprecated and will be removed in a future version. A strict version of it is now the default, see https://pandas.pydata.org/pdeps/0004-consistent-to-datetime-parsing.html. You can safely remove this argument.
  parsed = pd.to_datetime(s.astype(str), errors="coerce", utc=True, infer_datetime_format=True)

2026-05-07 11:29:56,479:WARNING:/home/yhz/local_iot/banckend/main.py:462: UserWarning: Could not infer format, so each element will be parsed individually, falling back to `dateutil`. To ensure parsing is consistent and as-expected, please specify a format.
  parsed = pd.to_datetime(s.astype(str), errors="coerce", utc=True, infer_datetime_format=True)

2026-05-07 11:29:56,639:INFO:PyCaret ClassificationExperiment
2026-05-07 11:29:56,639:INFO:Logging name: clf-default-name
2026-05-07 11:29:56,639:INFO:ML Usecase: MLUsecase.CLASSIFICATION
2026-05-07 11:29:56,639:INFO:version 3.4.0
2026-05-07 11:29:56,639:INFO:Initializing setup()
2026-05-07 11:29:56,639:INFO:self.USI: bcdd
2026-05-07 11:29:56,640:INFO:self._variable_keys: {'gpu_param', 'pipeline', 'X', 'log_plots_param', 'fold_shuffle_param', 'n_jobs_param', 'y_train', 'html_param', 'target_param', 'fold_generator', 'X_test', 'y', '_available_plots', 'gpu_n_jobs_param', 'seed', 'X_train', 'data', 'is_multiclass', 'USI', 'y_test', 'logging_param', 'memory', 'fold_groups_param', 'idx', 'exp_name_log', '_ml_usecase', 'fix_imbalance', 'exp_id'}
2026-05-07 11:29:56,640:INFO:Checking environment
2026-05-07 11:29:56,640:INFO:python_version: 3.10.20
2026-05-07 11:29:56,640:INFO:python_build: ('main', 'Mar 11 2026 17:46:40')
2026-05-07 11:29:56,640:INFO:machine: x86_64
2026-05-07 11:29:56,640:INFO:platform: Linux-5.15.0-139-generic-x86_64-with-glibc2.31
2026-05-07 11:29:56,640:INFO:Memory: svmem(total=33242705920, available=16613982208, percent=50.0, used=16022319104, free=7813189632, active=4444008448, inactive=18984116224, buffers=965980160, cached=8441217024, shared=77205504, slab=1001762816)
2026-05-07 11:29:56,640:INFO:Physical Core: 24
2026-05-07 11:29:56,640:INFO:Logical Core: 32
2026-05-07 11:29:56,640:INFO:Checking libraries
2026-05-07 11:29:56,640:INFO:System:
2026-05-07 11:29:56,640:INFO:    python: 3.10.20 (main, Mar 11 2026, 17:46:40) [GCC 14.3.0]
2026-05-07 11:29:56,640:INFO:executable: /home/yhz/miniconda3/envs/local_iot/bin/python
2026-05-07 11:29:56,640:INFO:   machine: Linux-5.15.0-139-generic-x86_64-with-glibc2.31
2026-05-07 11:29:56,640:INFO:PyCaret required dependencies:
2026-05-07 11:29:56,640:INFO:                 pip: 26.0.1
2026-05-07 11:29:56,640:INFO:          setuptools: 69.5.1
2026-05-07 11:29:56,640:INFO:             pycaret: 3.4.0
2026-05-07 11:29:56,640:INFO:             IPython: 8.39.0
2026-05-07 11:29:56,640:INFO:          ipywidgets: 8.1.8
2026-05-07 11:29:56,640:INFO:                tqdm: 4.67.3
2026-05-07 11:29:56,640:INFO:               numpy: 1.26.4
2026-05-07 11:29:56,640:INFO:              pandas: 2.1.3
2026-05-07 11:29:56,640:INFO:              jinja2: 3.1.6
2026-05-07 11:29:56,640:INFO:               scipy: 1.11.4
2026-05-07 11:29:56,640:INFO:              joblib: 1.4.2
2026-05-07 11:29:56,640:INFO:             sklearn: 1.4.2
2026-05-07 11:29:56,640:INFO:                pyod: 2.0.7
2026-05-07 11:29:56,640:INFO:            imblearn: 0.13.0
2026-05-07 11:29:56,640:INFO:   category_encoders: 2.7.0
2026-05-07 11:29:56,641:INFO:            lightgbm: 4.6.0
2026-05-07 11:29:56,641:INFO:               numba: 0.65.0
2026-05-07 11:29:56,641:INFO:            requests: 2.33.1
2026-05-07 11:29:56,641:INFO:          matplotlib: 3.7.5
2026-05-07 11:29:56,641:INFO:          scikitplot: 0.3.12
2026-05-07 11:29:56,641:INFO:         yellowbrick: 1.5
2026-05-07 11:29:56,641:INFO:              plotly: 6.6.0
2026-05-07 11:29:56,641:INFO:    plotly-resampler: Not installed
2026-05-07 11:29:56,641:INFO:             kaleido: 1.2.0
2026-05-07 11:29:56,641:INFO:           schemdraw: 0.15
2026-05-07 11:29:56,641:INFO:         statsmodels: 0.14.6
2026-05-07 11:29:56,641:INFO:              sktime: 0.31.0
2026-05-07 11:29:56,641:INFO:               tbats: 1.1.3
2026-05-07 11:29:56,641:INFO:            pmdarima: 2.0.4
2026-05-07 11:29:56,641:INFO:              psutil: 5.9.4
2026-05-07 11:29:56,641:INFO:          markupsafe: 3.0.3
2026-05-07 11:29:56,641:INFO:             pickle5: Not installed
2026-05-07 11:29:56,641:INFO:         cloudpickle: 3.1.2
2026-05-07 11:29:56,641:INFO:         deprecation: 2.1.0
2026-05-07 11:29:56,641:INFO:              xxhash: 3.6.0
2026-05-07 11:29:56,641:INFO:           wurlitzer: 3.1.1
2026-05-07 11:29:56,641:INFO:PyCaret optional dependencies:
2026-05-07 11:29:56,641:INFO:                shap: Not installed
2026-05-07 11:29:56,641:INFO:           interpret: Not installed
2026-05-07 11:29:56,641:INFO:                umap: Not installed
2026-05-07 11:29:56,641:INFO:     ydata_profiling: Not installed
2026-05-07 11:29:56,641:INFO:  explainerdashboard: Not installed
2026-05-07 11:29:56,641:INFO:             autoviz: Not installed
2026-05-07 11:29:56,641:INFO:           fairlearn: Not installed
2026-05-07 11:29:56,641:INFO:          deepchecks: Not installed
2026-05-07 11:29:56,641:INFO:             xgboost: 1.7.6
2026-05-07 11:29:56,641:INFO:            catboost: Not installed
2026-05-07 11:29:56,641:INFO:              kmodes: Not installed
2026-05-07 11:29:56,641:INFO:             mlxtend: Not installed
2026-05-07 11:29:56,641:INFO:       statsforecast: Not installed
2026-05-07 11:29:56,641:INFO:        tune_sklearn: Not installed
2026-05-07 11:29:56,641:INFO:                 ray: 2.4.0
2026-05-07 11:29:56,641:INFO:            hyperopt: 0.2.7
2026-05-07 11:29:56,641:INFO:              optuna: Not installed
2026-05-07 11:29:56,641:INFO:               skopt: Not installed
2026-05-07 11:29:56,641:INFO:              mlflow: Not installed
2026-05-07 11:29:56,641:INFO:              gradio: Not installed
2026-05-07 11:29:56,641:INFO:             fastapi: 0.104.1
2026-05-07 11:29:56,641:INFO:             uvicorn: 0.24.0
2026-05-07 11:29:56,641:INFO:              m2cgen: Not installed
2026-05-07 11:29:56,641:INFO:           evidently: Not installed
2026-05-07 11:29:56,641:INFO:               fugue: Not installed
2026-05-07 11:29:56,641:INFO:           streamlit: Not installed
2026-05-07 11:29:56,641:INFO:             prophet: Not installed
2026-05-07 11:29:56,641:INFO:None
2026-05-07 11:29:56,641:INFO:Set up data.
2026-05-07 11:29:56,759:INFO:Set up folding strategy.
2026-05-07 11:29:56,759:INFO:Set up train/test split.
2026-05-07 11:29:56,833:INFO:Set up index.
2026-05-07 11:29:56,834:INFO:Assigning column types.
2026-05-07 11:29:56,912:INFO:Engine successfully changes for model 'lr' to 'sklearn'.
2026-05-07 11:29:56,935:INFO:Engine for model 'knn' has not been set explicitly, hence returning None.
2026-05-07 11:29:56,935:INFO:Engine for model 'rbfsvm' has not been set explicitly, hence returning None.
2026-05-07 11:29:56,949:INFO:Soft dependency imported: xgboost: 1.7.6
2026-05-07 11:29:56,950:WARNING:
'catboost' is a soft dependency and not included in the pycaret installation. Please run: `pip install catboost` to install.
Alternately, you can install this by running `pip install pycaret[models]`
2026-05-07 11:29:56,972:INFO:Engine for model 'knn' has not been set explicitly, hence returning None.
2026-05-07 11:29:56,973:INFO:Engine for model 'rbfsvm' has not been set explicitly, hence returning None.
2026-05-07 11:29:56,986:INFO:Soft dependency imported: xgboost: 1.7.6
2026-05-07 11:29:56,987:WARNING:
'catboost' is a soft dependency and not included in the pycaret installation. Please run: `pip install catboost` to install.
Alternately, you can install this by running `pip install pycaret[models]`
2026-05-07 11:29:56,988:INFO:Engine successfully changes for model 'knn' to 'sklearn'.
2026-05-07 11:29:57,010:INFO:Engine for model 'rbfsvm' has not been set explicitly, hence returning None.
2026-05-07 11:29:57,023:INFO:Soft dependency imported: xgboost: 1.7.6
2026-05-07 11:29:57,024:WARNING:
'catboost' is a soft dependency and not included in the pycaret installation. Please run: `pip install catboost` to install.
Alternately, you can install this by running `pip install pycaret[models]`
2026-05-07 11:29:57,046:INFO:Engine for model 'rbfsvm' has not been set explicitly, hence returning None.
2026-05-07 11:29:57,060:INFO:Soft dependency imported: xgboost: 1.7.6
2026-05-07 11:29:57,061:WARNING:
'catboost' is a soft dependency and not included in the pycaret installation. Please run: `pip install catboost` to install.
Alternately, you can install this by running `pip install pycaret[models]`
2026-05-07 11:29:57,061:INFO:Engine successfully changes for model 'rbfsvm' to 'sklearn'.
2026-05-07 11:29:57,097:INFO:Soft dependency imported: xgboost: 1.7.6
2026-05-07 11:29:57,098:WARNING:
'catboost' is a soft dependency and not included in the pycaret installation. Please run: `pip install catboost` to install.
Alternately, you can install this by running `pip install pycaret[models]`
2026-05-07 11:29:57,133:INFO:Soft dependency imported: xgboost: 1.7.6
2026-05-07 11:29:57,135:WARNING:
'catboost' is a soft dependency and not included in the pycaret installation. Please run: `pip install catboost` to install.
Alternately, you can install this by running `pip install pycaret[models]`
2026-05-07 11:29:57,135:INFO:Preparing preprocessing pipeline...
2026-05-07 11:29:57,145:INFO:Set up simple imputation.
2026-05-07 11:29:57,176:INFO:Set up encoding of categorical features.
2026-05-07 11:29:57,553:INFO:Finished creating preprocessing pipeline.
2026-05-07 11:29:57,557:INFO:Pipeline: Pipeline(memory=FastMemory(location=/tmp/joblib),
         steps=[('numerical_imputer',
                 TransformerWrapper(exclude=None,
                                    include=['capacity_bytes', 'pod_slot_num',
                                             'smart_1_normalized',
                                             'smart_1_raw',
                                             'smart_2_normalized',
                                             'smart_2_raw',
                                             'smart_3_normalized',
                                             'smart_3_raw',
                                             'smart_4_normalized',
                                             'smart_4_raw',
                                             'smart_5_normalized',
                                             'smart_5_raw',
                                             'smart_7_normalized',
                                             'sma...
                                                              handle_missing='return_nan',
                                                              handle_unknown='value',
                                                              return_df=True,
                                                              use_cat_names=True,
                                                              verbose=0))),
                ('rest_encoding',
                 TransformerWrapper(exclude=None, include=['model'],
                                    transformer=TargetEncoder(cols=['model'],
                                                              drop_invariant=False,
                                                              handle_missing='return_nan',
                                                              handle_unknown='value',
                                                              hierarchy=None,
                                                              min_samples_leaf=20,
                                                              return_df=True,
                                                              smoothing=10,
                                                              verbose=0)))],
         verbose=False)
2026-05-07 11:29:57,557:INFO:Creating final display dataframe.
2026-05-07 11:29:58,116:INFO:Setup _display_container:                     Description             Value
0                    Session id                42
1                        Target           failure
2                   Target type            Binary
3           Original data shape     (100054, 100)
4        Transformed data shape     (100054, 104)
5   Transformed train set shape      (80043, 104)
6    Transformed test set shape      (20011, 104)
7              Numeric features                97
8          Categorical features                 2
9      Rows with missing values            100.0%
10                   Preprocess              True
11              Imputation type            simple
12           Numeric imputation              mean
13       Categorical imputation              mode
14     Maximum one-hot encoding                25
15              Encoding method              None
16               Fold Generator   StratifiedKFold
17                  Fold Number                 3
18                     CPU Jobs                -1
19                      Use GPU             False
20               Log Experiment             False
21              Experiment Name  clf-default-name
22                          USI              bcdd
2026-05-07 11:29:58,153:INFO:Soft dependency imported: xgboost: 1.7.6
2026-05-07 11:29:58,154:WARNING:
'catboost' is a soft dependency and not included in the pycaret installation. Please run: `pip install catboost` to install.
Alternately, you can install this by running `pip install pycaret[models]`
2026-05-07 11:29:58,190:INFO:Soft dependency imported: xgboost: 1.7.6
2026-05-07 11:29:58,191:WARNING:
'catboost' is a soft dependency and not included in the pycaret installation. Please run: `pip install catboost` to install.
Alternately, you can install this by running `pip install pycaret[models]`
2026-05-07 11:29:58,192:INFO:setup() successfully completed in 1.55s...............
2026-05-07 11:29:58,192:INFO:Initializing create_model()
2026-05-07 11:29:58,192:INFO:create_model(self=<pycaret.classification.oop.ClassificationExperiment object at 0x7fb61dabcca0>, estimator=rf, fold=None, round=4, cross_validation=True, predict=True, fit_kwargs=None, groups=None, refit=True, probability_threshold=None, experiment_custom_tags=None, verbose=False, system=True, add_to_model_list=True, metrics=None, display=None, model_only=True, return_train_score=False, error_score=0.0, kwargs={})
2026-05-07 11:29:58,192:INFO:Checking exceptions
2026-05-07 11:29:58,192:INFO:Importing libraries
2026-05-07 11:29:58,192:INFO:Copying training dataset
2026-05-07 11:29:58,282:INFO:Defining folds
2026-05-07 11:29:58,282:INFO:Declaring metric variables
2026-05-07 11:29:58,282:INFO:Importing untrained model
2026-05-07 11:29:58,283:INFO:Random Forest Classifier Imported successfully
2026-05-07 11:29:58,283:INFO:Starting cross validation
2026-05-07 11:29:58,284:INFO:Cross validating with StratifiedKFold(n_splits=3, random_state=None, shuffle=False), n_jobs=-1
2026-05-07 11:29:59,267:WARNING:/home/yhz/miniconda3/envs/local_iot/lib/python3.10/site-packages/_distutils_hack/__init__.py:26: UserWarning: Setuptools is replacing distutils.
  warnings.warn("Setuptools is replacing distutils.")

2026-05-07 11:29:59,673:WARNING:/home/yhz/miniconda3/envs/local_iot/lib/python3.10/site-packages/_distutils_hack/__init__.py:26: UserWarning: Setuptools is replacing distutils.
  warnings.warn("Setuptools is replacing distutils.")

2026-05-07 11:29:59,726:WARNING:/home/yhz/miniconda3/envs/local_iot/lib/python3.10/site-packages/_distutils_hack/__init__.py:26: UserWarning: Setuptools is replacing distutils.
  warnings.warn("Setuptools is replacing distutils.")

2026-05-07 11:30:00,171:WARNING:/home/yhz/miniconda3/envs/local_iot/lib/python3.10/site-packages/sklearn/impute/_base.py:577: UserWarning: Skipping features without any observed values: ['smart_211_raw' 'smart_212_raw']. At least one non-missing value is needed for imputation with strategy='mean'.
  warnings.warn(

2026-05-07 11:30:00,908:WARNING:/home/yhz/miniconda3/envs/local_iot/lib/python3.10/site-packages/sklearn/impute/_base.py:577: UserWarning: Skipping features without any observed values: ['smart_211_raw' 'smart_212_raw']. At least one non-missing value is needed for imputation with strategy='mean'.
  warnings.warn(

2026-05-07 11:30:01,093:INFO:Calculating mean and std
2026-05-07 11:30:01,093:INFO:Creating metrics dataframe
2026-05-07 11:30:01,096:INFO:Finalizing model
2026-05-07 11:30:02,082:INFO:Uploading results into container
2026-05-07 11:30:02,082:INFO:Uploading model into container now
2026-05-07 11:30:02,083:INFO:_master_model_container: 1
2026-05-07 11:30:02,083:INFO:_display_container: 2
2026-05-07 11:30:02,083:INFO:RandomForestClassifier(bootstrap=True, ccp_alpha=0.0, class_weight=None,
                       criterion='gini', max_depth=None, max_features='sqrt',
                       max_leaf_nodes=None, max_samples=None,
                       min_impurity_decrease=0.0, min_samples_leaf=1,
                       min_samples_split=2, min_weight_fraction_leaf=0.0,
                       monotonic_cst=None, n_estimators=100, n_jobs=-1,
                       oob_score=False, random_state=42, verbose=0,
                       warm_start=False)
2026-05-07 11:30:02,083:INFO:create_model() successfully completed......................................
2026-05-07 11:30:02,283:INFO:Initializing tune_model()
2026-05-07 11:30:02,283:INFO:tune_model(estimator=RandomForestClassifier(bootstrap=True, ccp_alpha=0.0, class_weight=None,
                       criterion='gini', max_depth=None, max_features='sqrt',
                       max_leaf_nodes=None, max_samples=None,
                       min_impurity_decrease=0.0, min_samples_leaf=1,
                       min_samples_split=2, min_weight_fraction_leaf=0.0,
                       monotonic_cst=None, n_estimators=100, n_jobs=-1,
                       oob_score=False, random_state=42, verbose=0,
                       warm_start=False), fold=None, round=4, n_iter=10, custom_grid=None, optimize=F1, custom_scorer=None, search_library=scikit-learn, search_algorithm=None, early_stopping=False, early_stopping_max_iters=10, choose_better=True, fit_kwargs=None, groups=None, return_tuner=False, verbose=False, tuner_verbose=True, return_train_score=False, kwargs={}, self=<pycaret.classification.oop.ClassificationExperiment object at 0x7fb61dabcca0>)
2026-05-07 11:30:02,284:INFO:Checking exceptions
2026-05-07 11:30:02,347:INFO:Copying training dataset
2026-05-07 11:30:02,400:INFO:Checking base model
2026-05-07 11:30:02,400:INFO:Base model : Random Forest Classifier
2026-05-07 11:30:02,400:INFO:Declaring metric variables
2026-05-07 11:30:02,400:INFO:Defining Hyperparameters
2026-05-07 11:30:02,579:INFO:Tuning with n_jobs=-1
2026-05-07 11:30:02,579:INFO:Initializing RandomizedSearchCV
2026-05-07 11:30:03,532:WARNING:/home/yhz/miniconda3/envs/local_iot/lib/python3.10/site-packages/_distutils_hack/__init__.py:26: UserWarning: Setuptools is replacing distutils.
  warnings.warn("Setuptools is replacing distutils.")

2026-05-07 11:30:03,544:WARNING:/home/yhz/miniconda3/envs/local_iot/lib/python3.10/site-packages/_distutils_hack/__init__.py:26: UserWarning: Setuptools is replacing distutils.
  warnings.warn("Setuptools is replacing distutils.")

2026-05-07 11:30:03,609:WARNING:/home/yhz/miniconda3/envs/local_iot/lib/python3.10/site-packages/_distutils_hack/__init__.py:26: UserWarning: Setuptools is replacing distutils.
  warnings.warn("Setuptools is replacing distutils.")

2026-05-07 11:30:03,666:WARNING:/home/yhz/miniconda3/envs/local_iot/lib/python3.10/site-packages/_distutils_hack/__init__.py:26: UserWarning: Setuptools is replacing distutils.
  warnings.warn("Setuptools is replacing distutils.")

2026-05-07 11:30:03,764:WARNING:/home/yhz/miniconda3/envs/local_iot/lib/python3.10/site-packages/_distutils_hack/__init__.py:26: UserWarning: Setuptools is replacing distutils.
  warnings.warn("Setuptools is replacing distutils.")

2026-05-07 11:30:03,923:WARNING:/home/yhz/miniconda3/envs/local_iot/lib/python3.10/site-packages/_distutils_hack/__init__.py:26: UserWarning: Setuptools is replacing distutils.
  warnings.warn("Setuptools is replacing distutils.")

2026-05-07 11:30:03,932:WARNING:/home/yhz/miniconda3/envs/local_iot/lib/python3.10/site-packages/_distutils_hack/__init__.py:26: UserWarning: Setuptools is replacing distutils.
  warnings.warn("Setuptools is replacing distutils.")

2026-05-07 11:30:04,070:WARNING:/home/yhz/miniconda3/envs/local_iot/lib/python3.10/site-packages/sklearn/impute/_base.py:577: UserWarning: Skipping features without any observed values: ['smart_211_raw' 'smart_212_raw']. At least one non-missing value is needed for imputation with strategy='mean'.
  warnings.warn(

2026-05-07 11:30:04,189:WARNING:/home/yhz/miniconda3/envs/local_iot/lib/python3.10/site-packages/_distutils_hack/__init__.py:26: UserWarning: Setuptools is replacing distutils.
  warnings.warn("Setuptools is replacing distutils.")

2026-05-07 11:30:04,261:WARNING:/home/yhz/miniconda3/envs/local_iot/lib/python3.10/site-packages/_distutils_hack/__init__.py:26: UserWarning: Setuptools is replacing distutils.
  warnings.warn("Setuptools is replacing distutils.")

2026-05-07 11:30:04,301:WARNING:/home/yhz/miniconda3/envs/local_iot/lib/python3.10/site-packages/_distutils_hack/__init__.py:26: UserWarning: Setuptools is replacing distutils.
  warnings.warn("Setuptools is replacing distutils.")

2026-05-07 11:30:04,345:WARNING:/home/yhz/miniconda3/envs/local_iot/lib/python3.10/site-packages/_distutils_hack/__init__.py:26: UserWarning: Setuptools is replacing distutils.
  warnings.warn("Setuptools is replacing distutils.")

2026-05-07 11:30:04,377:WARNING:/home/yhz/miniconda3/envs/local_iot/lib/python3.10/site-packages/sklearn/impute/_base.py:577: UserWarning: Skipping features without any observed values: ['smart_211_raw' 'smart_212_raw']. At least one non-missing value is needed for imputation with strategy='mean'.
  warnings.warn(

2026-05-07 11:30:04,575:WARNING:/home/yhz/miniconda3/envs/local_iot/lib/python3.10/site-packages/_distutils_hack/__init__.py:26: UserWarning: Setuptools is replacing distutils.
  warnings.warn("Setuptools is replacing distutils.")

2026-05-07 11:30:04,893:WARNING:/home/yhz/miniconda3/envs/local_iot/lib/python3.10/site-packages/_distutils_hack/__init__.py:26: UserWarning: Setuptools is replacing distutils.
  warnings.warn("Setuptools is replacing distutils.")

2026-05-07 11:30:05,042:WARNING:/home/yhz/miniconda3/envs/local_iot/lib/python3.10/site-packages/_distutils_hack/__init__.py:26: UserWarning: Setuptools is replacing distutils.
  warnings.warn("Setuptools is replacing distutils.")

2026-05-07 11:30:05,166:WARNING:/home/yhz/miniconda3/envs/local_iot/lib/python3.10/site-packages/_distutils_hack/__init__.py:26: UserWarning: Setuptools is replacing distutils.
  warnings.warn("Setuptools is replacing distutils.")

2026-05-07 11:30:05,316:WARNING:/home/yhz/miniconda3/envs/local_iot/lib/python3.10/site-packages/_distutils_hack/__init__.py:26: UserWarning: Setuptools is replacing distutils.
  warnings.warn("Setuptools is replacing distutils.")

2026-05-07 11:30:05,319:WARNING:/home/yhz/miniconda3/envs/local_iot/lib/python3.10/site-packages/_distutils_hack/__init__.py:26: UserWarning: Setuptools is replacing distutils.
  warnings.warn("Setuptools is replacing distutils.")

2026-05-07 11:30:05,682:WARNING:/home/yhz/miniconda3/envs/local_iot/lib/python3.10/site-packages/_distutils_hack/__init__.py:26: UserWarning: Setuptools is replacing distutils.
  warnings.warn("Setuptools is replacing distutils.")

2026-05-07 11:30:06,272:WARNING:/home/yhz/miniconda3/envs/local_iot/lib/python3.10/site-packages/_distutils_hack/__init__.py:26: UserWarning: Setuptools is replacing distutils.
  warnings.warn("Setuptools is replacing distutils.")

2026-05-07 11:30:06,273:WARNING:/home/yhz/miniconda3/envs/local_iot/lib/python3.10/site-packages/_distutils_hack/__init__.py:26: UserWarning: Setuptools is replacing distutils.
  warnings.warn("Setuptools is replacing distutils.")

2026-05-07 11:30:06,436:WARNING:/home/yhz/miniconda3/envs/local_iot/lib/python3.10/site-packages/sklearn/impute/_base.py:577: UserWarning: Skipping features without any observed values: ['smart_211_raw' 'smart_212_raw']. At least one non-missing value is needed for imputation with strategy='mean'.
  warnings.warn(

2026-05-07 11:30:06,652:WARNING:/home/yhz/miniconda3/envs/local_iot/lib/python3.10/site-packages/_distutils_hack/__init__.py:26: UserWarning: Setuptools is replacing distutils.
  warnings.warn("Setuptools is replacing distutils.")

2026-05-07 11:30:06,748:WARNING:/home/yhz/miniconda3/envs/local_iot/lib/python3.10/site-packages/sklearn/impute/_base.py:577: UserWarning: Skipping features without any observed values: ['smart_211_raw' 'smart_212_raw']. At least one non-missing value is needed for imputation with strategy='mean'.
  warnings.warn(

2026-05-07 11:30:07,008:WARNING:/home/yhz/miniconda3/envs/local_iot/lib/python3.10/site-packages/sklearn/impute/_base.py:577: UserWarning: Skipping features without any observed values: ['smart_211_raw' 'smart_212_raw']. At least one non-missing value is needed for imputation with strategy='mean'.
  warnings.warn(

2026-05-07 11:30:07,008:WARNING:/home/yhz/miniconda3/envs/local_iot/lib/python3.10/site-packages/sklearn/impute/_base.py:577: UserWarning: Skipping features without any observed values: ['smart_211_raw' 'smart_212_raw']. At least one non-missing value is needed for imputation with strategy='mean'.
  warnings.warn(

2026-05-07 11:30:07,064:WARNING:/home/yhz/miniconda3/envs/local_iot/lib/python3.10/site-packages/_distutils_hack/__init__.py:26: UserWarning: Setuptools is replacing distutils.
  warnings.warn("Setuptools is replacing distutils.")

2026-05-07 11:30:07,127:WARNING:/home/yhz/miniconda3/envs/local_iot/lib/python3.10/site-packages/_distutils_hack/__init__.py:26: UserWarning: Setuptools is replacing distutils.
  warnings.warn("Setuptools is replacing distutils.")

2026-05-07 11:30:07,319:WARNING:/home/yhz/miniconda3/envs/local_iot/lib/python3.10/site-packages/_distutils_hack/__init__.py:26: UserWarning: Setuptools is replacing distutils.
  warnings.warn("Setuptools is replacing distutils.")

2026-05-07 11:30:07,382:WARNING:/home/yhz/miniconda3/envs/local_iot/lib/python3.10/site-packages/sklearn/impute/_base.py:577: UserWarning: Skipping features without any observed values: ['smart_211_raw' 'smart_212_raw']. At least one non-missing value is needed for imputation with strategy='mean'.
  warnings.warn(

2026-05-07 11:30:07,844:WARNING:/home/yhz/miniconda3/envs/local_iot/lib/python3.10/site-packages/_distutils_hack/__init__.py:26: UserWarning: Setuptools is replacing distutils.
  warnings.warn("Setuptools is replacing distutils.")

2026-05-07 11:30:08,497:WARNING:/home/yhz/miniconda3/envs/local_iot/lib/python3.10/site-packages/sklearn/impute/_base.py:577: UserWarning: Skipping features without any observed values: ['smart_211_raw' 'smart_212_raw']. At least one non-missing value is needed for imputation with strategy='mean'.
  warnings.warn(

2026-05-07 11:30:09,421:WARNING:/home/yhz/miniconda3/envs/local_iot/lib/python3.10/site-packages/_distutils_hack/__init__.py:26: UserWarning: Setuptools is replacing distutils.
  warnings.warn("Setuptools is replacing distutils.")

2026-05-07 11:30:09,423:WARNING:/home/yhz/miniconda3/envs/local_iot/lib/python3.10/site-packages/_distutils_hack/__init__.py:26: UserWarning: Setuptools is replacing distutils.
  warnings.warn("Setuptools is replacing distutils.")

2026-05-07 11:30:09,440:WARNING:/home/yhz/miniconda3/envs/local_iot/lib/python3.10/site-packages/sklearn/impute/_base.py:577: UserWarning: Skipping features without any observed values: ['smart_211_raw' 'smart_212_raw']. At least one non-missing value is needed for imputation with strategy='mean'.
  warnings.warn(

2026-05-07 11:30:09,886:WARNING:/home/yhz/miniconda3/envs/local_iot/lib/python3.10/site-packages/_distutils_hack/__init__.py:26: UserWarning: Setuptools is replacing distutils.
  warnings.warn("Setuptools is replacing distutils.")

2026-05-07 11:30:10,482:WARNING:/home/yhz/miniconda3/envs/local_iot/lib/python3.10/site-packages/sklearn/impute/_base.py:577: UserWarning: Skipping features without any observed values: ['smart_211_raw' 'smart_212_raw']. At least one non-missing value is needed for imputation with strategy='mean'.
  warnings.warn(

2026-05-07 11:30:10,776:WARNING:/home/yhz/miniconda3/envs/local_iot/lib/python3.10/site-packages/sklearn/impute/_base.py:577: UserWarning: Skipping features without any observed values: ['smart_211_raw' 'smart_212_raw']. At least one non-missing value is needed for imputation with strategy='mean'.
  warnings.warn(

2026-05-07 11:30:11,116:WARNING:/home/yhz/miniconda3/envs/local_iot/lib/python3.10/site-packages/_distutils_hack/__init__.py:26: UserWarning: Setuptools is replacing distutils.
  warnings.warn("Setuptools is replacing distutils.")

2026-05-07 11:30:12,302:WARNING:/home/yhz/miniconda3/envs/local_iot/lib/python3.10/site-packages/sklearn/impute/_base.py:577: UserWarning: Skipping features without any observed values: ['smart_211_raw' 'smart_212_raw']. At least one non-missing value is needed for imputation with strategy='mean'.
  warnings.warn(

2026-05-07 11:30:14,178:WARNING:/home/yhz/miniconda3/envs/local_iot/lib/python3.10/site-packages/sklearn/impute/_base.py:577: UserWarning: Skipping features without any observed values: ['smart_211_raw' 'smart_212_raw']. At least one non-missing value is needed for imputation with strategy='mean'.
  warnings.warn(

2026-05-07 11:30:15,602:WARNING:/home/yhz/miniconda3/envs/local_iot/lib/python3.10/site-packages/sklearn/impute/_base.py:577: UserWarning: Skipping features without any observed values: ['smart_211_raw' 'smart_212_raw']. At least one non-missing value is needed for imputation with strategy='mean'.
  warnings.warn(

2026-05-07 11:30:16,150:WARNING:/home/yhz/miniconda3/envs/local_iot/lib/python3.10/site-packages/sklearn/impute/_base.py:577: UserWarning: Skipping features without any observed values: ['smart_211_raw' 'smart_212_raw']. At least one non-missing value is needed for imputation with strategy='mean'.
  warnings.warn(

2026-05-07 11:30:16,183:WARNING:/home/yhz/miniconda3/envs/local_iot/lib/python3.10/site-packages/sklearn/impute/_base.py:577: UserWarning: Skipping features without any observed values: ['smart_211_raw' 'smart_212_raw']. At least one non-missing value is needed for imputation with strategy='mean'.
  warnings.warn(

2026-05-07 11:30:17,622:WARNING:/home/yhz/miniconda3/envs/local_iot/lib/python3.10/site-packages/sklearn/impute/_base.py:577: UserWarning: Skipping features without any observed values: ['smart_211_raw' 'smart_212_raw']. At least one non-missing value is needed for imputation with strategy='mean'.
  warnings.warn(

2026-05-07 11:30:18,478:WARNING:/home/yhz/miniconda3/envs/local_iot/lib/python3.10/site-packages/sklearn/impute/_base.py:577: UserWarning: Skipping features without any observed values: ['smart_211_raw' 'smart_212_raw']. At least one non-missing value is needed for imputation with strategy='mean'.
  warnings.warn(

2026-05-07 11:30:18,668:WARNING:/home/yhz/miniconda3/envs/local_iot/lib/python3.10/site-packages/sklearn/impute/_base.py:577: UserWarning: Skipping features without any observed values: ['smart_211_raw' 'smart_212_raw']. At least one non-missing value is needed for imputation with strategy='mean'.
  warnings.warn(

2026-05-07 11:30:20,737:WARNING:/home/yhz/miniconda3/envs/local_iot/lib/python3.10/site-packages/sklearn/impute/_base.py:577: UserWarning: Skipping features without any observed values: ['smart_211_raw' 'smart_212_raw']. At least one non-missing value is needed for imputation with strategy='mean'.
  warnings.warn(

2026-05-07 11:30:21,015:INFO:best_params: {'actual_estimator__n_estimators': 120, 'actual_estimator__min_samples_split': 2, 'actual_estimator__min_samples_leaf': 3, 'actual_estimator__min_impurity_decrease': 0.01, 'actual_estimator__max_features': 'log2', 'actual_estimator__max_depth': 4, 'actual_estimator__criterion': 'entropy', 'actual_estimator__class_weight': 'balanced_subsample', 'actual_estimator__bootstrap': True}
2026-05-07 11:30:21,015:INFO:Hyperparameter search completed
2026-05-07 11:30:21,015:INFO:SubProcess create_model() called ==================================
2026-05-07 11:30:21,018:INFO:Initializing create_model()
2026-05-07 11:30:21,018:INFO:create_model(self=<pycaret.classification.oop.ClassificationExperiment object at 0x7fb61dabcca0>, estimator=RandomForestClassifier(bootstrap=True, ccp_alpha=0.0, class_weight=None,
                       criterion='gini', max_depth=None, max_features='sqrt',
                       max_leaf_nodes=None, max_samples=None,
                       min_impurity_decrease=0.0, min_samples_leaf=1,
                       min_samples_split=2, min_weight_fraction_leaf=0.0,
                       monotonic_cst=None, n_estimators=100, n_jobs=-1,
                       oob_score=False, random_state=42, verbose=0,
                       warm_start=False), fold=StratifiedKFold(n_splits=3, random_state=None, shuffle=False), round=4, cross_validation=True, predict=True, fit_kwargs={}, groups=None, refit=True, probability_threshold=None, experiment_custom_tags=None, verbose=True, system=False, add_to_model_list=True, metrics=None, display=<pycaret.internal.display.display.CommonDisplay object at 0x7fb63c142110>, model_only=True, return_train_score=False, error_score=0.0, kwargs={'n_estimators': 120, 'min_samples_split': 2, 'min_samples_leaf': 3, 'min_impurity_decrease': 0.01, 'max_features': 'log2', 'max_depth': 4, 'criterion': 'entropy', 'class_weight': 'balanced_subsample', 'bootstrap': True})
2026-05-07 11:30:21,018:INFO:Checking exceptions
2026-05-07 11:30:21,018:INFO:Importing libraries
2026-05-07 11:30:21,018:INFO:Copying training dataset
2026-05-07 11:30:21,136:INFO:Defining folds
2026-05-07 11:30:21,136:INFO:Declaring metric variables
2026-05-07 11:30:21,136:INFO:Importing untrained model
2026-05-07 11:30:21,136:INFO:Declaring custom model
2026-05-07 11:30:21,138:INFO:Random Forest Classifier Imported successfully
2026-05-07 11:30:21,139:INFO:Starting cross validation
2026-05-07 11:30:21,142:INFO:Cross validating with StratifiedKFold(n_splits=3, random_state=None, shuffle=False), n_jobs=-1
2026-05-07 11:30:21,565:WARNING:/home/yhz/miniconda3/envs/local_iot/lib/python3.10/site-packages/sklearn/impute/_base.py:577: UserWarning: Skipping features without any observed values: ['smart_211_raw' 'smart_212_raw']. At least one non-missing value is needed for imputation with strategy='mean'.
  warnings.warn(

2026-05-07 11:30:22,811:WARNING:/home/yhz/miniconda3/envs/local_iot/lib/python3.10/site-packages/sklearn/impute/_base.py:577: UserWarning: Skipping features without any observed values: ['smart_211_raw' 'smart_212_raw']. At least one non-missing value is needed for imputation with strategy='mean'.
  warnings.warn(

2026-05-07 11:30:23,050:INFO:Calculating mean and std
2026-05-07 11:30:23,050:INFO:Creating metrics dataframe
2026-05-07 11:30:23,051:INFO:Finalizing model
2026-05-07 11:30:24,904:INFO:Uploading results into container
2026-05-07 11:30:24,905:INFO:Uploading model into container now
2026-05-07 11:30:24,906:INFO:_master_model_container: 2
2026-05-07 11:30:24,906:INFO:_display_container: 3
2026-05-07 11:30:24,906:INFO:RandomForestClassifier(bootstrap=True, ccp_alpha=0.0,
                       class_weight='balanced_subsample', criterion='entropy',
                       max_depth=4, max_features='log2', max_leaf_nodes=None,
                       max_samples=None, min_impurity_decrease=0.01,
                       min_samples_leaf=3, min_samples_split=2,
                       min_weight_fraction_leaf=0.0, monotonic_cst=None,
                       n_estimators=120, n_jobs=-1, oob_score=False,
                       random_state=42, verbose=0, warm_start=False)
2026-05-07 11:30:24,906:INFO:create_model() successfully completed......................................
2026-05-07 11:30:25,113:INFO:SubProcess create_model() end ==================================
2026-05-07 11:30:25,113:INFO:choose_better activated
2026-05-07 11:30:25,113:INFO:SubProcess create_model() called ==================================
2026-05-07 11:30:25,114:INFO:Initializing create_model()
2026-05-07 11:30:25,114:INFO:create_model(self=<pycaret.classification.oop.ClassificationExperiment object at 0x7fb61dabcca0>, estimator=RandomForestClassifier(bootstrap=True, ccp_alpha=0.0, class_weight=None,
                       criterion='gini', max_depth=None, max_features='sqrt',
                       max_leaf_nodes=None, max_samples=None,
                       min_impurity_decrease=0.0, min_samples_leaf=1,
                       min_samples_split=2, min_weight_fraction_leaf=0.0,
                       monotonic_cst=None, n_estimators=100, n_jobs=-1,
                       oob_score=False, random_state=42, verbose=0,
                       warm_start=False), fold=StratifiedKFold(n_splits=3, random_state=None, shuffle=False), round=4, cross_validation=True, predict=True, fit_kwargs={}, groups=None, refit=True, probability_threshold=None, experiment_custom_tags=None, verbose=False, system=False, add_to_model_list=True, metrics=None, display=None, model_only=True, return_train_score=False, error_score=0.0, kwargs={})
2026-05-07 11:30:25,114:INFO:Checking exceptions
2026-05-07 11:30:25,115:INFO:Importing libraries
2026-05-07 11:30:25,115:INFO:Copying training dataset
2026-05-07 11:30:25,208:INFO:Defining folds
2026-05-07 11:30:25,209:INFO:Declaring metric variables
2026-05-07 11:30:25,209:INFO:Importing untrained model
2026-05-07 11:30:25,209:INFO:Declaring custom model
2026-05-07 11:30:25,209:INFO:Random Forest Classifier Imported successfully
2026-05-07 11:30:25,209:INFO:Starting cross validation
2026-05-07 11:30:25,210:INFO:Cross validating with StratifiedKFold(n_splits=3, random_state=None, shuffle=False), n_jobs=-1
2026-05-07 11:30:25,558:WARNING:/home/yhz/miniconda3/envs/local_iot/lib/python3.10/site-packages/sklearn/impute/_base.py:577: UserWarning: Skipping features without any observed values: ['smart_211_raw' 'smart_212_raw']. At least one non-missing value is needed for imputation with strategy='mean'.
  warnings.warn(

2026-05-07 11:30:26,593:WARNING:/home/yhz/miniconda3/envs/local_iot/lib/python3.10/site-packages/sklearn/impute/_base.py:577: UserWarning: Skipping features without any observed values: ['smart_211_raw' 'smart_212_raw']. At least one non-missing value is needed for imputation with strategy='mean'.
  warnings.warn(

2026-05-07 11:30:26,787:INFO:Calculating mean and std
2026-05-07 11:30:26,787:INFO:Creating metrics dataframe
2026-05-07 11:30:26,789:INFO:Finalizing model
2026-05-07 11:30:27,761:INFO:Uploading results into container
2026-05-07 11:30:27,761:INFO:Uploading model into container now
2026-05-07 11:30:27,761:INFO:_master_model_container: 3
2026-05-07 11:30:27,761:INFO:_display_container: 4
2026-05-07 11:30:27,762:INFO:RandomForestClassifier(bootstrap=True, ccp_alpha=0.0, class_weight=None,
                       criterion='gini', max_depth=None, max_features='sqrt',
                       max_leaf_nodes=None, max_samples=None,
                       min_impurity_decrease=0.0, min_samples_leaf=1,
                       min_samples_split=2, min_weight_fraction_leaf=0.0,
                       monotonic_cst=None, n_estimators=100, n_jobs=-1,
                       oob_score=False, random_state=42, verbose=0,
                       warm_start=False)
2026-05-07 11:30:27,762:INFO:create_model() successfully completed......................................
2026-05-07 11:30:27,937:INFO:SubProcess create_model() end ==================================
2026-05-07 11:30:27,938:INFO:RandomForestClassifier(bootstrap=True, ccp_alpha=0.0, class_weight=None,
                       criterion='gini', max_depth=None, max_features='sqrt',
                       max_leaf_nodes=None, max_samples=None,
                       min_impurity_decrease=0.0, min_samples_leaf=1,
                       min_samples_split=2, min_weight_fraction_leaf=0.0,
                       monotonic_cst=None, n_estimators=100, n_jobs=-1,
                       oob_score=False, random_state=42, verbose=0,
                       warm_start=False) result for F1 is 0.2667
2026-05-07 11:30:27,939:INFO:RandomForestClassifier(bootstrap=True, ccp_alpha=0.0,
                       class_weight='balanced_subsample', criterion='entropy',
                       max_depth=4, max_features='log2', max_leaf_nodes=None,
                       max_samples=None, min_impurity_decrease=0.01,
                       min_samples_leaf=3, min_samples_split=2,
                       min_weight_fraction_leaf=0.0, monotonic_cst=None,
                       n_estimators=120, n_jobs=-1, oob_score=False,
                       random_state=42, verbose=0, warm_start=False) result for F1 is 0.0743
2026-05-07 11:30:27,939:INFO:RandomForestClassifier(bootstrap=True, ccp_alpha=0.0, class_weight=None,
                       criterion='gini', max_depth=None, max_features='sqrt',
                       max_leaf_nodes=None, max_samples=None,
                       min_impurity_decrease=0.0, min_samples_leaf=1,
                       min_samples_split=2, min_weight_fraction_leaf=0.0,
                       monotonic_cst=None, n_estimators=100, n_jobs=-1,
                       oob_score=False, random_state=42, verbose=0,
                       warm_start=False) is best model
2026-05-07 11:30:27,939:INFO:choose_better completed
2026-05-07 11:30:27,939:INFO:Original model was better than the tuned model, hence it will be returned. NOTE: The display metrics are for the tuned model (not the original one).
2026-05-07 11:30:27,939:INFO:_master_model_container: 3
2026-05-07 11:30:27,939:INFO:_display_container: 3
2026-05-07 11:30:27,940:INFO:RandomForestClassifier(bootstrap=True, ccp_alpha=0.0, class_weight=None,
                       criterion='gini', max_depth=None, max_features='sqrt',
                       max_leaf_nodes=None, max_samples=None,
                       min_impurity_decrease=0.0, min_samples_leaf=1,
                       min_samples_split=2, min_weight_fraction_leaf=0.0,
                       monotonic_cst=None, n_estimators=100, n_jobs=-1,
                       oob_score=False, random_state=42, verbose=0,
                       warm_start=False)
2026-05-07 11:30:27,940:INFO:tune_model() successfully completed......................................
2026-05-07 11:30:28,128:INFO:Initializing save_model()
2026-05-07 11:30:28,128:INFO:save_model(model=RandomForestClassifier(bootstrap=True, ccp_alpha=0.0, class_weight=None,
                       criterion='gini', max_depth=None, max_features='sqrt',
                       max_leaf_nodes=None, max_samples=None,
                       min_impurity_decrease=0.0, min_samples_leaf=1,
                       min_samples_split=2, min_weight_fraction_leaf=0.0,
                       monotonic_cst=None, n_estimators=100, n_jobs=-1,
                       oob_score=False, random_state=42, verbose=0,
                       warm_start=False), model_name=./storage/trained_models/latest/rf, prep_pipe_=Pipeline(memory=FastMemory(location=/tmp/joblib),
         steps=[('numerical_imputer',
                 TransformerWrapper(exclude=None,
                                    include=['capacity_bytes', 'pod_slot_num',
                                             'smart_1_normalized',
                                             'smart_1_raw',
                                             'smart_2_normalized',
                                             'smart_2_raw',
                                             'smart_3_normalized',
                                             'smart_3_raw',
                                             'smart_4_normalized',
                                             'smart_4_raw',
                                             'smart_5_normalized',
                                             'smart_5_raw',
                                             'smart_7_normalized',
                                             'sma...
                                                              handle_missing='return_nan',
                                                              handle_unknown='value',
                                                              return_df=True,
                                                              use_cat_names=True,
                                                              verbose=0))),
                ('rest_encoding',
                 TransformerWrapper(exclude=None, include=['model'],
                                    transformer=TargetEncoder(cols=['model'],
                                                              drop_invariant=False,
                                                              handle_missing='return_nan',
                                                              handle_unknown='value',
                                                              hierarchy=None,
                                                              min_samples_leaf=20,
                                                              return_df=True,
                                                              smoothing=10,
                                                              verbose=0)))],
         verbose=False), verbose=True, use_case=MLUsecase.CLASSIFICATION, kwargs={})
2026-05-07 11:30:28,128:INFO:Adding model into prep_pipe
2026-05-07 11:30:28,154:INFO:./storage/trained_models/latest/rf.pkl saved in current working directory
2026-05-07 11:30:28,159:INFO:Pipeline(memory=Memory(location=None),
         steps=[('numerical_imputer',
                 TransformerWrapper(exclude=None,
                                    include=['capacity_bytes', 'pod_slot_num',
                                             'smart_1_normalized',
                                             'smart_1_raw',
                                             'smart_2_normalized',
                                             'smart_2_raw',
                                             'smart_3_normalized',
                                             'smart_3_raw',
                                             'smart_4_normalized',
                                             'smart_4_raw',
                                             'smart_5_normalized',
                                             'smart_5_raw',
                                             'smart_7_normalized',
                                             'smart_7_raw',
                                             '...
                 RandomForestClassifier(bootstrap=True, ccp_alpha=0.0,
                                        class_weight=None, criterion='gini',
                                        max_depth=None, max_features='sqrt',
                                        max_leaf_nodes=None, max_samples=None,
                                        min_impurity_decrease=0.0,
                                        min_samples_leaf=1, min_samples_split=2,
                                        min_weight_fraction_leaf=0.0,
                                        monotonic_cst=None, n_estimators=100,
                                        n_jobs=-1, oob_score=False,
                                        random_state=42, verbose=0,
                                        warm_start=False))],
         verbose=False)
2026-05-07 11:30:28,159:INFO:save_model() successfully completed......................................
2026-05-07 11:30:28,329:INFO:Initializing create_model()
2026-05-07 11:30:28,329:INFO:create_model(self=<pycaret.classification.oop.ClassificationExperiment object at 0x7fb61dabcca0>, estimator=nb, fold=None, round=4, cross_validation=True, predict=True, fit_kwargs=None, groups=None, refit=True, probability_threshold=None, experiment_custom_tags=None, verbose=False, system=True, add_to_model_list=True, metrics=None, display=None, model_only=True, return_train_score=False, error_score=0.0, kwargs={})
2026-05-07 11:30:28,329:INFO:Checking exceptions
2026-05-07 11:30:28,330:INFO:Importing libraries
2026-05-07 11:30:28,330:INFO:Copying training dataset
2026-05-07 11:30:28,418:INFO:Defining folds
2026-05-07 11:30:28,418:INFO:Declaring metric variables
2026-05-07 11:30:28,418:INFO:Importing untrained model
2026-05-07 11:30:28,418:INFO:Naive Bayes Imported successfully
2026-05-07 11:30:28,419:INFO:Starting cross validation
2026-05-07 11:30:28,419:INFO:Cross validating with StratifiedKFold(n_splits=3, random_state=None, shuffle=False), n_jobs=-1
2026-05-07 11:30:28,788:WARNING:/home/yhz/miniconda3/envs/local_iot/lib/python3.10/site-packages/sklearn/impute/_base.py:577: UserWarning: Skipping features without any observed values: ['smart_211_raw' 'smart_212_raw']. At least one non-missing value is needed for imputation with strategy='mean'.
  warnings.warn(

2026-05-07 11:30:29,320:WARNING:/home/yhz/miniconda3/envs/local_iot/lib/python3.10/site-packages/sklearn/impute/_base.py:577: UserWarning: Skipping features without any observed values: ['smart_211_raw' 'smart_212_raw']. At least one non-missing value is needed for imputation with strategy='mean'.
  warnings.warn(

2026-05-07 11:30:29,501:INFO:Calculating mean and std
2026-05-07 11:30:29,502:INFO:Creating metrics dataframe
2026-05-07 11:30:29,503:INFO:Finalizing model
2026-05-07 11:30:30,077:INFO:Uploading results into container
2026-05-07 11:30:30,078:INFO:Uploading model into container now
2026-05-07 11:30:30,078:INFO:_master_model_container: 4
2026-05-07 11:30:30,078:INFO:_display_container: 4
2026-05-07 11:30:30,078:INFO:GaussianNB(priors=None, var_smoothing=1e-09)
2026-05-07 11:30:30,078:INFO:create_model() successfully completed......................................
2026-05-07 11:30:30,251:INFO:Initializing tune_model()
2026-05-07 11:30:30,251:INFO:tune_model(estimator=GaussianNB(priors=None, var_smoothing=1e-09), fold=None, round=4, n_iter=10, custom_grid=None, optimize=F1, custom_scorer=None, search_library=scikit-learn, search_algorithm=None, early_stopping=False, early_stopping_max_iters=10, choose_better=True, fit_kwargs=None, groups=None, return_tuner=False, verbose=False, tuner_verbose=True, return_train_score=False, kwargs={}, self=<pycaret.classification.oop.ClassificationExperiment object at 0x7fb61dabcca0>)
2026-05-07 11:30:30,252:INFO:Checking exceptions
2026-05-07 11:30:30,288:INFO:Copying training dataset
2026-05-07 11:30:30,339:INFO:Checking base model
2026-05-07 11:30:30,339:INFO:Base model : Naive Bayes
2026-05-07 11:30:30,340:INFO:Declaring metric variables
2026-05-07 11:30:30,340:INFO:Defining Hyperparameters
2026-05-07 11:30:30,521:INFO:Tuning with n_jobs=-1
2026-05-07 11:30:30,521:INFO:Initializing RandomizedSearchCV
2026-05-07 11:30:30,903:WARNING:/home/yhz/miniconda3/envs/local_iot/lib/python3.10/site-packages/sklearn/impute/_base.py:577: UserWarning: Skipping features without any observed values: ['smart_211_raw' 'smart_212_raw']. At least one non-missing value is needed for imputation with strategy='mean'.
  warnings.warn(

2026-05-07 11:30:31,308:WARNING:/home/yhz/miniconda3/envs/local_iot/lib/python3.10/site-packages/sklearn/impute/_base.py:577: UserWarning: Skipping features without any observed values: ['smart_211_raw' 'smart_212_raw']. At least one non-missing value is needed for imputation with strategy='mean'.
  warnings.warn(

2026-05-07 11:30:31,880:WARNING:/home/yhz/miniconda3/envs/local_iot/lib/python3.10/site-packages/sklearn/impute/_base.py:577: UserWarning: Skipping features without any observed values: ['smart_211_raw' 'smart_212_raw']. At least one non-missing value is needed for imputation with strategy='mean'.
  warnings.warn(

2026-05-07 11:30:32,307:WARNING:/home/yhz/miniconda3/envs/local_iot/lib/python3.10/site-packages/sklearn/impute/_base.py:577: UserWarning: Skipping features without any observed values: ['smart_211_raw' 'smart_212_raw']. At least one non-missing value is needed for imputation with strategy='mean'.
  warnings.warn(

2026-05-07 11:30:33,020:WARNING:/home/yhz/miniconda3/envs/local_iot/lib/python3.10/site-packages/sklearn/impute/_base.py:577: UserWarning: Skipping features without any observed values: ['smart_211_raw' 'smart_212_raw']. At least one non-missing value is needed for imputation with strategy='mean'.
  warnings.warn(

2026-05-07 11:30:33,029:WARNING:/home/yhz/miniconda3/envs/local_iot/lib/python3.10/site-packages/sklearn/impute/_base.py:577: UserWarning: Skipping features without any observed values: ['smart_211_raw' 'smart_212_raw']. At least one non-missing value is needed for imputation with strategy='mean'.
  warnings.warn(

2026-05-07 11:30:33,816:WARNING:/home/yhz/miniconda3/envs/local_iot/lib/python3.10/site-packages/sklearn/impute/_base.py:577: UserWarning: Skipping features without any observed values: ['smart_211_raw' 'smart_212_raw']. At least one non-missing value is needed for imputation with strategy='mean'.
  warnings.warn(

2026-05-07 11:30:33,836:WARNING:/home/yhz/miniconda3/envs/local_iot/lib/python3.10/site-packages/sklearn/impute/_base.py:577: UserWarning: Skipping features without any observed values: ['smart_211_raw' 'smart_212_raw']. At least one non-missing value is needed for imputation with strategy='mean'.
  warnings.warn(

2026-05-07 11:30:34,465:WARNING:/home/yhz/miniconda3/envs/local_iot/lib/python3.10/site-packages/sklearn/impute/_base.py:577: UserWarning: Skipping features without any observed values: ['smart_211_raw' 'smart_212_raw']. At least one non-missing value is needed for imputation with strategy='mean'.
  warnings.warn(

2026-05-07 11:30:34,637:WARNING:/home/yhz/miniconda3/envs/local_iot/lib/python3.10/site-packages/sklearn/impute/_base.py:577: UserWarning: Skipping features without any observed values: ['smart_211_raw' 'smart_212_raw']. At least one non-missing value is needed for imputation with strategy='mean'.
  warnings.warn(

2026-05-07 11:30:34,837:WARNING:/home/yhz/miniconda3/envs/local_iot/lib/python3.10/site-packages/sklearn/impute/_base.py:577: UserWarning: Skipping features without any observed values: ['smart_211_raw' 'smart_212_raw']. At least one non-missing value is needed for imputation with strategy='mean'.
  warnings.warn(

2026-05-07 11:30:35,500:WARNING:/home/yhz/miniconda3/envs/local_iot/lib/python3.10/site-packages/sklearn/impute/_base.py:577: UserWarning: Skipping features without any observed values: ['smart_211_raw' 'smart_212_raw']. At least one non-missing value is needed for imputation with strategy='mean'.
  warnings.warn(

2026-05-07 11:30:36,051:WARNING:/home/yhz/miniconda3/envs/local_iot/lib/python3.10/site-packages/sklearn/impute/_base.py:577: UserWarning: Skipping features without any observed values: ['smart_211_raw' 'smart_212_raw']. At least one non-missing value is needed for imputation with strategy='mean'.
  warnings.warn(

2026-05-07 11:30:36,152:WARNING:/home/yhz/miniconda3/envs/local_iot/lib/python3.10/site-packages/sklearn/impute/_base.py:577: UserWarning: Skipping features without any observed values: ['smart_211_raw' 'smart_212_raw']. At least one non-missing value is needed for imputation with strategy='mean'.
  warnings.warn(

2026-05-07 11:30:36,621:WARNING:/home/yhz/miniconda3/envs/local_iot/lib/python3.10/site-packages/sklearn/impute/_base.py:577: UserWarning: Skipping features without any observed values: ['smart_211_raw' 'smart_212_raw']. At least one non-missing value is needed for imputation with strategy='mean'.
  warnings.warn(

2026-05-07 11:30:36,825:WARNING:/home/yhz/miniconda3/envs/local_iot/lib/python3.10/site-packages/sklearn/impute/_base.py:577: UserWarning: Skipping features without any observed values: ['smart_211_raw' 'smart_212_raw']. At least one non-missing value is needed for imputation with strategy='mean'.
  warnings.warn(

2026-05-07 11:30:37,180:WARNING:/home/yhz/miniconda3/envs/local_iot/lib/python3.10/site-packages/sklearn/impute/_base.py:577: UserWarning: Skipping features without any observed values: ['smart_211_raw' 'smart_212_raw']. At least one non-missing value is needed for imputation with strategy='mean'.
  warnings.warn(

2026-05-07 11:30:37,194:WARNING:/home/yhz/miniconda3/envs/local_iot/lib/python3.10/site-packages/sklearn/impute/_base.py:577: UserWarning: Skipping features without any observed values: ['smart_211_raw' 'smart_212_raw']. At least one non-missing value is needed for imputation with strategy='mean'.
  warnings.warn(

2026-05-07 11:30:37,736:WARNING:/home/yhz/miniconda3/envs/local_iot/lib/python3.10/site-packages/sklearn/impute/_base.py:577: UserWarning: Skipping features without any observed values: ['smart_211_raw' 'smart_212_raw']. At least one non-missing value is needed for imputation with strategy='mean'.
  warnings.warn(

2026-05-07 11:30:37,983:WARNING:/home/yhz/miniconda3/envs/local_iot/lib/python3.10/site-packages/sklearn/impute/_base.py:577: UserWarning: Skipping features without any observed values: ['smart_211_raw' 'smart_212_raw']. At least one non-missing value is needed for imputation with strategy='mean'.
  warnings.warn(

2026-05-07 11:30:38,162:INFO:best_params: {'actual_estimator__var_smoothing': 0.003}
2026-05-07 11:30:38,163:INFO:Hyperparameter search completed
2026-05-07 11:30:38,163:INFO:SubProcess create_model() called ==================================
2026-05-07 11:30:38,163:INFO:Initializing create_model()
2026-05-07 11:30:38,163:INFO:create_model(self=<pycaret.classification.oop.ClassificationExperiment object at 0x7fb61dabcca0>, estimator=GaussianNB(priors=None, var_smoothing=1e-09), fold=StratifiedKFold(n_splits=3, random_state=None, shuffle=False), round=4, cross_validation=True, predict=True, fit_kwargs={}, groups=None, refit=True, probability_threshold=None, experiment_custom_tags=None, verbose=True, system=False, add_to_model_list=True, metrics=None, display=<pycaret.internal.display.display.CommonDisplay object at 0x7fb6627e5e10>, model_only=True, return_train_score=False, error_score=0.0, kwargs={'var_smoothing': 0.003})
2026-05-07 11:30:38,163:INFO:Checking exceptions
2026-05-07 11:30:38,163:INFO:Importing libraries
2026-05-07 11:30:38,163:INFO:Copying training dataset
2026-05-07 11:30:38,260:INFO:Defining folds
2026-05-07 11:30:38,260:INFO:Declaring metric variables
2026-05-07 11:30:38,261:INFO:Importing untrained model
2026-05-07 11:30:38,261:INFO:Declaring custom model
2026-05-07 11:30:38,261:INFO:Naive Bayes Imported successfully
2026-05-07 11:30:38,261:INFO:Starting cross validation
2026-05-07 11:30:38,262:INFO:Cross validating with StratifiedKFold(n_splits=3, random_state=None, shuffle=False), n_jobs=-1
2026-05-07 11:30:38,557:WARNING:/home/yhz/miniconda3/envs/local_iot/lib/python3.10/site-packages/sklearn/impute/_base.py:577: UserWarning: Skipping features without any observed values: ['smart_211_raw' 'smart_212_raw']. At least one non-missing value is needed for imputation with strategy='mean'.
  warnings.warn(

2026-05-07 11:30:39,055:WARNING:/home/yhz/miniconda3/envs/local_iot/lib/python3.10/site-packages/sklearn/impute/_base.py:577: UserWarning: Skipping features without any observed values: ['smart_211_raw' 'smart_212_raw']. At least one non-missing value is needed for imputation with strategy='mean'.
  warnings.warn(

2026-05-07 11:30:39,250:INFO:Calculating mean and std
2026-05-07 11:30:39,250:INFO:Creating metrics dataframe
2026-05-07 11:30:39,251:INFO:Finalizing model
2026-05-07 11:30:39,820:INFO:Uploading results into container
2026-05-07 11:30:39,820:INFO:Uploading model into container now
2026-05-07 11:30:39,820:INFO:_master_model_container: 5
2026-05-07 11:30:39,820:INFO:_display_container: 5
2026-05-07 11:30:39,821:INFO:GaussianNB(priors=None, var_smoothing=0.003)
2026-05-07 11:30:39,821:INFO:create_model() successfully completed......................................
2026-05-07 11:30:40,001:INFO:SubProcess create_model() end ==================================
2026-05-07 11:30:40,001:INFO:choose_better activated
2026-05-07 11:30:40,002:INFO:SubProcess create_model() called ==================================
2026-05-07 11:30:40,002:INFO:Initializing create_model()
2026-05-07 11:30:40,002:INFO:create_model(self=<pycaret.classification.oop.ClassificationExperiment object at 0x7fb61dabcca0>, estimator=GaussianNB(priors=None, var_smoothing=1e-09), fold=StratifiedKFold(n_splits=3, random_state=None, shuffle=False), round=4, cross_validation=True, predict=True, fit_kwargs={}, groups=None, refit=True, probability_threshold=None, experiment_custom_tags=None, verbose=False, system=False, add_to_model_list=True, metrics=None, display=None, model_only=True, return_train_score=False, error_score=0.0, kwargs={})
2026-05-07 11:30:40,002:INFO:Checking exceptions
2026-05-07 11:30:40,002:INFO:Importing libraries
2026-05-07 11:30:40,002:INFO:Copying training dataset
2026-05-07 11:30:40,086:INFO:Defining folds
2026-05-07 11:30:40,086:INFO:Declaring metric variables
2026-05-07 11:30:40,086:INFO:Importing untrained model
2026-05-07 11:30:40,086:INFO:Declaring custom model
2026-05-07 11:30:40,086:INFO:Naive Bayes Imported successfully
2026-05-07 11:30:40,087:INFO:Starting cross validation
2026-05-07 11:30:40,087:INFO:Cross validating with StratifiedKFold(n_splits=3, random_state=None, shuffle=False), n_jobs=-1
2026-05-07 11:30:40,391:WARNING:/home/yhz/miniconda3/envs/local_iot/lib/python3.10/site-packages/sklearn/impute/_base.py:577: UserWarning: Skipping features without any observed values: ['smart_211_raw' 'smart_212_raw']. At least one non-missing value is needed for imputation with strategy='mean'.
  warnings.warn(

2026-05-07 11:30:40,886:WARNING:/home/yhz/miniconda3/envs/local_iot/lib/python3.10/site-packages/sklearn/impute/_base.py:577: UserWarning: Skipping features without any observed values: ['smart_211_raw' 'smart_212_raw']. At least one non-missing value is needed for imputation with strategy='mean'.
  warnings.warn(

2026-05-07 11:30:41,081:INFO:Calculating mean and std
2026-05-07 11:30:41,082:INFO:Creating metrics dataframe
2026-05-07 11:30:41,083:INFO:Finalizing model
2026-05-07 11:30:41,655:INFO:Uploading results into container
2026-05-07 11:30:41,655:INFO:Uploading model into container now
2026-05-07 11:30:41,655:INFO:_master_model_container: 6
2026-05-07 11:30:41,655:INFO:_display_container: 6
2026-05-07 11:30:41,656:INFO:GaussianNB(priors=None, var_smoothing=1e-09)
2026-05-07 11:30:41,656:INFO:create_model() successfully completed......................................
2026-05-07 11:30:41,814:INFO:SubProcess create_model() end ==================================
2026-05-07 11:30:41,814:INFO:GaussianNB(priors=None, var_smoothing=1e-09) result for F1 is 0.001
2026-05-07 11:30:41,814:INFO:GaussianNB(priors=None, var_smoothing=0.003) result for F1 is 0.2389
2026-05-07 11:30:41,814:INFO:GaussianNB(priors=None, var_smoothing=0.003) is best model
2026-05-07 11:30:41,814:INFO:choose_better completed
2026-05-07 11:30:41,815:INFO:_master_model_container: 6
2026-05-07 11:30:41,815:INFO:_display_container: 5
2026-05-07 11:30:41,815:INFO:GaussianNB(priors=None, var_smoothing=0.003)
2026-05-07 11:30:41,815:INFO:tune_model() successfully completed......................................
2026-05-07 11:30:42,001:INFO:Initializing save_model()
2026-05-07 11:30:42,001:INFO:save_model(model=GaussianNB(priors=None, var_smoothing=0.003), model_name=./storage/trained_models/latest/nb, prep_pipe_=Pipeline(memory=FastMemory(location=/tmp/joblib),
         steps=[('numerical_imputer',
                 TransformerWrapper(exclude=None,
                                    include=['capacity_bytes', 'pod_slot_num',
                                             'smart_1_normalized',
                                             'smart_1_raw',
                                             'smart_2_normalized',
                                             'smart_2_raw',
                                             'smart_3_normalized',
                                             'smart_3_raw',
                                             'smart_4_normalized',
                                             'smart_4_raw',
                                             'smart_5_normalized',
                                             'smart_5_raw',
                                             'smart_7_normalized',
                                             'sma...
                                                              handle_missing='return_nan',
                                                              handle_unknown='value',
                                                              return_df=True,
                                                              use_cat_names=True,
                                                              verbose=0))),
                ('rest_encoding',
                 TransformerWrapper(exclude=None, include=['model'],
                                    transformer=TargetEncoder(cols=['model'],
                                                              drop_invariant=False,
                                                              handle_missing='return_nan',
                                                              handle_unknown='value',
                                                              hierarchy=None,
                                                              min_samples_leaf=20,
                                                              return_df=True,
                                                              smoothing=10,
                                                              verbose=0)))],
         verbose=False), verbose=True, use_case=MLUsecase.CLASSIFICATION, kwargs={})
2026-05-07 11:30:42,001:INFO:Adding model into prep_pipe
2026-05-07 11:30:42,008:INFO:./storage/trained_models/latest/nb.pkl saved in current working directory
2026-05-07 11:30:42,013:INFO:Pipeline(memory=Memory(location=None),
         steps=[('numerical_imputer',
                 TransformerWrapper(exclude=None,
                                    include=['capacity_bytes', 'pod_slot_num',
                                             'smart_1_normalized',
                                             'smart_1_raw',
                                             'smart_2_normalized',
                                             'smart_2_raw',
                                             'smart_3_normalized',
                                             'smart_3_raw',
                                             'smart_4_normalized',
                                             'smart_4_raw',
                                             'smart_5_normalized',
                                             'smart_5_raw',
                                             'smart_7_normalized',
                                             'smart_7_raw',
                                             '...
                                                              use_cat_names=True,
                                                              verbose=0))),
                ('rest_encoding',
                 TransformerWrapper(exclude=None, include=['model'],
                                    transformer=TargetEncoder(cols=['model'],
                                                              drop_invariant=False,
                                                              handle_missing='return_nan',
                                                              handle_unknown='value',
                                                              hierarchy=None,
                                                              min_samples_leaf=20,
                                                              return_df=True,
                                                              smoothing=10,
                                                              verbose=0))),
                ('trained_model',
                 GaussianNB(priors=None, var_smoothing=0.003))],
         verbose=False)
2026-05-07 11:30:42,013:INFO:save_model() successfully completed......................................
2026-05-07 11:30:45,741:WARNING:/home/yhz/local_iot/ludwig/ludwig/hyperopt/utils.py:204: RuntimeWarning: All hyperopt parameters in Ludwig config are using grid_search space, but number of samples (2) is greater than 1. This will result in 1 duplicate trials being created. Consider setting `num_samples` to 1 in the hyperopt executor to prevent trial duplication.
  warnings.warn(

2026-05-07 11:54:40,009:WARNING:/home/yhz/local_iot/ludwig/ludwig/hyperopt/utils.py:204: RuntimeWarning: All hyperopt parameters in Ludwig config are using grid_search space, but number of samples (2) is greater than 1. This will result in 1 duplicate trials being created. Consider setting `num_samples` to 1 in the hyperopt executor to prevent trial duplication.
  warnings.warn(

2026-05-07 12:16:47,821:WARNING:/home/yhz/local_iot/ludwig/ludwig/hyperopt/utils.py:204: RuntimeWarning: All hyperopt parameters in Ludwig config are using grid_search space, but number of samples (2) is greater than 1. This will result in 1 duplicate trials being created. Consider setting `num_samples` to 1 in the hyperopt executor to prevent trial duplication.
  warnings.warn(

2026-05-07 12:17:30,721:WARNING:/home/yhz/miniconda3/envs/local_iot/lib/python3.10/site-packages/torch/nn/modules/conv.py:306: UserWarning: Using padding='same' with even kernel lengths and odd dilation may require a zero-padded copy of the input be created (Triggered internally at ../aten/src/ATen/native/Convolution.cpp:1008.)
  return F.conv1d(input, weight, bias, self.stride,

2026-05-07 12:24:06,550:WARNING:/home/yhz/local_iot/ludwig/ludwig/hyperopt/utils.py:204: RuntimeWarning: All hyperopt parameters in Ludwig config are using grid_search space, but number of samples (2) is greater than 1. This will result in 1 duplicate trials being created. Consider setting `num_samples` to 1 in the hyperopt executor to prevent trial duplication.
  warnings.warn(

2026-05-07 12:32:29,273:WARNING:/home/yhz/local_iot/ludwig/ludwig/hyperopt/utils.py:204: RuntimeWarning: All hyperopt parameters in Ludwig config are using grid_search space, but number of samples (2) is greater than 1. This will result in 1 duplicate trials being created. Consider setting `num_samples` to 1 in the hyperopt executor to prevent trial duplication.
  warnings.warn(

2026-05-07 14:18:43,048:WARNING:
'cuml' is a soft dependency and not included in the pycaret installation. Please run: `pip install cuml` to install.
2026-05-07 14:18:43,048:WARNING:
'cuml' is a soft dependency and not included in the pycaret installation. Please run: `pip install cuml` to install.
2026-05-07 14:18:43,048:WARNING:
'cuml' is a soft dependency and not included in the pycaret installation. Please run: `pip install cuml` to install.
2026-05-07 14:18:43,048:WARNING:
'cuml' is a soft dependency and not included in the pycaret installation. Please run: `pip install cuml` to install.
2026-05-07 14:19:10,496:WARNING:/home/yhz/local_iot/banckend/main.py:462: UserWarning: The argument 'infer_datetime_format' is deprecated and will be removed in a future version. A strict version of it is now the default, see https://pandas.pydata.org/pdeps/0004-consistent-to-datetime-parsing.html. You can safely remove this argument.
  parsed = pd.to_datetime(s.astype(str), errors="coerce", utc=True, infer_datetime_format=True)

2026-05-07 14:19:10,498:WARNING:/home/yhz/local_iot/banckend/main.py:462: UserWarning: Could not infer format, so each element will be parsed individually, falling back to `dateutil`. To ensure parsing is consistent and as-expected, please specify a format.
  parsed = pd.to_datetime(s.astype(str), errors="coerce", utc=True, infer_datetime_format=True)

2026-05-07 14:19:10,547:WARNING:/home/yhz/local_iot/banckend/main.py:462: UserWarning: The argument 'infer_datetime_format' is deprecated and will be removed in a future version. A strict version of it is now the default, see https://pandas.pydata.org/pdeps/0004-consistent-to-datetime-parsing.html. You can safely remove this argument.
  parsed = pd.to_datetime(s.astype(str), errors="coerce", utc=True, infer_datetime_format=True)

2026-05-07 14:19:10,548:WARNING:/home/yhz/local_iot/banckend/main.py:462: UserWarning: Could not infer format, so each element will be parsed individually, falling back to `dateutil`. To ensure parsing is consistent and as-expected, please specify a format.
  parsed = pd.to_datetime(s.astype(str), errors="coerce", utc=True, infer_datetime_format=True)

2026-05-07 14:19:10,642:INFO:PyCaret ClassificationExperiment
2026-05-07 14:19:10,642:INFO:Logging name: clf-default-name
2026-05-07 14:19:10,642:INFO:ML Usecase: MLUsecase.CLASSIFICATION
2026-05-07 14:19:10,642:INFO:version 3.4.0
2026-05-07 14:19:10,642:INFO:Initializing setup()
2026-05-07 14:19:10,642:INFO:self.USI: 8540
2026-05-07 14:19:10,642:INFO:self._variable_keys: {'log_plots_param', '_available_plots', 'pipeline', 'fix_imbalance', 'X', 'seed', 'exp_name_log', 'data', 'idx', '_ml_usecase', 'y_train', 'fold_shuffle_param', 'target_param', 'X_test', 'y', 'logging_param', 'USI', 'gpu_param', 'y_test', 'fold_generator', 'exp_id', 'html_param', 'n_jobs_param', 'fold_groups_param', 'gpu_n_jobs_param', 'is_multiclass', 'X_train', 'memory'}
2026-05-07 14:19:10,642:INFO:Checking environment
2026-05-07 14:19:10,642:INFO:python_version: 3.10.20
2026-05-07 14:19:10,642:INFO:python_build: ('main', 'Mar 11 2026 17:46:40')
2026-05-07 14:19:10,642:INFO:machine: x86_64
2026-05-07 14:19:10,642:INFO:platform: Linux-5.15.0-139-generic-x86_64-with-glibc2.31
2026-05-07 14:19:10,642:INFO:Memory: svmem(total=33242705920, available=19536379904, percent=41.2, used=13204918272, free=13290745856, active=4686176256, inactive=13506273280, buffers=1176227840, cached=5570813952, shared=22294528, slab=862257152)
2026-05-07 14:19:10,643:INFO:Physical Core: 24
2026-05-07 14:19:10,643:INFO:Logical Core: 32
2026-05-07 14:19:10,643:INFO:Checking libraries
2026-05-07 14:19:10,643:INFO:System:
2026-05-07 14:19:10,643:INFO:    python: 3.10.20 (main, Mar 11 2026, 17:46:40) [GCC 14.3.0]
2026-05-07 14:19:10,643:INFO:executable: /home/yhz/miniconda3/envs/local_iot/bin/python
2026-05-07 14:19:10,643:INFO:   machine: Linux-5.15.0-139-generic-x86_64-with-glibc2.31
2026-05-07 14:19:10,643:INFO:PyCaret required dependencies:
2026-05-07 14:19:10,644:WARNING:/home/yhz/miniconda3/envs/local_iot/lib/python3.10/site-packages/_distutils_hack/__init__.py:26: UserWarning: Setuptools is replacing distutils.
  warnings.warn("Setuptools is replacing distutils.")

2026-05-07 14:19:10,646:INFO:                 pip: 26.0.1
2026-05-07 14:19:10,646:INFO:          setuptools: 69.5.1
2026-05-07 14:19:10,646:INFO:             pycaret: 3.4.0
2026-05-07 14:19:10,646:INFO:             IPython: 8.39.0
2026-05-07 14:19:10,646:INFO:          ipywidgets: 8.1.8
2026-05-07 14:19:10,646:INFO:                tqdm: 4.67.3
2026-05-07 14:19:10,646:INFO:               numpy: 1.26.4
2026-05-07 14:19:10,646:INFO:              pandas: 2.1.3
2026-05-07 14:19:10,646:INFO:              jinja2: 3.1.6
2026-05-07 14:19:10,646:INFO:               scipy: 1.11.4
2026-05-07 14:19:10,646:INFO:              joblib: 1.4.2
2026-05-07 14:19:10,646:INFO:             sklearn: 1.4.2
2026-05-07 14:19:10,646:INFO:                pyod: 2.0.7
2026-05-07 14:19:10,646:INFO:            imblearn: 0.13.0
2026-05-07 14:19:10,646:INFO:   category_encoders: 2.7.0
2026-05-07 14:19:10,646:INFO:            lightgbm: 4.6.0
2026-05-07 14:19:10,646:INFO:               numba: 0.65.0
2026-05-07 14:19:10,646:INFO:            requests: 2.33.1
2026-05-07 14:19:10,646:INFO:          matplotlib: 3.7.5
2026-05-07 14:19:10,646:INFO:          scikitplot: 0.3.12
2026-05-07 14:19:10,646:INFO:         yellowbrick: 1.5
2026-05-07 14:19:10,646:INFO:              plotly: 6.6.0
2026-05-07 14:19:10,646:INFO:    plotly-resampler: Not installed
2026-05-07 14:19:10,646:INFO:             kaleido: 1.2.0
2026-05-07 14:19:10,646:INFO:           schemdraw: 0.15
2026-05-07 14:19:10,646:INFO:         statsmodels: 0.14.6
2026-05-07 14:19:10,646:INFO:              sktime: 0.31.0
2026-05-07 14:19:10,646:INFO:               tbats: 1.1.3
2026-05-07 14:19:10,646:INFO:            pmdarima: 2.0.4
2026-05-07 14:19:10,646:INFO:              psutil: 5.9.4
2026-05-07 14:19:10,646:INFO:          markupsafe: 3.0.3
2026-05-07 14:19:10,646:INFO:             pickle5: Not installed
2026-05-07 14:19:10,646:INFO:         cloudpickle: 3.1.2
2026-05-07 14:19:10,646:INFO:         deprecation: 2.1.0
2026-05-07 14:19:10,646:INFO:              xxhash: 3.6.0
2026-05-07 14:19:10,646:INFO:           wurlitzer: 3.1.1
2026-05-07 14:19:10,647:INFO:PyCaret optional dependencies:
2026-05-07 14:19:10,651:INFO:                shap: Not installed
2026-05-07 14:19:10,651:INFO:           interpret: Not installed
2026-05-07 14:19:10,651:INFO:                umap: Not installed
2026-05-07 14:19:10,652:INFO:     ydata_profiling: Not installed
2026-05-07 14:19:10,652:INFO:  explainerdashboard: Not installed
2026-05-07 14:19:10,652:INFO:             autoviz: Not installed
2026-05-07 14:19:10,652:INFO:           fairlearn: Not installed
2026-05-07 14:19:10,652:INFO:          deepchecks: Not installed
2026-05-07 14:19:10,652:INFO:             xgboost: 1.7.6
2026-05-07 14:19:10,652:INFO:            catboost: Not installed
2026-05-07 14:19:10,652:INFO:              kmodes: Not installed
2026-05-07 14:19:10,652:INFO:             mlxtend: Not installed
2026-05-07 14:19:10,652:INFO:       statsforecast: Not installed
2026-05-07 14:19:10,652:INFO:        tune_sklearn: Not installed
2026-05-07 14:19:10,652:INFO:                 ray: 2.4.0
2026-05-07 14:19:10,652:INFO:            hyperopt: 0.2.7
2026-05-07 14:19:10,652:INFO:              optuna: Not installed
2026-05-07 14:19:10,652:INFO:               skopt: Not installed
2026-05-07 14:19:10,652:INFO:              mlflow: Not installed
2026-05-07 14:19:10,652:INFO:              gradio: Not installed
2026-05-07 14:19:10,652:INFO:             fastapi: 0.104.1
2026-05-07 14:19:10,652:INFO:             uvicorn: 0.24.0
2026-05-07 14:19:10,652:INFO:              m2cgen: Not installed
2026-05-07 14:19:10,652:INFO:           evidently: Not installed
2026-05-07 14:19:10,652:INFO:               fugue: Not installed
2026-05-07 14:19:10,652:INFO:           streamlit: Not installed
2026-05-07 14:19:10,652:INFO:             prophet: Not installed
2026-05-07 14:19:10,652:INFO:None
2026-05-07 14:19:10,652:INFO:Set up data.
2026-05-07 14:19:10,723:INFO:Set up folding strategy.
2026-05-07 14:19:10,724:INFO:Set up train/test split.
2026-05-07 14:19:10,779:INFO:Set up index.
2026-05-07 14:19:10,780:INFO:Assigning column types.
2026-05-07 14:19:10,831:INFO:Engine successfully changes for model 'lr' to 'sklearn'.
2026-05-07 14:19:10,853:INFO:Engine for model 'knn' has not been set explicitly, hence returning None.
2026-05-07 14:19:10,855:INFO:Engine for model 'rbfsvm' has not been set explicitly, hence returning None.
2026-05-07 14:19:10,872:INFO:Soft dependency imported: xgboost: 1.7.6
2026-05-07 14:19:10,887:WARNING:
'catboost' is a soft dependency and not included in the pycaret installation. Please run: `pip install catboost` to install.
Alternately, you can install this by running `pip install pycaret[models]`
2026-05-07 14:19:10,909:INFO:Engine for model 'knn' has not been set explicitly, hence returning None.
2026-05-07 14:19:10,909:INFO:Engine for model 'rbfsvm' has not been set explicitly, hence returning None.
2026-05-07 14:19:10,923:INFO:Soft dependency imported: xgboost: 1.7.6
2026-05-07 14:19:10,924:WARNING:
'catboost' is a soft dependency and not included in the pycaret installation. Please run: `pip install catboost` to install.
Alternately, you can install this by running `pip install pycaret[models]`
2026-05-07 14:19:10,924:INFO:Engine successfully changes for model 'knn' to 'sklearn'.
2026-05-07 14:19:10,946:INFO:Engine for model 'rbfsvm' has not been set explicitly, hence returning None.
2026-05-07 14:19:10,959:INFO:Soft dependency imported: xgboost: 1.7.6
2026-05-07 14:19:10,961:WARNING:
'catboost' is a soft dependency and not included in the pycaret installation. Please run: `pip install catboost` to install.
Alternately, you can install this by running `pip install pycaret[models]`
2026-05-07 14:19:10,982:INFO:Engine for model 'rbfsvm' has not been set explicitly, hence returning None.
2026-05-07 14:19:10,996:INFO:Soft dependency imported: xgboost: 1.7.6
2026-05-07 14:19:10,997:WARNING:
'catboost' is a soft dependency and not included in the pycaret installation. Please run: `pip install catboost` to install.
Alternately, you can install this by running `pip install pycaret[models]`
2026-05-07 14:19:10,997:INFO:Engine successfully changes for model 'rbfsvm' to 'sklearn'.
2026-05-07 14:19:11,032:INFO:Soft dependency imported: xgboost: 1.7.6
2026-05-07 14:19:11,033:WARNING:
'catboost' is a soft dependency and not included in the pycaret installation. Please run: `pip install catboost` to install.
Alternately, you can install this by running `pip install pycaret[models]`
2026-05-07 14:19:11,068:INFO:Soft dependency imported: xgboost: 1.7.6
2026-05-07 14:19:11,069:WARNING:
'catboost' is a soft dependency and not included in the pycaret installation. Please run: `pip install catboost` to install.
Alternately, you can install this by running `pip install pycaret[models]`
2026-05-07 14:19:11,070:INFO:Preparing preprocessing pipeline...
2026-05-07 14:19:11,077:INFO:Set up simple imputation.
2026-05-07 14:19:11,099:INFO:Set up encoding of categorical features.
2026-05-07 14:19:11,350:INFO:Finished creating preprocessing pipeline.
2026-05-07 14:19:11,354:INFO:Pipeline: Pipeline(memory=FastMemory(location=/tmp/joblib),
         steps=[('numerical_imputer',
                 TransformerWrapper(exclude=None,
                                    include=['capacity_bytes',
                                             'smart_1_normalized',
                                             'smart_1_raw',
                                             'smart_2_normalized',
                                             'smart_2_raw',
                                             'smart_3_normalized',
                                             'smart_3_raw',
                                             'smart_4_normalized',
                                             'smart_4_raw',
                                             'smart_5_normalized',
                                             'smart_5_raw',
                                             'smart_7_normalized',
                                             'smart_7_raw',
                                             'smar...
                                                              fill_value=None,
                                                              keep_empty_features=False,
                                                              missing_values=nan,
                                                              strategy='most_frequent'))),
                ('rest_encoding',
                 TransformerWrapper(exclude=None, include=['model'],
                                    transformer=TargetEncoder(cols=['model'],
                                                              drop_invariant=False,
                                                              handle_missing='return_nan',
                                                              handle_unknown='value',
                                                              hierarchy=None,
                                                              min_samples_leaf=20,
                                                              return_df=True,
                                                              smoothing=10,
                                                              verbose=0)))],
         verbose=False)
2026-05-07 14:19:11,354:INFO:Creating final display dataframe.
2026-05-07 14:19:11,890:INFO:Setup _display_container:                     Description             Value
0                    Session id                42
1                        Target           failure
2                   Target type            Binary
3           Original data shape      (100028, 69)
4        Transformed data shape      (100028, 69)
5   Transformed train set shape       (80022, 69)
6    Transformed test set shape       (20006, 69)
7              Numeric features                67
8          Categorical features                 1
9      Rows with missing values            100.0%
10                   Preprocess              True
11              Imputation type            simple
12           Numeric imputation              mean
13       Categorical imputation              mode
14     Maximum one-hot encoding                25
15              Encoding method              None
16               Fold Generator   StratifiedKFold
17                  Fold Number                 3
18                     CPU Jobs                -1
19                      Use GPU             False
20               Log Experiment             False
21              Experiment Name  clf-default-name
22                          USI              8540
2026-05-07 14:19:11,926:INFO:Soft dependency imported: xgboost: 1.7.6
2026-05-07 14:19:11,928:WARNING:
'catboost' is a soft dependency and not included in the pycaret installation. Please run: `pip install catboost` to install.
Alternately, you can install this by running `pip install pycaret[models]`
2026-05-07 14:19:11,963:INFO:Soft dependency imported: xgboost: 1.7.6
2026-05-07 14:19:11,964:WARNING:
'catboost' is a soft dependency and not included in the pycaret installation. Please run: `pip install catboost` to install.
Alternately, you can install this by running `pip install pycaret[models]`
2026-05-07 14:19:11,965:INFO:setup() successfully completed in 1.32s...............
2026-05-07 14:19:11,965:INFO:Initializing create_model()
2026-05-07 14:19:11,965:INFO:create_model(self=<pycaret.classification.oop.ClassificationExperiment object at 0x7fc8051620e0>, estimator=rf, fold=None, round=4, cross_validation=True, predict=True, fit_kwargs=None, groups=None, refit=True, probability_threshold=None, experiment_custom_tags=None, verbose=False, system=True, add_to_model_list=True, metrics=None, display=None, model_only=True, return_train_score=False, error_score=0.0, kwargs={})
2026-05-07 14:19:11,965:INFO:Checking exceptions
2026-05-07 14:19:11,965:INFO:Importing libraries
2026-05-07 14:19:11,966:INFO:Copying training dataset
2026-05-07 14:19:12,024:INFO:Defining folds
2026-05-07 14:19:12,024:INFO:Declaring metric variables
2026-05-07 14:19:12,024:INFO:Importing untrained model
2026-05-07 14:19:12,024:INFO:Random Forest Classifier Imported successfully
2026-05-07 14:19:12,024:INFO:Starting cross validation
2026-05-07 14:19:12,025:INFO:Cross validating with StratifiedKFold(n_splits=3, random_state=None, shuffle=False), n_jobs=-1
2026-05-07 14:19:13,339:WARNING:/home/yhz/miniconda3/envs/local_iot/lib/python3.10/site-packages/_distutils_hack/__init__.py:26: UserWarning: Setuptools is replacing distutils.
  warnings.warn("Setuptools is replacing distutils.")

2026-05-07 14:19:13,385:WARNING:/home/yhz/miniconda3/envs/local_iot/lib/python3.10/site-packages/_distutils_hack/__init__.py:26: UserWarning: Setuptools is replacing distutils.
  warnings.warn("Setuptools is replacing distutils.")

2026-05-07 14:19:13,388:WARNING:/home/yhz/miniconda3/envs/local_iot/lib/python3.10/site-packages/_distutils_hack/__init__.py:26: UserWarning: Setuptools is replacing distutils.
  warnings.warn("Setuptools is replacing distutils.")

2026-05-07 14:19:14,285:WARNING:/home/yhz/miniconda3/envs/local_iot/lib/python3.10/site-packages/sklearn/metrics/_classification.py:1509: UndefinedMetricWarning: Precision is ill-defined and being set to 0.0 due to no predicted samples. Use `zero_division` parameter to control this behavior.
  _warn_prf(average, modifier, f"{metric.capitalize()} is", len(result))

2026-05-07 14:19:14,437:WARNING:/home/yhz/miniconda3/envs/local_iot/lib/python3.10/site-packages/sklearn/metrics/_classification.py:1509: UndefinedMetricWarning: Precision is ill-defined and being set to 0.0 due to no predicted samples. Use `zero_division` parameter to control this behavior.
  _warn_prf(average, modifier, f"{metric.capitalize()} is", len(result))

2026-05-07 14:19:14,448:INFO:Calculating mean and std
2026-05-07 14:19:14,449:INFO:Creating metrics dataframe
2026-05-07 14:19:14,451:INFO:Finalizing model
2026-05-07 14:19:15,076:INFO:Uploading results into container
2026-05-07 14:19:15,076:INFO:Uploading model into container now
2026-05-07 14:19:15,077:INFO:_master_model_container: 1
2026-05-07 14:19:15,077:INFO:_display_container: 2
2026-05-07 14:19:15,077:INFO:RandomForestClassifier(bootstrap=True, ccp_alpha=0.0, class_weight=None,
                       criterion='gini', max_depth=None, max_features='sqrt',
                       max_leaf_nodes=None, max_samples=None,
                       min_impurity_decrease=0.0, min_samples_leaf=1,
                       min_samples_split=2, min_weight_fraction_leaf=0.0,
                       monotonic_cst=None, n_estimators=100, n_jobs=-1,
                       oob_score=False, random_state=42, verbose=0,
                       warm_start=False)
2026-05-07 14:19:15,077:INFO:create_model() successfully completed......................................
2026-05-07 14:19:15,251:INFO:Initializing tune_model()
2026-05-07 14:19:15,251:INFO:tune_model(estimator=RandomForestClassifier(bootstrap=True, ccp_alpha=0.0, class_weight=None,
                       criterion='gini', max_depth=None, max_features='sqrt',
                       max_leaf_nodes=None, max_samples=None,
                       min_impurity_decrease=0.0, min_samples_leaf=1,
                       min_samples_split=2, min_weight_fraction_leaf=0.0,
                       monotonic_cst=None, n_estimators=100, n_jobs=-1,
                       oob_score=False, random_state=42, verbose=0,
                       warm_start=False), fold=None, round=4, n_iter=10, custom_grid=None, optimize=F1, custom_scorer=None, search_library=scikit-learn, search_algorithm=None, early_stopping=False, early_stopping_max_iters=10, choose_better=True, fit_kwargs=None, groups=None, return_tuner=False, verbose=False, tuner_verbose=True, return_train_score=False, kwargs={}, self=<pycaret.classification.oop.ClassificationExperiment object at 0x7fc8051620e0>)
2026-05-07 14:19:15,251:INFO:Checking exceptions
2026-05-07 14:19:15,296:INFO:Copying training dataset
2026-05-07 14:19:15,333:INFO:Checking base model
2026-05-07 14:19:15,333:INFO:Base model : Random Forest Classifier
2026-05-07 14:19:15,334:INFO:Declaring metric variables
2026-05-07 14:19:15,334:INFO:Defining Hyperparameters
2026-05-07 14:19:15,485:INFO:Tuning with n_jobs=-1
2026-05-07 14:19:15,485:INFO:Initializing RandomizedSearchCV
2026-05-07 14:19:16,405:WARNING:/home/yhz/miniconda3/envs/local_iot/lib/python3.10/site-packages/_distutils_hack/__init__.py:26: UserWarning: Setuptools is replacing distutils.
  warnings.warn("Setuptools is replacing distutils.")

2026-05-07 14:19:16,495:WARNING:/home/yhz/miniconda3/envs/local_iot/lib/python3.10/site-packages/_distutils_hack/__init__.py:26: UserWarning: Setuptools is replacing distutils.
  warnings.warn("Setuptools is replacing distutils.")

2026-05-07 14:19:16,536:WARNING:/home/yhz/miniconda3/envs/local_iot/lib/python3.10/site-packages/_distutils_hack/__init__.py:26: UserWarning: Setuptools is replacing distutils.
  warnings.warn("Setuptools is replacing distutils.")

2026-05-07 14:19:16,549:WARNING:/home/yhz/miniconda3/envs/local_iot/lib/python3.10/site-packages/_distutils_hack/__init__.py:26: UserWarning: Setuptools is replacing distutils.
  warnings.warn("Setuptools is replacing distutils.")

2026-05-07 14:19:16,629:WARNING:/home/yhz/miniconda3/envs/local_iot/lib/python3.10/site-packages/_distutils_hack/__init__.py:26: UserWarning: Setuptools is replacing distutils.
  warnings.warn("Setuptools is replacing distutils.")

2026-05-07 14:19:16,638:WARNING:/home/yhz/miniconda3/envs/local_iot/lib/python3.10/site-packages/_distutils_hack/__init__.py:26: UserWarning: Setuptools is replacing distutils.
  warnings.warn("Setuptools is replacing distutils.")

2026-05-07 14:19:16,893:WARNING:/home/yhz/miniconda3/envs/local_iot/lib/python3.10/site-packages/_distutils_hack/__init__.py:26: UserWarning: Setuptools is replacing distutils.
  warnings.warn("Setuptools is replacing distutils.")

2026-05-07 14:19:17,019:WARNING:/home/yhz/miniconda3/envs/local_iot/lib/python3.10/site-packages/_distutils_hack/__init__.py:26: UserWarning: Setuptools is replacing distutils.
  warnings.warn("Setuptools is replacing distutils.")

2026-05-07 14:19:17,019:WARNING:/home/yhz/miniconda3/envs/local_iot/lib/python3.10/site-packages/_distutils_hack/__init__.py:26: UserWarning: Setuptools is replacing distutils.
  warnings.warn("Setuptools is replacing distutils.")

2026-05-07 14:19:17,265:WARNING:/home/yhz/miniconda3/envs/local_iot/lib/python3.10/site-packages/_distutils_hack/__init__.py:26: UserWarning: Setuptools is replacing distutils.
  warnings.warn("Setuptools is replacing distutils.")

2026-05-07 14:19:17,373:WARNING:/home/yhz/miniconda3/envs/local_iot/lib/python3.10/site-packages/_distutils_hack/__init__.py:26: UserWarning: Setuptools is replacing distutils.
  warnings.warn("Setuptools is replacing distutils.")

2026-05-07 14:19:17,401:WARNING:/home/yhz/miniconda3/envs/local_iot/lib/python3.10/site-packages/_distutils_hack/__init__.py:26: UserWarning: Setuptools is replacing distutils.
  warnings.warn("Setuptools is replacing distutils.")

2026-05-07 14:19:17,402:WARNING:/home/yhz/miniconda3/envs/local_iot/lib/python3.10/site-packages/_distutils_hack/__init__.py:26: UserWarning: Setuptools is replacing distutils.
  warnings.warn("Setuptools is replacing distutils.")

2026-05-07 14:19:17,644:WARNING:/home/yhz/miniconda3/envs/local_iot/lib/python3.10/site-packages/_distutils_hack/__init__.py:26: UserWarning: Setuptools is replacing distutils.
  warnings.warn("Setuptools is replacing distutils.")

2026-05-07 14:19:17,669:WARNING:/home/yhz/miniconda3/envs/local_iot/lib/python3.10/site-packages/_distutils_hack/__init__.py:26: UserWarning: Setuptools is replacing distutils.
  warnings.warn("Setuptools is replacing distutils.")

2026-05-07 14:19:17,724:WARNING:/home/yhz/miniconda3/envs/local_iot/lib/python3.10/site-packages/_distutils_hack/__init__.py:26: UserWarning: Setuptools is replacing distutils.
  warnings.warn("Setuptools is replacing distutils.")

2026-05-07 14:19:18,002:WARNING:/home/yhz/miniconda3/envs/local_iot/lib/python3.10/site-packages/_distutils_hack/__init__.py:26: UserWarning: Setuptools is replacing distutils.
  warnings.warn("Setuptools is replacing distutils.")

2026-05-07 14:19:18,809:WARNING:/home/yhz/miniconda3/envs/local_iot/lib/python3.10/site-packages/_distutils_hack/__init__.py:26: UserWarning: Setuptools is replacing distutils.
  warnings.warn("Setuptools is replacing distutils.")

2026-05-07 14:19:19,237:WARNING:/home/yhz/miniconda3/envs/local_iot/lib/python3.10/site-packages/_distutils_hack/__init__.py:26: UserWarning: Setuptools is replacing distutils.
  warnings.warn("Setuptools is replacing distutils.")

2026-05-07 14:19:19,661:WARNING:/home/yhz/miniconda3/envs/local_iot/lib/python3.10/site-packages/_distutils_hack/__init__.py:26: UserWarning: Setuptools is replacing distutils.
  warnings.warn("Setuptools is replacing distutils.")

2026-05-07 14:19:19,771:WARNING:/home/yhz/miniconda3/envs/local_iot/lib/python3.10/site-packages/_distutils_hack/__init__.py:26: UserWarning: Setuptools is replacing distutils.
  warnings.warn("Setuptools is replacing distutils.")

2026-05-07 14:19:20,197:WARNING:/home/yhz/miniconda3/envs/local_iot/lib/python3.10/site-packages/_distutils_hack/__init__.py:26: UserWarning: Setuptools is replacing distutils.
  warnings.warn("Setuptools is replacing distutils.")

2026-05-07 14:19:21,073:WARNING:/home/yhz/miniconda3/envs/local_iot/lib/python3.10/site-packages/_distutils_hack/__init__.py:26: UserWarning: Setuptools is replacing distutils.
  warnings.warn("Setuptools is replacing distutils.")

2026-05-07 14:19:21,851:WARNING:/home/yhz/miniconda3/envs/local_iot/lib/python3.10/site-packages/_distutils_hack/__init__.py:26: UserWarning: Setuptools is replacing distutils.
  warnings.warn("Setuptools is replacing distutils.")

2026-05-07 14:19:22,371:WARNING:/home/yhz/miniconda3/envs/local_iot/lib/python3.10/site-packages/_distutils_hack/__init__.py:26: UserWarning: Setuptools is replacing distutils.
  warnings.warn("Setuptools is replacing distutils.")

2026-05-07 14:19:22,595:WARNING:/home/yhz/miniconda3/envs/local_iot/lib/python3.10/site-packages/_distutils_hack/__init__.py:26: UserWarning: Setuptools is replacing distutils.
  warnings.warn("Setuptools is replacing distutils.")

2026-05-07 14:19:22,645:WARNING:/home/yhz/miniconda3/envs/local_iot/lib/python3.10/site-packages/_distutils_hack/__init__.py:26: UserWarning: Setuptools is replacing distutils.
  warnings.warn("Setuptools is replacing distutils.")

2026-05-07 14:19:22,831:WARNING:/home/yhz/miniconda3/envs/local_iot/lib/python3.10/site-packages/_distutils_hack/__init__.py:26: UserWarning: Setuptools is replacing distutils.
  warnings.warn("Setuptools is replacing distutils.")

2026-05-07 14:19:24,347:WARNING:/home/yhz/miniconda3/envs/local_iot/lib/python3.10/site-packages/_distutils_hack/__init__.py:26: UserWarning: Setuptools is replacing distutils.
  warnings.warn("Setuptools is replacing distutils.")

2026-05-07 14:19:28,247:INFO:best_params: {'actual_estimator__n_estimators': 120, 'actual_estimator__min_samples_split': 2, 'actual_estimator__min_samples_leaf': 3, 'actual_estimator__min_impurity_decrease': 0.01, 'actual_estimator__max_features': 'log2', 'actual_estimator__max_depth': 4, 'actual_estimator__criterion': 'entropy', 'actual_estimator__class_weight': 'balanced_subsample', 'actual_estimator__bootstrap': True}
2026-05-07 14:19:28,248:INFO:Hyperparameter search completed
2026-05-07 14:19:28,248:INFO:SubProcess create_model() called ==================================
2026-05-07 14:19:28,248:INFO:Initializing create_model()
2026-05-07 14:19:28,248:INFO:create_model(self=<pycaret.classification.oop.ClassificationExperiment object at 0x7fc8051620e0>, estimator=RandomForestClassifier(bootstrap=True, ccp_alpha=0.0, class_weight=None,
                       criterion='gini', max_depth=None, max_features='sqrt',
                       max_leaf_nodes=None, max_samples=None,
                       min_impurity_decrease=0.0, min_samples_leaf=1,
                       min_samples_split=2, min_weight_fraction_leaf=0.0,
                       monotonic_cst=None, n_estimators=100, n_jobs=-1,
                       oob_score=False, random_state=42, verbose=0,
                       warm_start=False), fold=StratifiedKFold(n_splits=3, random_state=None, shuffle=False), round=4, cross_validation=True, predict=True, fit_kwargs={}, groups=None, refit=True, probability_threshold=None, experiment_custom_tags=None, verbose=True, system=False, add_to_model_list=True, metrics=None, display=<pycaret.internal.display.display.CommonDisplay object at 0x7fc5e882e6e0>, model_only=True, return_train_score=False, error_score=0.0, kwargs={'n_estimators': 120, 'min_samples_split': 2, 'min_samples_leaf': 3, 'min_impurity_decrease': 0.01, 'max_features': 'log2', 'max_depth': 4, 'criterion': 'entropy', 'class_weight': 'balanced_subsample', 'bootstrap': True})
2026-05-07 14:19:28,248:INFO:Checking exceptions
2026-05-07 14:19:28,248:INFO:Importing libraries
2026-05-07 14:19:28,248:INFO:Copying training dataset
2026-05-07 14:19:28,316:INFO:Defining folds
2026-05-07 14:19:28,316:INFO:Declaring metric variables
2026-05-07 14:19:28,316:INFO:Importing untrained model
2026-05-07 14:19:28,316:INFO:Declaring custom model
2026-05-07 14:19:28,317:INFO:Random Forest Classifier Imported successfully
2026-05-07 14:19:28,317:INFO:Starting cross validation
2026-05-07 14:19:28,318:INFO:Cross validating with StratifiedKFold(n_splits=3, random_state=None, shuffle=False), n_jobs=-1
2026-05-07 14:19:29,597:INFO:Calculating mean and std
2026-05-07 14:19:29,597:INFO:Creating metrics dataframe
2026-05-07 14:19:29,599:INFO:Finalizing model
2026-05-07 14:19:31,064:INFO:Uploading results into container
2026-05-07 14:19:31,064:INFO:Uploading model into container now
2026-05-07 14:19:31,065:INFO:_master_model_container: 2
2026-05-07 14:19:31,065:INFO:_display_container: 3
2026-05-07 14:19:31,065:INFO:RandomForestClassifier(bootstrap=True, ccp_alpha=0.0,
                       class_weight='balanced_subsample', criterion='entropy',
                       max_depth=4, max_features='log2', max_leaf_nodes=None,
                       max_samples=None, min_impurity_decrease=0.01,
                       min_samples_leaf=3, min_samples_split=2,
                       min_weight_fraction_leaf=0.0, monotonic_cst=None,
                       n_estimators=120, n_jobs=-1, oob_score=False,
                       random_state=42, verbose=0, warm_start=False)
2026-05-07 14:19:31,065:INFO:create_model() successfully completed......................................
2026-05-07 14:19:31,211:INFO:SubProcess create_model() end ==================================
2026-05-07 14:19:31,211:INFO:choose_better activated
2026-05-07 14:19:31,211:INFO:SubProcess create_model() called ==================================
2026-05-07 14:19:31,212:INFO:Initializing create_model()
2026-05-07 14:19:31,212:INFO:create_model(self=<pycaret.classification.oop.ClassificationExperiment object at 0x7fc8051620e0>, estimator=RandomForestClassifier(bootstrap=True, ccp_alpha=0.0, class_weight=None,
                       criterion='gini', max_depth=None, max_features='sqrt',
                       max_leaf_nodes=None, max_samples=None,
                       min_impurity_decrease=0.0, min_samples_leaf=1,
                       min_samples_split=2, min_weight_fraction_leaf=0.0,
                       monotonic_cst=None, n_estimators=100, n_jobs=-1,
                       oob_score=False, random_state=42, verbose=0,
                       warm_start=False), fold=StratifiedKFold(n_splits=3, random_state=None, shuffle=False), round=4, cross_validation=True, predict=True, fit_kwargs={}, groups=None, refit=True, probability_threshold=None, experiment_custom_tags=None, verbose=False, system=False, add_to_model_list=True, metrics=None, display=None, model_only=True, return_train_score=False, error_score=0.0, kwargs={})
2026-05-07 14:19:31,212:INFO:Checking exceptions
2026-05-07 14:19:31,213:INFO:Importing libraries
2026-05-07 14:19:31,213:INFO:Copying training dataset
2026-05-07 14:19:31,277:INFO:Defining folds
2026-05-07 14:19:31,277:INFO:Declaring metric variables
2026-05-07 14:19:31,277:INFO:Importing untrained model
2026-05-07 14:19:31,277:INFO:Declaring custom model
2026-05-07 14:19:31,277:INFO:Random Forest Classifier Imported successfully
2026-05-07 14:19:31,277:INFO:Starting cross validation
2026-05-07 14:19:31,278:INFO:Cross validating with StratifiedKFold(n_splits=3, random_state=None, shuffle=False), n_jobs=-1
2026-05-07 14:19:32,140:WARNING:/home/yhz/miniconda3/envs/local_iot/lib/python3.10/site-packages/sklearn/metrics/_classification.py:1509: UndefinedMetricWarning: Precision is ill-defined and being set to 0.0 due to no predicted samples. Use `zero_division` parameter to control this behavior.
  _warn_prf(average, modifier, f"{metric.capitalize()} is", len(result))

2026-05-07 14:19:32,213:WARNING:/home/yhz/miniconda3/envs/local_iot/lib/python3.10/site-packages/sklearn/metrics/_classification.py:1509: UndefinedMetricWarning: Precision is ill-defined and being set to 0.0 due to no predicted samples. Use `zero_division` parameter to control this behavior.
  _warn_prf(average, modifier, f"{metric.capitalize()} is", len(result))

2026-05-07 14:19:32,242:INFO:Calculating mean and std
2026-05-07 14:19:32,243:INFO:Creating metrics dataframe
2026-05-07 14:19:32,246:INFO:Finalizing model
2026-05-07 14:19:32,831:INFO:Uploading results into container
2026-05-07 14:19:32,831:INFO:Uploading model into container now
2026-05-07 14:19:32,831:INFO:_master_model_container: 3
2026-05-07 14:19:32,831:INFO:_display_container: 4
2026-05-07 14:19:32,832:INFO:RandomForestClassifier(bootstrap=True, ccp_alpha=0.0, class_weight=None,
                       criterion='gini', max_depth=None, max_features='sqrt',
                       max_leaf_nodes=None, max_samples=None,
                       min_impurity_decrease=0.0, min_samples_leaf=1,
                       min_samples_split=2, min_weight_fraction_leaf=0.0,
                       monotonic_cst=None, n_estimators=100, n_jobs=-1,
                       oob_score=False, random_state=42, verbose=0,
                       warm_start=False)
2026-05-07 14:19:32,832:INFO:create_model() successfully completed......................................
2026-05-07 14:19:32,978:INFO:SubProcess create_model() end ==================================
2026-05-07 14:19:32,978:INFO:RandomForestClassifier(bootstrap=True, ccp_alpha=0.0, class_weight=None,
                       criterion='gini', max_depth=None, max_features='sqrt',
                       max_leaf_nodes=None, max_samples=None,
                       min_impurity_decrease=0.0, min_samples_leaf=1,
                       min_samples_split=2, min_weight_fraction_leaf=0.0,
                       monotonic_cst=None, n_estimators=100, n_jobs=-1,
                       oob_score=False, random_state=42, verbose=0,
                       warm_start=False) result for F1 is 0.0741
2026-05-07 14:19:32,979:INFO:RandomForestClassifier(bootstrap=True, ccp_alpha=0.0,
                       class_weight='balanced_subsample', criterion='entropy',
                       max_depth=4, max_features='log2', max_leaf_nodes=None,
                       max_samples=None, min_impurity_decrease=0.01,
                       min_samples_leaf=3, min_samples_split=2,
                       min_weight_fraction_leaf=0.0, monotonic_cst=None,
                       n_estimators=120, n_jobs=-1, oob_score=False,
                       random_state=42, verbose=0, warm_start=False) result for F1 is 0.0222
2026-05-07 14:19:32,980:INFO:RandomForestClassifier(bootstrap=True, ccp_alpha=0.0, class_weight=None,
                       criterion='gini', max_depth=None, max_features='sqrt',
                       max_leaf_nodes=None, max_samples=None,
                       min_impurity_decrease=0.0, min_samples_leaf=1,
                       min_samples_split=2, min_weight_fraction_leaf=0.0,
                       monotonic_cst=None, n_estimators=100, n_jobs=-1,
                       oob_score=False, random_state=42, verbose=0,
                       warm_start=False) is best model
2026-05-07 14:19:32,980:INFO:choose_better completed
2026-05-07 14:19:32,980:INFO:Original model was better than the tuned model, hence it will be returned. NOTE: The display metrics are for the tuned model (not the original one).
2026-05-07 14:19:32,980:INFO:_master_model_container: 3
2026-05-07 14:19:32,980:INFO:_display_container: 3
2026-05-07 14:19:32,981:INFO:RandomForestClassifier(bootstrap=True, ccp_alpha=0.0, class_weight=None,
                       criterion='gini', max_depth=None, max_features='sqrt',
                       max_leaf_nodes=None, max_samples=None,
                       min_impurity_decrease=0.0, min_samples_leaf=1,
                       min_samples_split=2, min_weight_fraction_leaf=0.0,
                       monotonic_cst=None, n_estimators=100, n_jobs=-1,
                       oob_score=False, random_state=42, verbose=0,
                       warm_start=False)
2026-05-07 14:19:32,981:INFO:tune_model() successfully completed......................................
2026-05-07 14:19:33,134:INFO:Initializing save_model()
2026-05-07 14:19:33,134:INFO:save_model(model=RandomForestClassifier(bootstrap=True, ccp_alpha=0.0, class_weight=None,
                       criterion='gini', max_depth=None, max_features='sqrt',
                       max_leaf_nodes=None, max_samples=None,
                       min_impurity_decrease=0.0, min_samples_leaf=1,
                       min_samples_split=2, min_weight_fraction_leaf=0.0,
                       monotonic_cst=None, n_estimators=100, n_jobs=-1,
                       oob_score=False, random_state=42, verbose=0,
                       warm_start=False), model_name=./storage/trained_models/latest/rf, prep_pipe_=Pipeline(memory=FastMemory(location=/tmp/joblib),
         steps=[('numerical_imputer',
                 TransformerWrapper(exclude=None,
                                    include=['capacity_bytes',
                                             'smart_1_normalized',
                                             'smart_1_raw',
                                             'smart_2_normalized',
                                             'smart_2_raw',
                                             'smart_3_normalized',
                                             'smart_3_raw',
                                             'smart_4_normalized',
                                             'smart_4_raw',
                                             'smart_5_normalized',
                                             'smart_5_raw',
                                             'smart_7_normalized',
                                             'smart_7_raw',
                                             'smar...
                                                              fill_value=None,
                                                              keep_empty_features=False,
                                                              missing_values=nan,
                                                              strategy='most_frequent'))),
                ('rest_encoding',
                 TransformerWrapper(exclude=None, include=['model'],
                                    transformer=TargetEncoder(cols=['model'],
                                                              drop_invariant=False,
                                                              handle_missing='return_nan',
                                                              handle_unknown='value',
                                                              hierarchy=None,
                                                              min_samples_leaf=20,
                                                              return_df=True,
                                                              smoothing=10,
                                                              verbose=0)))],
         verbose=False), verbose=True, use_case=MLUsecase.CLASSIFICATION, kwargs={})
2026-05-07 14:19:33,134:INFO:Adding model into prep_pipe
2026-05-07 14:19:33,160:INFO:./storage/trained_models/latest/rf.pkl saved in current working directory
2026-05-07 14:19:33,164:INFO:Pipeline(memory=Memory(location=None),
         steps=[('numerical_imputer',
                 TransformerWrapper(exclude=None,
                                    include=['capacity_bytes',
                                             'smart_1_normalized',
                                             'smart_1_raw',
                                             'smart_2_normalized',
                                             'smart_2_raw',
                                             'smart_3_normalized',
                                             'smart_3_raw',
                                             'smart_4_normalized',
                                             'smart_4_raw',
                                             'smart_5_normalized',
                                             'smart_5_raw',
                                             'smart_7_normalized',
                                             'smart_7_raw',
                                             'smart_8_normali...
                 RandomForestClassifier(bootstrap=True, ccp_alpha=0.0,
                                        class_weight=None, criterion='gini',
                                        max_depth=None, max_features='sqrt',
                                        max_leaf_nodes=None, max_samples=None,
                                        min_impurity_decrease=0.0,
                                        min_samples_leaf=1, min_samples_split=2,
                                        min_weight_fraction_leaf=0.0,
                                        monotonic_cst=None, n_estimators=100,
                                        n_jobs=-1, oob_score=False,
                                        random_state=42, verbose=0,
                                        warm_start=False))],
         verbose=False)
2026-05-07 14:19:33,164:INFO:save_model() successfully completed......................................
2026-05-07 14:19:33,317:INFO:Initializing create_model()
2026-05-07 14:19:33,317:INFO:create_model(self=<pycaret.classification.oop.ClassificationExperiment object at 0x7fc8051620e0>, estimator=nb, fold=None, round=4, cross_validation=True, predict=True, fit_kwargs=None, groups=None, refit=True, probability_threshold=None, experiment_custom_tags=None, verbose=False, system=True, add_to_model_list=True, metrics=None, display=None, model_only=True, return_train_score=False, error_score=0.0, kwargs={})
2026-05-07 14:19:33,317:INFO:Checking exceptions
2026-05-07 14:19:33,318:INFO:Importing libraries
2026-05-07 14:19:33,318:INFO:Copying training dataset
2026-05-07 14:19:33,382:INFO:Defining folds
2026-05-07 14:19:33,382:INFO:Declaring metric variables
2026-05-07 14:19:33,382:INFO:Importing untrained model
2026-05-07 14:19:33,382:INFO:Naive Bayes Imported successfully
2026-05-07 14:19:33,382:INFO:Starting cross validation
2026-05-07 14:19:33,383:INFO:Cross validating with StratifiedKFold(n_splits=3, random_state=None, shuffle=False), n_jobs=-1
2026-05-07 14:19:33,960:INFO:Calculating mean and std
2026-05-07 14:19:33,960:INFO:Creating metrics dataframe
2026-05-07 14:19:33,961:INFO:Finalizing model
2026-05-07 14:19:34,213:INFO:Uploading results into container
2026-05-07 14:19:34,213:INFO:Uploading model into container now
2026-05-07 14:19:34,214:INFO:_master_model_container: 4
2026-05-07 14:19:34,214:INFO:_display_container: 4
2026-05-07 14:19:34,214:INFO:GaussianNB(priors=None, var_smoothing=1e-09)
2026-05-07 14:19:34,214:INFO:create_model() successfully completed......................................
2026-05-07 14:19:34,362:INFO:Initializing tune_model()
2026-05-07 14:19:34,362:INFO:tune_model(estimator=GaussianNB(priors=None, var_smoothing=1e-09), fold=None, round=4, n_iter=10, custom_grid=None, optimize=F1, custom_scorer=None, search_library=scikit-learn, search_algorithm=None, early_stopping=False, early_stopping_max_iters=10, choose_better=True, fit_kwargs=None, groups=None, return_tuner=False, verbose=False, tuner_verbose=True, return_train_score=False, kwargs={}, self=<pycaret.classification.oop.ClassificationExperiment object at 0x7fc8051620e0>)
2026-05-07 14:19:34,363:INFO:Checking exceptions
2026-05-07 14:19:34,392:INFO:Copying training dataset
2026-05-07 14:19:34,429:INFO:Checking base model
2026-05-07 14:19:34,429:INFO:Base model : Naive Bayes
2026-05-07 14:19:34,429:INFO:Declaring metric variables
2026-05-07 14:19:34,430:INFO:Defining Hyperparameters
2026-05-07 14:19:34,577:INFO:Tuning with n_jobs=-1
2026-05-07 14:19:34,577:INFO:Initializing RandomizedSearchCV
2026-05-07 14:19:38,232:INFO:best_params: {'actual_estimator__var_smoothing': 2e-07}
2026-05-07 14:19:38,233:INFO:Hyperparameter search completed
2026-05-07 14:19:38,233:INFO:SubProcess create_model() called ==================================
2026-05-07 14:19:38,233:INFO:Initializing create_model()
2026-05-07 14:19:38,233:INFO:create_model(self=<pycaret.classification.oop.ClassificationExperiment object at 0x7fc8051620e0>, estimator=GaussianNB(priors=None, var_smoothing=1e-09), fold=StratifiedKFold(n_splits=3, random_state=None, shuffle=False), round=4, cross_validation=True, predict=True, fit_kwargs={}, groups=None, refit=True, probability_threshold=None, experiment_custom_tags=None, verbose=True, system=False, add_to_model_list=True, metrics=None, display=<pycaret.internal.display.display.CommonDisplay object at 0x7fc7fc4d90c0>, model_only=True, return_train_score=False, error_score=0.0, kwargs={'var_smoothing': 2e-07})
2026-05-07 14:19:38,233:INFO:Checking exceptions
2026-05-07 14:19:38,233:INFO:Importing libraries
2026-05-07 14:19:38,233:INFO:Copying training dataset
2026-05-07 14:19:38,295:INFO:Defining folds
2026-05-07 14:19:38,295:INFO:Declaring metric variables
2026-05-07 14:19:38,295:INFO:Importing untrained model
2026-05-07 14:19:38,295:INFO:Declaring custom model
2026-05-07 14:19:38,295:INFO:Naive Bayes Imported successfully
2026-05-07 14:19:38,295:INFO:Starting cross validation
2026-05-07 14:19:38,296:INFO:Cross validating with StratifiedKFold(n_splits=3, random_state=None, shuffle=False), n_jobs=-1
2026-05-07 14:19:38,755:WARNING:/home/yhz/miniconda3/envs/local_iot/lib/python3.10/site-packages/sklearn/metrics/_classification.py:1509: UndefinedMetricWarning: Precision is ill-defined and being set to 0.0 due to no predicted samples. Use `zero_division` parameter to control this behavior.
  _warn_prf(average, modifier, f"{metric.capitalize()} is", len(result))

2026-05-07 14:19:38,793:WARNING:/home/yhz/miniconda3/envs/local_iot/lib/python3.10/site-packages/sklearn/metrics/_classification.py:1509: UndefinedMetricWarning: Precision is ill-defined and being set to 0.0 due to no predicted samples. Use `zero_division` parameter to control this behavior.
  _warn_prf(average, modifier, f"{metric.capitalize()} is", len(result))

2026-05-07 14:19:38,857:INFO:Calculating mean and std
2026-05-07 14:19:38,857:INFO:Creating metrics dataframe
2026-05-07 14:19:38,860:INFO:Finalizing model
2026-05-07 14:19:39,134:INFO:Uploading results into container
2026-05-07 14:19:39,134:INFO:Uploading model into container now
2026-05-07 14:19:39,134:INFO:_master_model_container: 5
2026-05-07 14:19:39,135:INFO:_display_container: 5
2026-05-07 14:19:39,135:INFO:GaussianNB(priors=None, var_smoothing=2e-07)
2026-05-07 14:19:39,135:INFO:create_model() successfully completed......................................
2026-05-07 14:19:39,279:INFO:SubProcess create_model() end ==================================
2026-05-07 14:19:39,280:INFO:choose_better activated
2026-05-07 14:19:39,280:INFO:SubProcess create_model() called ==================================
2026-05-07 14:19:39,280:INFO:Initializing create_model()
2026-05-07 14:19:39,280:INFO:create_model(self=<pycaret.classification.oop.ClassificationExperiment object at 0x7fc8051620e0>, estimator=GaussianNB(priors=None, var_smoothing=1e-09), fold=StratifiedKFold(n_splits=3, random_state=None, shuffle=False), round=4, cross_validation=True, predict=True, fit_kwargs={}, groups=None, refit=True, probability_threshold=None, experiment_custom_tags=None, verbose=False, system=False, add_to_model_list=True, metrics=None, display=None, model_only=True, return_train_score=False, error_score=0.0, kwargs={})
2026-05-07 14:19:39,280:INFO:Checking exceptions
2026-05-07 14:19:39,281:INFO:Importing libraries
2026-05-07 14:19:39,281:INFO:Copying training dataset
2026-05-07 14:19:39,346:INFO:Defining folds
2026-05-07 14:19:39,346:INFO:Declaring metric variables
2026-05-07 14:19:39,346:INFO:Importing untrained model
2026-05-07 14:19:39,346:INFO:Declaring custom model
2026-05-07 14:19:39,346:INFO:Naive Bayes Imported successfully
2026-05-07 14:19:39,347:INFO:Starting cross validation
2026-05-07 14:19:39,347:INFO:Cross validating with StratifiedKFold(n_splits=3, random_state=None, shuffle=False), n_jobs=-1
2026-05-07 14:19:39,917:INFO:Calculating mean and std
2026-05-07 14:19:39,918:INFO:Creating metrics dataframe
2026-05-07 14:19:39,919:INFO:Finalizing model
2026-05-07 14:19:40,177:INFO:Uploading results into container
2026-05-07 14:19:40,177:INFO:Uploading model into container now
2026-05-07 14:19:40,178:INFO:_master_model_container: 6
2026-05-07 14:19:40,178:INFO:_display_container: 6
2026-05-07 14:19:40,178:INFO:GaussianNB(priors=None, var_smoothing=1e-09)
2026-05-07 14:19:40,178:INFO:create_model() successfully completed......................................
2026-05-07 14:19:40,329:INFO:SubProcess create_model() end ==================================
2026-05-07 14:19:40,329:INFO:GaussianNB(priors=None, var_smoothing=1e-09) result for F1 is 0.0008
2026-05-07 14:19:40,330:INFO:GaussianNB(priors=None, var_smoothing=2e-07) result for F1 is 0.0002
2026-05-07 14:19:40,330:INFO:GaussianNB(priors=None, var_smoothing=1e-09) is best model
2026-05-07 14:19:40,330:INFO:choose_better completed
2026-05-07 14:19:40,330:INFO:Original model was better than the tuned model, hence it will be returned. NOTE: The display metrics are for the tuned model (not the original one).
2026-05-07 14:19:40,330:INFO:_master_model_container: 6
2026-05-07 14:19:40,330:INFO:_display_container: 5
2026-05-07 14:19:40,330:INFO:GaussianNB(priors=None, var_smoothing=1e-09)
2026-05-07 14:19:40,330:INFO:tune_model() successfully completed......................................
2026-05-07 14:19:40,487:INFO:Initializing save_model()
2026-05-07 14:19:40,487:INFO:save_model(model=GaussianNB(priors=None, var_smoothing=1e-09), model_name=./storage/trained_models/latest/nb, prep_pipe_=Pipeline(memory=FastMemory(location=/tmp/joblib),
         steps=[('numerical_imputer',
                 TransformerWrapper(exclude=None,
                                    include=['capacity_bytes',
                                             'smart_1_normalized',
                                             'smart_1_raw',
                                             'smart_2_normalized',
                                             'smart_2_raw',
                                             'smart_3_normalized',
                                             'smart_3_raw',
                                             'smart_4_normalized',
                                             'smart_4_raw',
                                             'smart_5_normalized',
                                             'smart_5_raw',
                                             'smart_7_normalized',
                                             'smart_7_raw',
                                             'smar...
                                                              fill_value=None,
                                                              keep_empty_features=False,
                                                              missing_values=nan,
                                                              strategy='most_frequent'))),
                ('rest_encoding',
                 TransformerWrapper(exclude=None, include=['model'],
                                    transformer=TargetEncoder(cols=['model'],
                                                              drop_invariant=False,
                                                              handle_missing='return_nan',
                                                              handle_unknown='value',
                                                              hierarchy=None,
                                                              min_samples_leaf=20,
                                                              return_df=True,
                                                              smoothing=10,
                                                              verbose=0)))],
         verbose=False), verbose=True, use_case=MLUsecase.CLASSIFICATION, kwargs={})
2026-05-07 14:19:40,487:INFO:Adding model into prep_pipe
2026-05-07 14:19:40,491:INFO:./storage/trained_models/latest/nb.pkl saved in current working directory
2026-05-07 14:19:40,494:INFO:Pipeline(memory=Memory(location=None),
         steps=[('numerical_imputer',
                 TransformerWrapper(exclude=None,
                                    include=['capacity_bytes',
                                             'smart_1_normalized',
                                             'smart_1_raw',
                                             'smart_2_normalized',
                                             'smart_2_raw',
                                             'smart_3_normalized',
                                             'smart_3_raw',
                                             'smart_4_normalized',
                                             'smart_4_raw',
                                             'smart_5_normalized',
                                             'smart_5_raw',
                                             'smart_7_normalized',
                                             'smart_7_raw',
                                             'smart_8_normali...
                                                              strategy='most_frequent'))),
                ('rest_encoding',
                 TransformerWrapper(exclude=None, include=['model'],
                                    transformer=TargetEncoder(cols=['model'],
                                                              drop_invariant=False,
                                                              handle_missing='return_nan',
                                                              handle_unknown='value',
                                                              hierarchy=None,
                                                              min_samples_leaf=20,
                                                              return_df=True,
                                                              smoothing=10,
                                                              verbose=0))),
                ('trained_model',
                 GaussianNB(priors=None, var_smoothing=1e-09))],
         verbose=False)
2026-05-07 14:19:40,495:INFO:save_model() successfully completed......................................
2026-05-07 14:19:43,969:WARNING:/home/yhz/local_iot/ludwig/ludwig/hyperopt/utils.py:204: RuntimeWarning: All hyperopt parameters in Ludwig config are using grid_search space, but number of samples (2) is greater than 1. This will result in 1 duplicate trials being created. Consider setting `num_samples` to 1 in the hyperopt executor to prevent trial duplication.
  warnings.warn(

2026-05-07 14:19:51,480:WARNING:/home/yhz/miniconda3/envs/local_iot/lib/python3.10/site-packages/ray/tune/experiment/experiment.py:170: UserWarning: The `local_dir` argument of `Experiment is deprecated. Use `storage_path` or set the `TUNE_RESULT_DIR` environment variable instead.
  warnings.warn(

2026-05-07 14:28:19,717:WARNING:/home/yhz/local_iot/ludwig/ludwig/hyperopt/utils.py:204: RuntimeWarning: All hyperopt parameters in Ludwig config are using grid_search space, but number of samples (2) is greater than 1. This will result in 1 duplicate trials being created. Consider setting `num_samples` to 1 in the hyperopt executor to prevent trial duplication.
  warnings.warn(

2026-05-07 14:29:23,754:WARNING:
'cuml' is a soft dependency and not included in the pycaret installation. Please run: `pip install cuml` to install.
2026-05-07 14:29:23,754:WARNING:
'cuml' is a soft dependency and not included in the pycaret installation. Please run: `pip install cuml` to install.
2026-05-07 14:29:23,754:WARNING:
'cuml' is a soft dependency and not included in the pycaret installation. Please run: `pip install cuml` to install.
2026-05-07 14:29:23,754:WARNING:
'cuml' is a soft dependency and not included in the pycaret installation. Please run: `pip install cuml` to install.
2026-05-07 14:30:23,042:WARNING:/home/yhz/local_iot/banckend/main.py:462: UserWarning: The argument 'infer_datetime_format' is deprecated and will be removed in a future version. A strict version of it is now the default, see https://pandas.pydata.org/pdeps/0004-consistent-to-datetime-parsing.html. You can safely remove this argument.
  parsed = pd.to_datetime(s.astype(str), errors="coerce", utc=True, infer_datetime_format=True)

2026-05-07 14:30:23,043:WARNING:/home/yhz/local_iot/banckend/main.py:462: UserWarning: Could not infer format, so each element will be parsed individually, falling back to `dateutil`. To ensure parsing is consistent and as-expected, please specify a format.
  parsed = pd.to_datetime(s.astype(str), errors="coerce", utc=True, infer_datetime_format=True)

2026-05-07 14:30:23,093:WARNING:/home/yhz/local_iot/banckend/main.py:462: UserWarning: The argument 'infer_datetime_format' is deprecated and will be removed in a future version. A strict version of it is now the default, see https://pandas.pydata.org/pdeps/0004-consistent-to-datetime-parsing.html. You can safely remove this argument.
  parsed = pd.to_datetime(s.astype(str), errors="coerce", utc=True, infer_datetime_format=True)

2026-05-07 14:30:23,093:WARNING:/home/yhz/local_iot/banckend/main.py:462: UserWarning: Could not infer format, so each element will be parsed individually, falling back to `dateutil`. To ensure parsing is consistent and as-expected, please specify a format.
  parsed = pd.to_datetime(s.astype(str), errors="coerce", utc=True, infer_datetime_format=True)

2026-05-07 14:30:26,473:WARNING:/home/yhz/local_iot/ludwig/ludwig/hyperopt/utils.py:204: RuntimeWarning: All hyperopt parameters in Ludwig config are using grid_search space, but number of samples (2) is greater than 1. This will result in 1 duplicate trials being created. Consider setting `num_samples` to 1 in the hyperopt executor to prevent trial duplication.
  warnings.warn(

2026-05-07 14:30:33,884:WARNING:/home/yhz/miniconda3/envs/local_iot/lib/python3.10/site-packages/ray/tune/experiment/experiment.py:170: UserWarning: The `local_dir` argument of `Experiment is deprecated. Use `storage_path` or set the `TUNE_RESULT_DIR` environment variable instead.
  warnings.warn(

2026-05-07 16:37:48,270:WARNING:
'cuml' is a soft dependency and not included in the pycaret installation. Please run: `pip install cuml` to install.
2026-05-07 16:37:48,270:WARNING:
'cuml' is a soft dependency and not included in the pycaret installation. Please run: `pip install cuml` to install.
2026-05-07 16:37:48,270:WARNING:
'cuml' is a soft dependency and not included in the pycaret installation. Please run: `pip install cuml` to install.
2026-05-07 16:37:48,270:WARNING:
'cuml' is a soft dependency and not included in the pycaret installation. Please run: `pip install cuml` to install.
2026-05-07 16:38:17,408:WARNING:/home/yhz/local_iot/banckend/main.py:462: UserWarning: The argument 'infer_datetime_format' is deprecated and will be removed in a future version. A strict version of it is now the default, see https://pandas.pydata.org/pdeps/0004-consistent-to-datetime-parsing.html. You can safely remove this argument.
  parsed = pd.to_datetime(s.astype(str), errors="coerce", utc=True, infer_datetime_format=True)

2026-05-07 16:38:17,409:WARNING:/home/yhz/local_iot/banckend/main.py:462: UserWarning: Could not infer format, so each element will be parsed individually, falling back to `dateutil`. To ensure parsing is consistent and as-expected, please specify a format.
  parsed = pd.to_datetime(s.astype(str), errors="coerce", utc=True, infer_datetime_format=True)

2026-05-07 16:38:17,458:WARNING:/home/yhz/local_iot/banckend/main.py:462: UserWarning: The argument 'infer_datetime_format' is deprecated and will be removed in a future version. A strict version of it is now the default, see https://pandas.pydata.org/pdeps/0004-consistent-to-datetime-parsing.html. You can safely remove this argument.
  parsed = pd.to_datetime(s.astype(str), errors="coerce", utc=True, infer_datetime_format=True)

2026-05-07 16:38:17,458:WARNING:/home/yhz/local_iot/banckend/main.py:462: UserWarning: Could not infer format, so each element will be parsed individually, falling back to `dateutil`. To ensure parsing is consistent and as-expected, please specify a format.
  parsed = pd.to_datetime(s.astype(str), errors="coerce", utc=True, infer_datetime_format=True)

2026-05-07 16:38:17,549:INFO:PyCaret ClassificationExperiment
2026-05-07 16:38:17,549:INFO:Logging name: clf-default-name
2026-05-07 16:38:17,549:INFO:ML Usecase: MLUsecase.CLASSIFICATION
2026-05-07 16:38:17,549:INFO:version 3.4.0
2026-05-07 16:38:17,549:INFO:Initializing setup()
2026-05-07 16:38:17,549:INFO:self.USI: 5efd
2026-05-07 16:38:17,549:INFO:self._variable_keys: {'X_train', 'USI', 'idx', 'target_param', 'is_multiclass', 'data', 'gpu_n_jobs_param', '_ml_usecase', 'X', 'X_test', 'logging_param', 'html_param', 'y_test', 'fold_shuffle_param', 'n_jobs_param', 'gpu_param', 'y', 'memory', 'fold_groups_param', 'y_train', 'seed', 'log_plots_param', '_available_plots', 'fix_imbalance', 'exp_id', 'pipeline', 'fold_generator', 'exp_name_log'}
2026-05-07 16:38:17,549:INFO:Checking environment
2026-05-07 16:38:17,549:INFO:python_version: 3.10.20
2026-05-07 16:38:17,549:INFO:python_build: ('main', 'Mar 11 2026 17:46:40')
2026-05-07 16:38:17,549:INFO:machine: x86_64
2026-05-07 16:38:17,549:INFO:platform: Linux-5.15.0-139-generic-x86_64-with-glibc2.31
2026-05-07 16:38:17,549:INFO:Memory: svmem(total=33242705920, available=14538719232, percent=56.3, used=18198507520, free=6609838080, active=6142791680, inactive=18444091392, buffers=1068539904, cached=7365820416, shared=25948160, slab=982298624)
2026-05-07 16:38:17,550:INFO:Physical Core: 24
2026-05-07 16:38:17,550:INFO:Logical Core: 32
2026-05-07 16:38:17,550:INFO:Checking libraries
2026-05-07 16:38:17,550:INFO:System:
2026-05-07 16:38:17,550:INFO:    python: 3.10.20 (main, Mar 11 2026, 17:46:40) [GCC 14.3.0]
2026-05-07 16:38:17,550:INFO:executable: /home/yhz/miniconda3/envs/local_iot/bin/python
2026-05-07 16:38:17,550:INFO:   machine: Linux-5.15.0-139-generic-x86_64-with-glibc2.31
2026-05-07 16:38:17,550:INFO:PyCaret required dependencies:
2026-05-07 16:38:17,550:WARNING:/home/yhz/miniconda3/envs/local_iot/lib/python3.10/site-packages/_distutils_hack/__init__.py:26: UserWarning: Setuptools is replacing distutils.
  warnings.warn("Setuptools is replacing distutils.")

2026-05-07 16:38:17,554:INFO:                 pip: 26.0.1
2026-05-07 16:38:17,554:INFO:          setuptools: 69.5.1
2026-05-07 16:38:17,554:INFO:             pycaret: 3.4.0
2026-05-07 16:38:17,554:INFO:             IPython: 8.39.0
2026-05-07 16:38:17,554:INFO:          ipywidgets: 8.1.8
2026-05-07 16:38:17,554:INFO:                tqdm: 4.67.3
2026-05-07 16:38:17,554:INFO:               numpy: 1.26.4
2026-05-07 16:38:17,554:INFO:              pandas: 2.1.3
2026-05-07 16:38:17,554:INFO:              jinja2: 3.1.6
2026-05-07 16:38:17,554:INFO:               scipy: 1.11.4
2026-05-07 16:38:17,554:INFO:              joblib: 1.4.2
2026-05-07 16:38:17,554:INFO:             sklearn: 1.4.2
2026-05-07 16:38:17,554:INFO:                pyod: 2.0.7
2026-05-07 16:38:17,554:INFO:            imblearn: 0.13.0
2026-05-07 16:38:17,554:INFO:   category_encoders: 2.7.0
2026-05-07 16:38:17,554:INFO:            lightgbm: 4.6.0
2026-05-07 16:38:17,554:INFO:               numba: 0.65.0
2026-05-07 16:38:17,554:INFO:            requests: 2.33.1
2026-05-07 16:38:17,554:INFO:          matplotlib: 3.7.5
2026-05-07 16:38:17,554:INFO:          scikitplot: 0.3.12
2026-05-07 16:38:17,554:INFO:         yellowbrick: 1.5
2026-05-07 16:38:17,554:INFO:              plotly: 6.6.0
2026-05-07 16:38:17,554:INFO:    plotly-resampler: Not installed
2026-05-07 16:38:17,554:INFO:             kaleido: 1.2.0
2026-05-07 16:38:17,554:INFO:           schemdraw: 0.15
2026-05-07 16:38:17,554:INFO:         statsmodels: 0.14.6
2026-05-07 16:38:17,554:INFO:              sktime: 0.31.0
2026-05-07 16:38:17,554:INFO:               tbats: 1.1.3
2026-05-07 16:38:17,554:INFO:            pmdarima: 2.0.4
2026-05-07 16:38:17,554:INFO:              psutil: 5.9.4
2026-05-07 16:38:17,554:INFO:          markupsafe: 3.0.3
2026-05-07 16:38:17,554:INFO:             pickle5: Not installed
2026-05-07 16:38:17,554:INFO:         cloudpickle: 3.1.2
2026-05-07 16:38:17,554:INFO:         deprecation: 2.1.0
2026-05-07 16:38:17,554:INFO:              xxhash: 3.6.0
2026-05-07 16:38:17,554:INFO:           wurlitzer: 3.1.1
2026-05-07 16:38:17,554:INFO:PyCaret optional dependencies:
2026-05-07 16:38:17,559:INFO:                shap: Not installed
2026-05-07 16:38:17,559:INFO:           interpret: Not installed
2026-05-07 16:38:17,559:INFO:                umap: Not installed
2026-05-07 16:38:17,559:INFO:     ydata_profiling: Not installed
2026-05-07 16:38:17,559:INFO:  explainerdashboard: Not installed
2026-05-07 16:38:17,559:INFO:             autoviz: Not installed
2026-05-07 16:38:17,559:INFO:           fairlearn: Not installed
2026-05-07 16:38:17,559:INFO:          deepchecks: Not installed
2026-05-07 16:38:17,559:INFO:             xgboost: 1.7.6
2026-05-07 16:38:17,559:INFO:            catboost: Not installed
2026-05-07 16:38:17,559:INFO:              kmodes: Not installed
2026-05-07 16:38:17,559:INFO:             mlxtend: Not installed
2026-05-07 16:38:17,559:INFO:       statsforecast: Not installed
2026-05-07 16:38:17,559:INFO:        tune_sklearn: Not installed
2026-05-07 16:38:17,559:INFO:                 ray: 2.4.0
2026-05-07 16:38:17,559:INFO:            hyperopt: 0.2.7
2026-05-07 16:38:17,559:INFO:              optuna: Not installed
2026-05-07 16:38:17,559:INFO:               skopt: Not installed
2026-05-07 16:38:17,559:INFO:              mlflow: Not installed
2026-05-07 16:38:17,559:INFO:              gradio: Not installed
2026-05-07 16:38:17,559:INFO:             fastapi: 0.104.1
2026-05-07 16:38:17,559:INFO:             uvicorn: 0.24.0
2026-05-07 16:38:17,559:INFO:              m2cgen: Not installed
2026-05-07 16:38:17,559:INFO:           evidently: Not installed
2026-05-07 16:38:17,559:INFO:               fugue: Not installed
2026-05-07 16:38:17,559:INFO:           streamlit: Not installed
2026-05-07 16:38:17,559:INFO:             prophet: Not installed
2026-05-07 16:38:17,559:INFO:None
2026-05-07 16:38:17,559:INFO:Set up data.
2026-05-07 16:38:17,624:INFO:Set up folding strategy.
2026-05-07 16:38:17,624:INFO:Set up train/test split.
2026-05-07 16:38:17,682:INFO:Set up index.
2026-05-07 16:38:17,685:INFO:Assigning column types.
2026-05-07 16:38:17,738:INFO:Engine successfully changes for model 'lr' to 'sklearn'.
2026-05-07 16:38:17,760:INFO:Engine for model 'knn' has not been set explicitly, hence returning None.
2026-05-07 16:38:17,761:INFO:Engine for model 'rbfsvm' has not been set explicitly, hence returning None.
2026-05-07 16:38:17,778:INFO:Soft dependency imported: xgboost: 1.7.6
2026-05-07 16:38:17,811:WARNING:
'catboost' is a soft dependency and not included in the pycaret installation. Please run: `pip install catboost` to install.
Alternately, you can install this by running `pip install pycaret[models]`
2026-05-07 16:38:17,833:INFO:Engine for model 'knn' has not been set explicitly, hence returning None.
2026-05-07 16:38:17,833:INFO:Engine for model 'rbfsvm' has not been set explicitly, hence returning None.
2026-05-07 16:38:17,847:INFO:Soft dependency imported: xgboost: 1.7.6
2026-05-07 16:38:17,848:WARNING:
'catboost' is a soft dependency and not included in the pycaret installation. Please run: `pip install catboost` to install.
Alternately, you can install this by running `pip install pycaret[models]`
2026-05-07 16:38:17,848:INFO:Engine successfully changes for model 'knn' to 'sklearn'.
2026-05-07 16:38:17,870:INFO:Engine for model 'rbfsvm' has not been set explicitly, hence returning None.
2026-05-07 16:38:17,883:INFO:Soft dependency imported: xgboost: 1.7.6
2026-05-07 16:38:17,885:WARNING:
'catboost' is a soft dependency and not included in the pycaret installation. Please run: `pip install catboost` to install.
Alternately, you can install this by running `pip install pycaret[models]`
2026-05-07 16:38:17,907:INFO:Engine for model 'rbfsvm' has not been set explicitly, hence returning None.
2026-05-07 16:38:17,920:INFO:Soft dependency imported: xgboost: 1.7.6
2026-05-07 16:38:17,922:WARNING:
'catboost' is a soft dependency and not included in the pycaret installation. Please run: `pip install catboost` to install.
Alternately, you can install this by running `pip install pycaret[models]`
2026-05-07 16:38:17,922:INFO:Engine successfully changes for model 'rbfsvm' to 'sklearn'.
2026-05-07 16:38:17,957:INFO:Soft dependency imported: xgboost: 1.7.6
2026-05-07 16:38:17,958:WARNING:
'catboost' is a soft dependency and not included in the pycaret installation. Please run: `pip install catboost` to install.
Alternately, you can install this by running `pip install pycaret[models]`
2026-05-07 16:38:17,993:INFO:Soft dependency imported: xgboost: 1.7.6
2026-05-07 16:38:17,995:WARNING:
'catboost' is a soft dependency and not included in the pycaret installation. Please run: `pip install catboost` to install.
Alternately, you can install this by running `pip install pycaret[models]`
2026-05-07 16:38:17,996:INFO:Preparing preprocessing pipeline...
2026-05-07 16:38:18,003:INFO:Set up simple imputation.
2026-05-07 16:38:18,026:INFO:Set up encoding of categorical features.
2026-05-07 16:38:18,270:INFO:Finished creating preprocessing pipeline.
2026-05-07 16:38:18,274:INFO:Pipeline: Pipeline(memory=FastMemory(location=/tmp/joblib),
         steps=[('numerical_imputer',
                 TransformerWrapper(exclude=None,
                                    include=['capacity_bytes',
                                             'smart_1_normalized',
                                             'smart_1_raw',
                                             'smart_2_normalized',
                                             'smart_2_raw',
                                             'smart_3_normalized',
                                             'smart_3_raw',
                                             'smart_4_normalized',
                                             'smart_4_raw',
                                             'smart_5_normalized',
                                             'smart_5_raw',
                                             'smart_7_normalized',
                                             'smart_7_raw',
                                             'smar...
                                                              fill_value=None,
                                                              keep_empty_features=False,
                                                              missing_values=nan,
                                                              strategy='most_frequent'))),
                ('rest_encoding',
                 TransformerWrapper(exclude=None, include=['model'],
                                    transformer=TargetEncoder(cols=['model'],
                                                              drop_invariant=False,
                                                              handle_missing='return_nan',
                                                              handle_unknown='value',
                                                              hierarchy=None,
                                                              min_samples_leaf=20,
                                                              return_df=True,
                                                              smoothing=10,
                                                              verbose=0)))],
         verbose=False)
2026-05-07 16:38:18,274:INFO:Creating final display dataframe.
2026-05-07 16:38:18,799:INFO:Setup _display_container:                     Description             Value
0                    Session id                42
1                        Target           failure
2                   Target type            Binary
3           Original data shape      (100055, 70)
4        Transformed data shape      (100055, 70)
5   Transformed train set shape       (80044, 70)
6    Transformed test set shape       (20011, 70)
7              Numeric features                68
8          Categorical features                 1
9      Rows with missing values            100.0%
10                   Preprocess              True
11              Imputation type            simple
12           Numeric imputation              mean
13       Categorical imputation              mode
14     Maximum one-hot encoding                25
15              Encoding method              None
16               Fold Generator   StratifiedKFold
17                  Fold Number                 3
18                     CPU Jobs                -1
19                      Use GPU             False
20               Log Experiment             False
21              Experiment Name  clf-default-name
22                          USI              5efd
2026-05-07 16:38:18,835:INFO:Soft dependency imported: xgboost: 1.7.6
2026-05-07 16:38:18,837:WARNING:
'catboost' is a soft dependency and not included in the pycaret installation. Please run: `pip install catboost` to install.
Alternately, you can install this by running `pip install pycaret[models]`
2026-05-07 16:38:18,872:INFO:Soft dependency imported: xgboost: 1.7.6
2026-05-07 16:38:18,873:WARNING:
'catboost' is a soft dependency and not included in the pycaret installation. Please run: `pip install catboost` to install.
Alternately, you can install this by running `pip install pycaret[models]`
2026-05-07 16:38:18,874:INFO:setup() successfully completed in 1.33s...............
2026-05-07 16:38:18,874:INFO:Initializing create_model()
2026-05-07 16:38:18,874:INFO:create_model(self=<pycaret.classification.oop.ClassificationExperiment object at 0x7f3dfd5f3040>, estimator=rf, fold=None, round=4, cross_validation=True, predict=True, fit_kwargs=None, groups=None, refit=True, probability_threshold=None, experiment_custom_tags=None, verbose=False, system=True, add_to_model_list=True, metrics=None, display=None, model_only=True, return_train_score=False, error_score=0.0, kwargs={})
2026-05-07 16:38:18,874:INFO:Checking exceptions
2026-05-07 16:38:18,875:INFO:Importing libraries
2026-05-07 16:38:18,875:INFO:Copying training dataset
2026-05-07 16:38:18,934:INFO:Defining folds
2026-05-07 16:38:18,934:INFO:Declaring metric variables
2026-05-07 16:38:18,934:INFO:Importing untrained model
2026-05-07 16:38:18,934:INFO:Random Forest Classifier Imported successfully
2026-05-07 16:38:18,935:INFO:Starting cross validation
2026-05-07 16:38:18,935:INFO:Cross validating with StratifiedKFold(n_splits=3, random_state=None, shuffle=False), n_jobs=-1
2026-05-07 16:38:20,327:WARNING:/home/yhz/miniconda3/envs/local_iot/lib/python3.10/site-packages/_distutils_hack/__init__.py:26: UserWarning: Setuptools is replacing distutils.
  warnings.warn("Setuptools is replacing distutils.")

2026-05-07 16:38:20,350:WARNING:/home/yhz/miniconda3/envs/local_iot/lib/python3.10/site-packages/_distutils_hack/__init__.py:26: UserWarning: Setuptools is replacing distutils.
  warnings.warn("Setuptools is replacing distutils.")

2026-05-07 16:38:20,350:WARNING:/home/yhz/miniconda3/envs/local_iot/lib/python3.10/site-packages/_distutils_hack/__init__.py:26: UserWarning: Setuptools is replacing distutils.
  warnings.warn("Setuptools is replacing distutils.")

2026-05-07 16:38:21,455:WARNING:/home/yhz/miniconda3/envs/local_iot/lib/python3.10/site-packages/sklearn/metrics/_classification.py:1509: UndefinedMetricWarning: Precision is ill-defined and being set to 0.0 due to no predicted samples. Use `zero_division` parameter to control this behavior.
  _warn_prf(average, modifier, f"{metric.capitalize()} is", len(result))

2026-05-07 16:38:21,518:WARNING:/home/yhz/miniconda3/envs/local_iot/lib/python3.10/site-packages/sklearn/metrics/_classification.py:1509: UndefinedMetricWarning: Precision is ill-defined and being set to 0.0 due to no predicted samples. Use `zero_division` parameter to control this behavior.
  _warn_prf(average, modifier, f"{metric.capitalize()} is", len(result))

2026-05-07 16:38:21,563:WARNING:/home/yhz/miniconda3/envs/local_iot/lib/python3.10/site-packages/sklearn/metrics/_classification.py:1509: UndefinedMetricWarning: Precision is ill-defined and being set to 0.0 due to no predicted samples. Use `zero_division` parameter to control this behavior.
  _warn_prf(average, modifier, f"{metric.capitalize()} is", len(result))

2026-05-07 16:38:21,577:INFO:Calculating mean and std
2026-05-07 16:38:21,577:INFO:Creating metrics dataframe
2026-05-07 16:38:21,579:INFO:Finalizing model
2026-05-07 16:38:22,268:INFO:Uploading results into container
2026-05-07 16:38:22,269:INFO:Uploading model into container now
2026-05-07 16:38:22,269:INFO:_master_model_container: 1
2026-05-07 16:38:22,270:INFO:_display_container: 2
2026-05-07 16:38:22,270:INFO:RandomForestClassifier(bootstrap=True, ccp_alpha=0.0, class_weight=None,
                       criterion='gini', max_depth=None, max_features='sqrt',
                       max_leaf_nodes=None, max_samples=None,
                       min_impurity_decrease=0.0, min_samples_leaf=1,
                       min_samples_split=2, min_weight_fraction_leaf=0.0,
                       monotonic_cst=None, n_estimators=100, n_jobs=-1,
                       oob_score=False, random_state=42, verbose=0,
                       warm_start=False)
2026-05-07 16:38:22,270:INFO:create_model() successfully completed......................................
2026-05-07 16:38:22,442:INFO:Initializing tune_model()
2026-05-07 16:38:22,442:INFO:tune_model(estimator=RandomForestClassifier(bootstrap=True, ccp_alpha=0.0, class_weight=None,
                       criterion='gini', max_depth=None, max_features='sqrt',
                       max_leaf_nodes=None, max_samples=None,
                       min_impurity_decrease=0.0, min_samples_leaf=1,
                       min_samples_split=2, min_weight_fraction_leaf=0.0,
                       monotonic_cst=None, n_estimators=100, n_jobs=-1,
                       oob_score=False, random_state=42, verbose=0,
                       warm_start=False), fold=None, round=4, n_iter=10, custom_grid=None, optimize=F1, custom_scorer=None, search_library=scikit-learn, search_algorithm=None, early_stopping=False, early_stopping_max_iters=10, choose_better=True, fit_kwargs=None, groups=None, return_tuner=False, verbose=False, tuner_verbose=True, return_train_score=False, kwargs={}, self=<pycaret.classification.oop.ClassificationExperiment object at 0x7f3dfd5f3040>)
2026-05-07 16:38:22,442:INFO:Checking exceptions
2026-05-07 16:38:22,488:INFO:Copying training dataset
2026-05-07 16:38:22,527:INFO:Checking base model
2026-05-07 16:38:22,527:INFO:Base model : Random Forest Classifier
2026-05-07 16:38:22,527:INFO:Declaring metric variables
2026-05-07 16:38:22,527:INFO:Defining Hyperparameters
2026-05-07 16:38:22,674:INFO:Tuning with n_jobs=-1
2026-05-07 16:38:22,675:INFO:Initializing RandomizedSearchCV
2026-05-07 16:38:23,711:WARNING:/home/yhz/miniconda3/envs/local_iot/lib/python3.10/site-packages/_distutils_hack/__init__.py:26: UserWarning: Setuptools is replacing distutils.
  warnings.warn("Setuptools is replacing distutils.")

2026-05-07 16:38:23,739:WARNING:/home/yhz/miniconda3/envs/local_iot/lib/python3.10/site-packages/_distutils_hack/__init__.py:26: UserWarning: Setuptools is replacing distutils.
  warnings.warn("Setuptools is replacing distutils.")

2026-05-07 16:38:23,857:WARNING:/home/yhz/miniconda3/envs/local_iot/lib/python3.10/site-packages/_distutils_hack/__init__.py:26: UserWarning: Setuptools is replacing distutils.
  warnings.warn("Setuptools is replacing distutils.")

2026-05-07 16:38:23,957:WARNING:/home/yhz/miniconda3/envs/local_iot/lib/python3.10/site-packages/_distutils_hack/__init__.py:26: UserWarning: Setuptools is replacing distutils.
  warnings.warn("Setuptools is replacing distutils.")

2026-05-07 16:38:24,002:WARNING:/home/yhz/miniconda3/envs/local_iot/lib/python3.10/site-packages/_distutils_hack/__init__.py:26: UserWarning: Setuptools is replacing distutils.
  warnings.warn("Setuptools is replacing distutils.")

2026-05-07 16:38:24,042:WARNING:/home/yhz/miniconda3/envs/local_iot/lib/python3.10/site-packages/_distutils_hack/__init__.py:26: UserWarning: Setuptools is replacing distutils.
  warnings.warn("Setuptools is replacing distutils.")

2026-05-07 16:38:24,062:WARNING:/home/yhz/miniconda3/envs/local_iot/lib/python3.10/site-packages/_distutils_hack/__init__.py:26: UserWarning: Setuptools is replacing distutils.
  warnings.warn("Setuptools is replacing distutils.")

2026-05-07 16:38:24,125:WARNING:/home/yhz/miniconda3/envs/local_iot/lib/python3.10/site-packages/_distutils_hack/__init__.py:26: UserWarning: Setuptools is replacing distutils.
  warnings.warn("Setuptools is replacing distutils.")

2026-05-07 16:38:24,301:WARNING:/home/yhz/miniconda3/envs/local_iot/lib/python3.10/site-packages/_distutils_hack/__init__.py:26: UserWarning: Setuptools is replacing distutils.
  warnings.warn("Setuptools is replacing distutils.")

2026-05-07 16:38:24,416:WARNING:/home/yhz/miniconda3/envs/local_iot/lib/python3.10/site-packages/_distutils_hack/__init__.py:26: UserWarning: Setuptools is replacing distutils.
  warnings.warn("Setuptools is replacing distutils.")

2026-05-07 16:38:24,442:WARNING:/home/yhz/miniconda3/envs/local_iot/lib/python3.10/site-packages/_distutils_hack/__init__.py:26: UserWarning: Setuptools is replacing distutils.
  warnings.warn("Setuptools is replacing distutils.")

2026-05-07 16:38:24,466:WARNING:/home/yhz/miniconda3/envs/local_iot/lib/python3.10/site-packages/_distutils_hack/__init__.py:26: UserWarning: Setuptools is replacing distutils.
  warnings.warn("Setuptools is replacing distutils.")

2026-05-07 16:38:24,496:WARNING:/home/yhz/miniconda3/envs/local_iot/lib/python3.10/site-packages/_distutils_hack/__init__.py:26: UserWarning: Setuptools is replacing distutils.
  warnings.warn("Setuptools is replacing distutils.")

2026-05-07 16:38:24,578:WARNING:/home/yhz/miniconda3/envs/local_iot/lib/python3.10/site-packages/_distutils_hack/__init__.py:26: UserWarning: Setuptools is replacing distutils.
  warnings.warn("Setuptools is replacing distutils.")

2026-05-07 16:38:24,637:WARNING:/home/yhz/miniconda3/envs/local_iot/lib/python3.10/site-packages/_distutils_hack/__init__.py:26: UserWarning: Setuptools is replacing distutils.
  warnings.warn("Setuptools is replacing distutils.")

2026-05-07 16:38:24,723:WARNING:/home/yhz/miniconda3/envs/local_iot/lib/python3.10/site-packages/_distutils_hack/__init__.py:26: UserWarning: Setuptools is replacing distutils.
  warnings.warn("Setuptools is replacing distutils.")

2026-05-07 16:38:24,900:WARNING:/home/yhz/miniconda3/envs/local_iot/lib/python3.10/site-packages/_distutils_hack/__init__.py:26: UserWarning: Setuptools is replacing distutils.
  warnings.warn("Setuptools is replacing distutils.")

2026-05-07 16:38:24,994:WARNING:/home/yhz/miniconda3/envs/local_iot/lib/python3.10/site-packages/_distutils_hack/__init__.py:26: UserWarning: Setuptools is replacing distutils.
  warnings.warn("Setuptools is replacing distutils.")

2026-05-07 16:38:25,010:WARNING:/home/yhz/miniconda3/envs/local_iot/lib/python3.10/site-packages/_distutils_hack/__init__.py:26: UserWarning: Setuptools is replacing distutils.
  warnings.warn("Setuptools is replacing distutils.")

2026-05-07 16:38:25,133:WARNING:/home/yhz/miniconda3/envs/local_iot/lib/python3.10/site-packages/_distutils_hack/__init__.py:26: UserWarning: Setuptools is replacing distutils.
  warnings.warn("Setuptools is replacing distutils.")

2026-05-07 16:38:25,194:WARNING:/home/yhz/miniconda3/envs/local_iot/lib/python3.10/site-packages/_distutils_hack/__init__.py:26: UserWarning: Setuptools is replacing distutils.
  warnings.warn("Setuptools is replacing distutils.")

2026-05-07 16:38:25,200:WARNING:/home/yhz/miniconda3/envs/local_iot/lib/python3.10/site-packages/_distutils_hack/__init__.py:26: UserWarning: Setuptools is replacing distutils.
  warnings.warn("Setuptools is replacing distutils.")

2026-05-07 16:38:25,280:WARNING:/home/yhz/miniconda3/envs/local_iot/lib/python3.10/site-packages/_distutils_hack/__init__.py:26: UserWarning: Setuptools is replacing distutils.
  warnings.warn("Setuptools is replacing distutils.")

2026-05-07 16:38:25,433:WARNING:/home/yhz/miniconda3/envs/local_iot/lib/python3.10/site-packages/_distutils_hack/__init__.py:26: UserWarning: Setuptools is replacing distutils.
  warnings.warn("Setuptools is replacing distutils.")

2026-05-07 16:38:25,732:WARNING:/home/yhz/miniconda3/envs/local_iot/lib/python3.10/site-packages/_distutils_hack/__init__.py:26: UserWarning: Setuptools is replacing distutils.
  warnings.warn("Setuptools is replacing distutils.")

2026-05-07 16:38:25,917:WARNING:/home/yhz/miniconda3/envs/local_iot/lib/python3.10/site-packages/_distutils_hack/__init__.py:26: UserWarning: Setuptools is replacing distutils.
  warnings.warn("Setuptools is replacing distutils.")

2026-05-07 16:38:25,936:WARNING:/home/yhz/miniconda3/envs/local_iot/lib/python3.10/site-packages/_distutils_hack/__init__.py:26: UserWarning: Setuptools is replacing distutils.
  warnings.warn("Setuptools is replacing distutils.")

2026-05-07 16:38:26,058:WARNING:/home/yhz/miniconda3/envs/local_iot/lib/python3.10/site-packages/_distutils_hack/__init__.py:26: UserWarning: Setuptools is replacing distutils.
  warnings.warn("Setuptools is replacing distutils.")

2026-05-07 16:38:26,352:WARNING:/home/yhz/miniconda3/envs/local_iot/lib/python3.10/site-packages/_distutils_hack/__init__.py:26: UserWarning: Setuptools is replacing distutils.
  warnings.warn("Setuptools is replacing distutils.")

2026-05-07 16:38:36,537:INFO:best_params: {'actual_estimator__n_estimators': 100, 'actual_estimator__min_samples_split': 7, 'actual_estimator__min_samples_leaf': 5, 'actual_estimator__min_impurity_decrease': 0.0002, 'actual_estimator__max_features': 1.0, 'actual_estimator__max_depth': 1, 'actual_estimator__criterion': 'entropy', 'actual_estimator__class_weight': 'balanced_subsample', 'actual_estimator__bootstrap': False}
2026-05-07 16:38:36,537:INFO:Hyperparameter search completed
2026-05-07 16:38:36,537:INFO:SubProcess create_model() called ==================================
2026-05-07 16:38:36,537:INFO:Initializing create_model()
2026-05-07 16:38:36,537:INFO:create_model(self=<pycaret.classification.oop.ClassificationExperiment object at 0x7f3dfd5f3040>, estimator=RandomForestClassifier(bootstrap=True, ccp_alpha=0.0, class_weight=None,
                       criterion='gini', max_depth=None, max_features='sqrt',
                       max_leaf_nodes=None, max_samples=None,
                       min_impurity_decrease=0.0, min_samples_leaf=1,
                       min_samples_split=2, min_weight_fraction_leaf=0.0,
                       monotonic_cst=None, n_estimators=100, n_jobs=-1,
                       oob_score=False, random_state=42, verbose=0,
                       warm_start=False), fold=StratifiedKFold(n_splits=3, random_state=None, shuffle=False), round=4, cross_validation=True, predict=True, fit_kwargs={}, groups=None, refit=True, probability_threshold=None, experiment_custom_tags=None, verbose=True, system=False, add_to_model_list=True, metrics=None, display=<pycaret.internal.display.display.CommonDisplay object at 0x7f3bc15fa890>, model_only=True, return_train_score=False, error_score=0.0, kwargs={'n_estimators': 100, 'min_samples_split': 7, 'min_samples_leaf': 5, 'min_impurity_decrease': 0.0002, 'max_features': 1.0, 'max_depth': 1, 'criterion': 'entropy', 'class_weight': 'balanced_subsample', 'bootstrap': False})
2026-05-07 16:38:36,537:INFO:Checking exceptions
2026-05-07 16:38:36,537:INFO:Importing libraries
2026-05-07 16:38:36,537:INFO:Copying training dataset
2026-05-07 16:38:36,599:INFO:Defining folds
2026-05-07 16:38:36,599:INFO:Declaring metric variables
2026-05-07 16:38:36,599:INFO:Importing untrained model
2026-05-07 16:38:36,599:INFO:Declaring custom model
2026-05-07 16:38:36,600:INFO:Random Forest Classifier Imported successfully
2026-05-07 16:38:36,600:INFO:Starting cross validation
2026-05-07 16:38:36,601:INFO:Cross validating with StratifiedKFold(n_splits=3, random_state=None, shuffle=False), n_jobs=-1
2026-05-07 16:38:37,753:INFO:Calculating mean and std
2026-05-07 16:38:37,754:INFO:Creating metrics dataframe
2026-05-07 16:38:37,755:INFO:Finalizing model
2026-05-07 16:38:38,412:INFO:Uploading results into container
2026-05-07 16:38:38,412:INFO:Uploading model into container now
2026-05-07 16:38:38,413:INFO:_master_model_container: 2
2026-05-07 16:38:38,413:INFO:_display_container: 3
2026-05-07 16:38:38,413:INFO:RandomForestClassifier(bootstrap=False, ccp_alpha=0.0,
                       class_weight='balanced_subsample', criterion='entropy',
                       max_depth=1, max_features=1.0, max_leaf_nodes=None,
                       max_samples=None, min_impurity_decrease=0.0002,
                       min_samples_leaf=5, min_samples_split=7,
                       min_weight_fraction_leaf=0.0, monotonic_cst=None,
                       n_estimators=100, n_jobs=-1, oob_score=False,
                       random_state=42, verbose=0, warm_start=False)
2026-05-07 16:38:38,413:INFO:create_model() successfully completed......................................
2026-05-07 16:38:38,566:INFO:SubProcess create_model() end ==================================
2026-05-07 16:38:38,566:INFO:choose_better activated
2026-05-07 16:38:38,567:INFO:SubProcess create_model() called ==================================
2026-05-07 16:38:38,567:INFO:Initializing create_model()
2026-05-07 16:38:38,567:INFO:create_model(self=<pycaret.classification.oop.ClassificationExperiment object at 0x7f3dfd5f3040>, estimator=RandomForestClassifier(bootstrap=True, ccp_alpha=0.0, class_weight=None,
                       criterion='gini', max_depth=None, max_features='sqrt',
                       max_leaf_nodes=None, max_samples=None,
                       min_impurity_decrease=0.0, min_samples_leaf=1,
                       min_samples_split=2, min_weight_fraction_leaf=0.0,
                       monotonic_cst=None, n_estimators=100, n_jobs=-1,
                       oob_score=False, random_state=42, verbose=0,
                       warm_start=False), fold=StratifiedKFold(n_splits=3, random_state=None, shuffle=False), round=4, cross_validation=True, predict=True, fit_kwargs={}, groups=None, refit=True, probability_threshold=None, experiment_custom_tags=None, verbose=False, system=False, add_to_model_list=True, metrics=None, display=None, model_only=True, return_train_score=False, error_score=0.0, kwargs={})
2026-05-07 16:38:38,567:INFO:Checking exceptions
2026-05-07 16:38:38,568:INFO:Importing libraries
2026-05-07 16:38:38,568:INFO:Copying training dataset
2026-05-07 16:38:38,633:INFO:Defining folds
2026-05-07 16:38:38,633:INFO:Declaring metric variables
2026-05-07 16:38:38,633:INFO:Importing untrained model
2026-05-07 16:38:38,633:INFO:Declaring custom model
2026-05-07 16:38:38,634:INFO:Random Forest Classifier Imported successfully
2026-05-07 16:38:38,634:INFO:Starting cross validation
2026-05-07 16:38:38,634:INFO:Cross validating with StratifiedKFold(n_splits=3, random_state=None, shuffle=False), n_jobs=-1
2026-05-07 16:38:39,641:WARNING:/home/yhz/miniconda3/envs/local_iot/lib/python3.10/site-packages/sklearn/metrics/_classification.py:1509: UndefinedMetricWarning: Precision is ill-defined and being set to 0.0 due to no predicted samples. Use `zero_division` parameter to control this behavior.
  _warn_prf(average, modifier, f"{metric.capitalize()} is", len(result))

2026-05-07 16:38:39,681:WARNING:/home/yhz/miniconda3/envs/local_iot/lib/python3.10/site-packages/sklearn/metrics/_classification.py:1509: UndefinedMetricWarning: Precision is ill-defined and being set to 0.0 due to no predicted samples. Use `zero_division` parameter to control this behavior.
  _warn_prf(average, modifier, f"{metric.capitalize()} is", len(result))

2026-05-07 16:38:39,688:WARNING:/home/yhz/miniconda3/envs/local_iot/lib/python3.10/site-packages/sklearn/metrics/_classification.py:1509: UndefinedMetricWarning: Precision is ill-defined and being set to 0.0 due to no predicted samples. Use `zero_division` parameter to control this behavior.
  _warn_prf(average, modifier, f"{metric.capitalize()} is", len(result))

2026-05-07 16:38:39,704:INFO:Calculating mean and std
2026-05-07 16:38:39,704:INFO:Creating metrics dataframe
2026-05-07 16:38:39,705:INFO:Finalizing model
2026-05-07 16:38:40,348:INFO:Uploading results into container
2026-05-07 16:38:40,348:INFO:Uploading model into container now
2026-05-07 16:38:40,348:INFO:_master_model_container: 3
2026-05-07 16:38:40,348:INFO:_display_container: 4
2026-05-07 16:38:40,349:INFO:RandomForestClassifier(bootstrap=True, ccp_alpha=0.0, class_weight=None,
                       criterion='gini', max_depth=None, max_features='sqrt',
                       max_leaf_nodes=None, max_samples=None,
                       min_impurity_decrease=0.0, min_samples_leaf=1,
                       min_samples_split=2, min_weight_fraction_leaf=0.0,
                       monotonic_cst=None, n_estimators=100, n_jobs=-1,
                       oob_score=False, random_state=42, verbose=0,
                       warm_start=False)
2026-05-07 16:38:40,349:INFO:create_model() successfully completed......................................
2026-05-07 16:38:40,486:INFO:SubProcess create_model() end ==================================
2026-05-07 16:38:40,486:INFO:RandomForestClassifier(bootstrap=True, ccp_alpha=0.0, class_weight=None,
                       criterion='gini', max_depth=None, max_features='sqrt',
                       max_leaf_nodes=None, max_samples=None,
                       min_impurity_decrease=0.0, min_samples_leaf=1,
                       min_samples_split=2, min_weight_fraction_leaf=0.0,
                       monotonic_cst=None, n_estimators=100, n_jobs=-1,
                       oob_score=False, random_state=42, verbose=0,
                       warm_start=False) result for F1 is 0.0
2026-05-07 16:38:40,487:INFO:RandomForestClassifier(bootstrap=False, ccp_alpha=0.0,
                       class_weight='balanced_subsample', criterion='entropy',
                       max_depth=1, max_features=1.0, max_leaf_nodes=None,
                       max_samples=None, min_impurity_decrease=0.0002,
                       min_samples_leaf=5, min_samples_split=7,
                       min_weight_fraction_leaf=0.0, monotonic_cst=None,
                       n_estimators=100, n_jobs=-1, oob_score=False,
                       random_state=42, verbose=0, warm_start=False) result for F1 is 0.0855
2026-05-07 16:38:40,487:INFO:RandomForestClassifier(bootstrap=False, ccp_alpha=0.0,
                       class_weight='balanced_subsample', criterion='entropy',
                       max_depth=1, max_features=1.0, max_leaf_nodes=None,
                       max_samples=None, min_impurity_decrease=0.0002,
                       min_samples_leaf=5, min_samples_split=7,
                       min_weight_fraction_leaf=0.0, monotonic_cst=None,
                       n_estimators=100, n_jobs=-1, oob_score=False,
                       random_state=42, verbose=0, warm_start=False) is best model
2026-05-07 16:38:40,488:INFO:choose_better completed
2026-05-07 16:38:40,488:INFO:_master_model_container: 3
2026-05-07 16:38:40,488:INFO:_display_container: 3
2026-05-07 16:38:40,488:INFO:RandomForestClassifier(bootstrap=False, ccp_alpha=0.0,
                       class_weight='balanced_subsample', criterion='entropy',
                       max_depth=1, max_features=1.0, max_leaf_nodes=None,
                       max_samples=None, min_impurity_decrease=0.0002,
                       min_samples_leaf=5, min_samples_split=7,
                       min_weight_fraction_leaf=0.0, monotonic_cst=None,
                       n_estimators=100, n_jobs=-1, oob_score=False,
                       random_state=42, verbose=0, warm_start=False)
2026-05-07 16:38:40,488:INFO:tune_model() successfully completed......................................
2026-05-07 16:38:40,637:INFO:Initializing save_model()
2026-05-07 16:38:40,637:INFO:save_model(model=RandomForestClassifier(bootstrap=False, ccp_alpha=0.0,
                       class_weight='balanced_subsample', criterion='entropy',
                       max_depth=1, max_features=1.0, max_leaf_nodes=None,
                       max_samples=None, min_impurity_decrease=0.0002,
                       min_samples_leaf=5, min_samples_split=7,
                       min_weight_fraction_leaf=0.0, monotonic_cst=None,
                       n_estimators=100, n_jobs=-1, oob_score=False,
                       random_state=42, verbose=0, warm_start=False), model_name=./storage/trained_models/latest/rf, prep_pipe_=Pipeline(memory=FastMemory(location=/tmp/joblib),
         steps=[('numerical_imputer',
                 TransformerWrapper(exclude=None,
                                    include=['capacity_bytes',
                                             'smart_1_normalized',
                                             'smart_1_raw',
                                             'smart_2_normalized',
                                             'smart_2_raw',
                                             'smart_3_normalized',
                                             'smart_3_raw',
                                             'smart_4_normalized',
                                             'smart_4_raw',
                                             'smart_5_normalized',
                                             'smart_5_raw',
                                             'smart_7_normalized',
                                             'smart_7_raw',
                                             'smar...
                                                              fill_value=None,
                                                              keep_empty_features=False,
                                                              missing_values=nan,
                                                              strategy='most_frequent'))),
                ('rest_encoding',
                 TransformerWrapper(exclude=None, include=['model'],
                                    transformer=TargetEncoder(cols=['model'],
                                                              drop_invariant=False,
                                                              handle_missing='return_nan',
                                                              handle_unknown='value',
                                                              hierarchy=None,
                                                              min_samples_leaf=20,
                                                              return_df=True,
                                                              smoothing=10,
                                                              verbose=0)))],
         verbose=False), verbose=True, use_case=MLUsecase.CLASSIFICATION, kwargs={})
2026-05-07 16:38:40,637:INFO:Adding model into prep_pipe
2026-05-07 16:38:40,662:INFO:./storage/trained_models/latest/rf.pkl saved in current working directory
2026-05-07 16:38:40,666:INFO:Pipeline(memory=Memory(location=None),
         steps=[('numerical_imputer',
                 TransformerWrapper(exclude=None,
                                    include=['capacity_bytes',
                                             'smart_1_normalized',
                                             'smart_1_raw',
                                             'smart_2_normalized',
                                             'smart_2_raw',
                                             'smart_3_normalized',
                                             'smart_3_raw',
                                             'smart_4_normalized',
                                             'smart_4_raw',
                                             'smart_5_normalized',
                                             'smart_5_raw',
                                             'smart_7_normalized',
                                             'smart_7_raw',
                                             'smart_8_normali...
                 RandomForestClassifier(bootstrap=False, ccp_alpha=0.0,
                                        class_weight='balanced_subsample',
                                        criterion='entropy', max_depth=1,
                                        max_features=1.0, max_leaf_nodes=None,
                                        max_samples=None,
                                        min_impurity_decrease=0.0002,
                                        min_samples_leaf=5, min_samples_split=7,
                                        min_weight_fraction_leaf=0.0,
                                        monotonic_cst=None, n_estimators=100,
                                        n_jobs=-1, oob_score=False,
                                        random_state=42, verbose=0,
                                        warm_start=False))],
         verbose=False)
2026-05-07 16:38:40,666:INFO:save_model() successfully completed......................................
2026-05-07 16:38:40,809:INFO:Initializing create_model()
2026-05-07 16:38:40,809:INFO:create_model(self=<pycaret.classification.oop.ClassificationExperiment object at 0x7f3dfd5f3040>, estimator=nb, fold=None, round=4, cross_validation=True, predict=True, fit_kwargs=None, groups=None, refit=True, probability_threshold=None, experiment_custom_tags=None, verbose=False, system=True, add_to_model_list=True, metrics=None, display=None, model_only=True, return_train_score=False, error_score=0.0, kwargs={})
2026-05-07 16:38:40,809:INFO:Checking exceptions
2026-05-07 16:38:40,810:INFO:Importing libraries
2026-05-07 16:38:40,810:INFO:Copying training dataset
2026-05-07 16:38:40,875:INFO:Defining folds
2026-05-07 16:38:40,875:INFO:Declaring metric variables
2026-05-07 16:38:40,876:INFO:Importing untrained model
2026-05-07 16:38:40,876:INFO:Naive Bayes Imported successfully
2026-05-07 16:38:40,876:INFO:Starting cross validation
2026-05-07 16:38:40,876:INFO:Cross validating with StratifiedKFold(n_splits=3, random_state=None, shuffle=False), n_jobs=-1
2026-05-07 16:38:41,387:INFO:Calculating mean and std
2026-05-07 16:38:41,387:INFO:Creating metrics dataframe
2026-05-07 16:38:41,389:INFO:Finalizing model
2026-05-07 16:38:41,627:INFO:Uploading results into container
2026-05-07 16:38:41,627:INFO:Uploading model into container now
2026-05-07 16:38:41,627:INFO:_master_model_container: 4
2026-05-07 16:38:41,628:INFO:_display_container: 4
2026-05-07 16:38:41,628:INFO:GaussianNB(priors=None, var_smoothing=1e-09)
2026-05-07 16:38:41,628:INFO:create_model() successfully completed......................................
2026-05-07 16:38:41,775:INFO:Initializing tune_model()
2026-05-07 16:38:41,776:INFO:tune_model(estimator=GaussianNB(priors=None, var_smoothing=1e-09), fold=None, round=4, n_iter=10, custom_grid=None, optimize=F1, custom_scorer=None, search_library=scikit-learn, search_algorithm=None, early_stopping=False, early_stopping_max_iters=10, choose_better=True, fit_kwargs=None, groups=None, return_tuner=False, verbose=False, tuner_verbose=True, return_train_score=False, kwargs={}, self=<pycaret.classification.oop.ClassificationExperiment object at 0x7f3dfd5f3040>)
2026-05-07 16:38:41,776:INFO:Checking exceptions
2026-05-07 16:38:41,803:INFO:Copying training dataset
2026-05-07 16:38:41,841:INFO:Checking base model
2026-05-07 16:38:41,841:INFO:Base model : Naive Bayes
2026-05-07 16:38:41,841:INFO:Declaring metric variables
2026-05-07 16:38:41,841:INFO:Defining Hyperparameters
2026-05-07 16:38:41,995:INFO:Tuning with n_jobs=-1
2026-05-07 16:38:41,995:INFO:Initializing RandomizedSearchCV
2026-05-07 16:38:45,687:INFO:best_params: {'actual_estimator__var_smoothing': 0.009}
2026-05-07 16:38:45,687:INFO:Hyperparameter search completed
2026-05-07 16:38:45,687:INFO:SubProcess create_model() called ==================================
2026-05-07 16:38:45,687:INFO:Initializing create_model()
2026-05-07 16:38:45,687:INFO:create_model(self=<pycaret.classification.oop.ClassificationExperiment object at 0x7f3dfd5f3040>, estimator=GaussianNB(priors=None, var_smoothing=1e-09), fold=StratifiedKFold(n_splits=3, random_state=None, shuffle=False), round=4, cross_validation=True, predict=True, fit_kwargs={}, groups=None, refit=True, probability_threshold=None, experiment_custom_tags=None, verbose=True, system=False, add_to_model_list=True, metrics=None, display=<pycaret.internal.display.display.CommonDisplay object at 0x7f3bc1600a30>, model_only=True, return_train_score=False, error_score=0.0, kwargs={'var_smoothing': 0.009})
2026-05-07 16:38:45,687:INFO:Checking exceptions
2026-05-07 16:38:45,688:INFO:Importing libraries
2026-05-07 16:38:45,688:INFO:Copying training dataset
2026-05-07 16:38:45,753:INFO:Defining folds
2026-05-07 16:38:45,753:INFO:Declaring metric variables
2026-05-07 16:38:45,753:INFO:Importing untrained model
2026-05-07 16:38:45,753:INFO:Declaring custom model
2026-05-07 16:38:45,753:INFO:Naive Bayes Imported successfully
2026-05-07 16:38:45,753:INFO:Starting cross validation
2026-05-07 16:38:45,754:INFO:Cross validating with StratifiedKFold(n_splits=3, random_state=None, shuffle=False), n_jobs=-1
2026-05-07 16:38:46,258:INFO:Calculating mean and std
2026-05-07 16:38:46,258:INFO:Creating metrics dataframe
2026-05-07 16:38:46,259:INFO:Finalizing model
2026-05-07 16:38:46,501:INFO:Uploading results into container
2026-05-07 16:38:46,502:INFO:Uploading model into container now
2026-05-07 16:38:46,502:INFO:_master_model_container: 5
2026-05-07 16:38:46,502:INFO:_display_container: 5
2026-05-07 16:38:46,502:INFO:GaussianNB(priors=None, var_smoothing=0.009)
2026-05-07 16:38:46,502:INFO:create_model() successfully completed......................................
2026-05-07 16:38:46,658:INFO:SubProcess create_model() end ==================================
2026-05-07 16:38:46,659:INFO:choose_better activated
2026-05-07 16:38:46,659:INFO:SubProcess create_model() called ==================================
2026-05-07 16:38:46,660:INFO:Initializing create_model()
2026-05-07 16:38:46,660:INFO:create_model(self=<pycaret.classification.oop.ClassificationExperiment object at 0x7f3dfd5f3040>, estimator=GaussianNB(priors=None, var_smoothing=1e-09), fold=StratifiedKFold(n_splits=3, random_state=None, shuffle=False), round=4, cross_validation=True, predict=True, fit_kwargs={}, groups=None, refit=True, probability_threshold=None, experiment_custom_tags=None, verbose=False, system=False, add_to_model_list=True, metrics=None, display=None, model_only=True, return_train_score=False, error_score=0.0, kwargs={})
2026-05-07 16:38:46,660:INFO:Checking exceptions
2026-05-07 16:38:46,660:INFO:Importing libraries
2026-05-07 16:38:46,660:INFO:Copying training dataset
2026-05-07 16:38:46,725:INFO:Defining folds
2026-05-07 16:38:46,725:INFO:Declaring metric variables
2026-05-07 16:38:46,725:INFO:Importing untrained model
2026-05-07 16:38:46,725:INFO:Declaring custom model
2026-05-07 16:38:46,725:INFO:Naive Bayes Imported successfully
2026-05-07 16:38:46,725:INFO:Starting cross validation
2026-05-07 16:38:46,726:INFO:Cross validating with StratifiedKFold(n_splits=3, random_state=None, shuffle=False), n_jobs=-1
2026-05-07 16:38:47,227:INFO:Calculating mean and std
2026-05-07 16:38:47,228:INFO:Creating metrics dataframe
2026-05-07 16:38:47,229:INFO:Finalizing model
2026-05-07 16:38:47,465:INFO:Uploading results into container
2026-05-07 16:38:47,466:INFO:Uploading model into container now
2026-05-07 16:38:47,466:INFO:_master_model_container: 6
2026-05-07 16:38:47,466:INFO:_display_container: 6
2026-05-07 16:38:47,466:INFO:GaussianNB(priors=None, var_smoothing=1e-09)
2026-05-07 16:38:47,466:INFO:create_model() successfully completed......................................
2026-05-07 16:38:47,629:INFO:SubProcess create_model() end ==================================
2026-05-07 16:38:47,629:INFO:GaussianNB(priors=None, var_smoothing=1e-09) result for F1 is 0.0026
2026-05-07 16:38:47,630:INFO:GaussianNB(priors=None, var_smoothing=0.009) result for F1 is 0.0076
2026-05-07 16:38:47,630:INFO:GaussianNB(priors=None, var_smoothing=0.009) is best model
2026-05-07 16:38:47,630:INFO:choose_better completed
2026-05-07 16:38:47,630:INFO:_master_model_container: 6
2026-05-07 16:38:47,630:INFO:_display_container: 5
2026-05-07 16:38:47,630:INFO:GaussianNB(priors=None, var_smoothing=0.009)
2026-05-07 16:38:47,630:INFO:tune_model() successfully completed......................................
2026-05-07 16:38:47,787:INFO:Initializing save_model()
2026-05-07 16:38:47,787:INFO:save_model(model=GaussianNB(priors=None, var_smoothing=0.009), model_name=./storage/trained_models/latest/nb, prep_pipe_=Pipeline(memory=FastMemory(location=/tmp/joblib),
         steps=[('numerical_imputer',
                 TransformerWrapper(exclude=None,
                                    include=['capacity_bytes',
                                             'smart_1_normalized',
                                             'smart_1_raw',
                                             'smart_2_normalized',
                                             'smart_2_raw',
                                             'smart_3_normalized',
                                             'smart_3_raw',
                                             'smart_4_normalized',
                                             'smart_4_raw',
                                             'smart_5_normalized',
                                             'smart_5_raw',
                                             'smart_7_normalized',
                                             'smart_7_raw',
                                             'smar...
                                                              fill_value=None,
                                                              keep_empty_features=False,
                                                              missing_values=nan,
                                                              strategy='most_frequent'))),
                ('rest_encoding',
                 TransformerWrapper(exclude=None, include=['model'],
                                    transformer=TargetEncoder(cols=['model'],
                                                              drop_invariant=False,
                                                              handle_missing='return_nan',
                                                              handle_unknown='value',
                                                              hierarchy=None,
                                                              min_samples_leaf=20,
                                                              return_df=True,
                                                              smoothing=10,
                                                              verbose=0)))],
         verbose=False), verbose=True, use_case=MLUsecase.CLASSIFICATION, kwargs={})
2026-05-07 16:38:47,787:INFO:Adding model into prep_pipe
2026-05-07 16:38:47,791:INFO:./storage/trained_models/latest/nb.pkl saved in current working directory
2026-05-07 16:38:47,795:INFO:Pipeline(memory=Memory(location=None),
         steps=[('numerical_imputer',
                 TransformerWrapper(exclude=None,
                                    include=['capacity_bytes',
                                             'smart_1_normalized',
                                             'smart_1_raw',
                                             'smart_2_normalized',
                                             'smart_2_raw',
                                             'smart_3_normalized',
                                             'smart_3_raw',
                                             'smart_4_normalized',
                                             'smart_4_raw',
                                             'smart_5_normalized',
                                             'smart_5_raw',
                                             'smart_7_normalized',
                                             'smart_7_raw',
                                             'smart_8_normali...
                                                              strategy='most_frequent'))),
                ('rest_encoding',
                 TransformerWrapper(exclude=None, include=['model'],
                                    transformer=TargetEncoder(cols=['model'],
                                                              drop_invariant=False,
                                                              handle_missing='return_nan',
                                                              handle_unknown='value',
                                                              hierarchy=None,
                                                              min_samples_leaf=20,
                                                              return_df=True,
                                                              smoothing=10,
                                                              verbose=0))),
                ('trained_model',
                 GaussianNB(priors=None, var_smoothing=0.009))],
         verbose=False)
2026-05-07 16:38:47,795:INFO:save_model() successfully completed......................................
2026-05-07 16:38:51,490:WARNING:/home/yhz/local_iot/ludwig/ludwig/hyperopt/utils.py:204: RuntimeWarning: All hyperopt parameters in Ludwig config are using grid_search space, but number of samples (2) is greater than 1. This will result in 1 duplicate trials being created. Consider setting `num_samples` to 1 in the hyperopt executor to prevent trial duplication.
  warnings.warn(

2026-05-07 16:39:01,629:WARNING:/home/yhz/miniconda3/envs/local_iot/lib/python3.10/site-packages/ray/tune/experiment/experiment.py:170: UserWarning: The `local_dir` argument of `Experiment is deprecated. Use `storage_path` or set the `TUNE_RESULT_DIR` environment variable instead.
  warnings.warn(

2026-05-07 17:07:14,749:WARNING:/home/yhz/local_iot/ludwig/ludwig/hyperopt/utils.py:204: RuntimeWarning: All hyperopt parameters in Ludwig config are using grid_search space, but number of samples (2) is greater than 1. This will result in 1 duplicate trials being created. Consider setting `num_samples` to 1 in the hyperopt executor to prevent trial duplication.
  warnings.warn(

2026-05-08 09:45:23,607:WARNING:
'cuml' is a soft dependency and not included in the pycaret installation. Please run: `pip install cuml` to install.
2026-05-08 09:45:23,607:WARNING:
'cuml' is a soft dependency and not included in the pycaret installation. Please run: `pip install cuml` to install.
2026-05-08 09:45:23,607:WARNING:
'cuml' is a soft dependency and not included in the pycaret installation. Please run: `pip install cuml` to install.
2026-05-08 09:45:23,607:WARNING:
'cuml' is a soft dependency and not included in the pycaret installation. Please run: `pip install cuml` to install.
2026-05-08 09:45:59,294:WARNING:/home/yhz/local_iot/banckend/main.py:463: UserWarning: The argument 'infer_datetime_format' is deprecated and will be removed in a future version. A strict version of it is now the default, see https://pandas.pydata.org/pdeps/0004-consistent-to-datetime-parsing.html. You can safely remove this argument.
  parsed = pd.to_datetime(s.astype(str), errors="coerce", utc=True, infer_datetime_format=True)

2026-05-08 09:45:59,295:WARNING:/home/yhz/local_iot/banckend/main.py:463: UserWarning: Could not infer format, so each element will be parsed individually, falling back to `dateutil`. To ensure parsing is consistent and as-expected, please specify a format.
  parsed = pd.to_datetime(s.astype(str), errors="coerce", utc=True, infer_datetime_format=True)

2026-05-08 09:45:59,344:WARNING:/home/yhz/local_iot/banckend/main.py:463: UserWarning: The argument 'infer_datetime_format' is deprecated and will be removed in a future version. A strict version of it is now the default, see https://pandas.pydata.org/pdeps/0004-consistent-to-datetime-parsing.html. You can safely remove this argument.
  parsed = pd.to_datetime(s.astype(str), errors="coerce", utc=True, infer_datetime_format=True)

2026-05-08 09:45:59,345:WARNING:/home/yhz/local_iot/banckend/main.py:463: UserWarning: Could not infer format, so each element will be parsed individually, falling back to `dateutil`. To ensure parsing is consistent and as-expected, please specify a format.
  parsed = pd.to_datetime(s.astype(str), errors="coerce", utc=True, infer_datetime_format=True)

2026-05-08 09:45:59,435:INFO:PyCaret ClassificationExperiment
2026-05-08 09:45:59,435:INFO:Logging name: clf-default-name
2026-05-08 09:45:59,435:INFO:ML Usecase: MLUsecase.CLASSIFICATION
2026-05-08 09:45:59,435:INFO:version 3.4.0
2026-05-08 09:45:59,435:INFO:Initializing setup()
2026-05-08 09:45:59,435:INFO:self.USI: b506
2026-05-08 09:45:59,435:INFO:self._variable_keys: {'exp_name_log', '_available_plots', '_ml_usecase', 'fold_generator', 'is_multiclass', 'log_plots_param', 'X_train', 'seed', 'y', 'gpu_n_jobs_param', 'n_jobs_param', 'X_test', 'idx', 'pipeline', 'fix_imbalance', 'target_param', 'html_param', 'USI', 'exp_id', 'memory', 'y_train', 'fold_groups_param', 'logging_param', 'X', 'fold_shuffle_param', 'data', 'y_test', 'gpu_param'}
2026-05-08 09:45:59,436:INFO:Checking environment
2026-05-08 09:45:59,436:INFO:python_version: 3.10.20
2026-05-08 09:45:59,436:INFO:python_build: ('main', 'Mar 11 2026 17:46:40')
2026-05-08 09:45:59,436:INFO:machine: x86_64
2026-05-08 09:45:59,436:INFO:platform: Linux-5.15.0-139-generic-x86_64-with-glibc2.31
2026-05-08 09:45:59,436:INFO:Memory: svmem(total=33242705920, available=12784349184, percent=61.5, used=19945213952, free=700915712, active=7880953856, inactive=22253129728, buffers=1534418944, cached=11062157312, shared=25939968, slab=1355628544)
2026-05-08 09:45:59,436:INFO:Physical Core: 24
2026-05-08 09:45:59,436:INFO:Logical Core: 32
2026-05-08 09:45:59,436:INFO:Checking libraries
2026-05-08 09:45:59,436:INFO:System:
2026-05-08 09:45:59,436:INFO:    python: 3.10.20 (main, Mar 11 2026, 17:46:40) [GCC 14.3.0]
2026-05-08 09:45:59,436:INFO:executable: /home/yhz/miniconda3/envs/local_iot/bin/python
2026-05-08 09:45:59,437:INFO:   machine: Linux-5.15.0-139-generic-x86_64-with-glibc2.31
2026-05-08 09:45:59,437:INFO:PyCaret required dependencies:
2026-05-08 09:45:59,437:WARNING:/home/yhz/miniconda3/envs/local_iot/lib/python3.10/site-packages/_distutils_hack/__init__.py:26: UserWarning: Setuptools is replacing distutils.
  warnings.warn("Setuptools is replacing distutils.")

2026-05-08 09:45:59,440:INFO:                 pip: 26.0.1
2026-05-08 09:45:59,440:INFO:          setuptools: 69.5.1
2026-05-08 09:45:59,440:INFO:             pycaret: 3.4.0
2026-05-08 09:45:59,440:INFO:             IPython: 8.39.0
2026-05-08 09:45:59,440:INFO:          ipywidgets: 8.1.8
2026-05-08 09:45:59,440:INFO:                tqdm: 4.67.3
2026-05-08 09:45:59,440:INFO:               numpy: 1.26.4
2026-05-08 09:45:59,440:INFO:              pandas: 2.1.3
2026-05-08 09:45:59,440:INFO:              jinja2: 3.1.6
2026-05-08 09:45:59,440:INFO:               scipy: 1.11.4
2026-05-08 09:45:59,440:INFO:              joblib: 1.4.2
2026-05-08 09:45:59,440:INFO:             sklearn: 1.4.2
2026-05-08 09:45:59,440:INFO:                pyod: 2.0.7
2026-05-08 09:45:59,440:INFO:            imblearn: 0.13.0
2026-05-08 09:45:59,440:INFO:   category_encoders: 2.7.0
2026-05-08 09:45:59,440:INFO:            lightgbm: 4.6.0
2026-05-08 09:45:59,440:INFO:               numba: 0.65.0
2026-05-08 09:45:59,440:INFO:            requests: 2.33.1
2026-05-08 09:45:59,440:INFO:          matplotlib: 3.7.5
2026-05-08 09:45:59,440:INFO:          scikitplot: 0.3.12
2026-05-08 09:45:59,440:INFO:         yellowbrick: 1.5
2026-05-08 09:45:59,440:INFO:              plotly: 6.6.0
2026-05-08 09:45:59,440:INFO:    plotly-resampler: Not installed
2026-05-08 09:45:59,440:INFO:             kaleido: 1.2.0
2026-05-08 09:45:59,440:INFO:           schemdraw: 0.15
2026-05-08 09:45:59,440:INFO:         statsmodels: 0.14.6
2026-05-08 09:45:59,440:INFO:              sktime: 0.31.0
2026-05-08 09:45:59,440:INFO:               tbats: 1.1.3
2026-05-08 09:45:59,440:INFO:            pmdarima: 2.0.4
2026-05-08 09:45:59,440:INFO:              psutil: 5.9.4
2026-05-08 09:45:59,440:INFO:          markupsafe: 3.0.3
2026-05-08 09:45:59,440:INFO:             pickle5: Not installed
2026-05-08 09:45:59,440:INFO:         cloudpickle: 3.1.2
2026-05-08 09:45:59,440:INFO:         deprecation: 2.1.0
2026-05-08 09:45:59,440:INFO:              xxhash: 3.6.0
2026-05-08 09:45:59,440:INFO:           wurlitzer: 3.1.1
2026-05-08 09:45:59,440:INFO:PyCaret optional dependencies:
2026-05-08 09:45:59,445:INFO:                shap: Not installed
2026-05-08 09:45:59,445:INFO:           interpret: Not installed
2026-05-08 09:45:59,445:INFO:                umap: Not installed
2026-05-08 09:45:59,445:INFO:     ydata_profiling: Not installed
2026-05-08 09:45:59,445:INFO:  explainerdashboard: Not installed
2026-05-08 09:45:59,445:INFO:             autoviz: Not installed
2026-05-08 09:45:59,445:INFO:           fairlearn: Not installed
2026-05-08 09:45:59,446:INFO:          deepchecks: Not installed
2026-05-08 09:45:59,446:INFO:             xgboost: 1.7.6
2026-05-08 09:45:59,446:INFO:            catboost: Not installed
2026-05-08 09:45:59,446:INFO:              kmodes: Not installed
2026-05-08 09:45:59,446:INFO:             mlxtend: Not installed
2026-05-08 09:45:59,446:INFO:       statsforecast: Not installed
2026-05-08 09:45:59,446:INFO:        tune_sklearn: Not installed
2026-05-08 09:45:59,446:INFO:                 ray: 2.4.0
2026-05-08 09:45:59,446:INFO:            hyperopt: 0.2.7
2026-05-08 09:45:59,446:INFO:              optuna: Not installed
2026-05-08 09:45:59,446:INFO:               skopt: Not installed
2026-05-08 09:45:59,446:INFO:              mlflow: Not installed
2026-05-08 09:45:59,446:INFO:              gradio: Not installed
2026-05-08 09:45:59,446:INFO:             fastapi: 0.104.1
2026-05-08 09:45:59,446:INFO:             uvicorn: 0.24.0
2026-05-08 09:45:59,446:INFO:              m2cgen: Not installed
2026-05-08 09:45:59,446:INFO:           evidently: Not installed
2026-05-08 09:45:59,446:INFO:               fugue: Not installed
2026-05-08 09:45:59,446:INFO:           streamlit: Not installed
2026-05-08 09:45:59,446:INFO:             prophet: Not installed
2026-05-08 09:45:59,446:INFO:None
2026-05-08 09:45:59,446:INFO:Set up data.
2026-05-08 09:45:59,510:INFO:Set up folding strategy.
2026-05-08 09:45:59,510:INFO:Set up train/test split.
2026-05-08 09:45:59,566:INFO:Set up index.
2026-05-08 09:45:59,567:INFO:Assigning column types.
2026-05-08 09:45:59,618:INFO:Engine successfully changes for model 'lr' to 'sklearn'.
2026-05-08 09:45:59,640:INFO:Engine for model 'knn' has not been set explicitly, hence returning None.
2026-05-08 09:45:59,642:INFO:Engine for model 'rbfsvm' has not been set explicitly, hence returning None.
2026-05-08 09:45:59,658:INFO:Soft dependency imported: xgboost: 1.7.6
2026-05-08 09:45:59,691:WARNING:
'catboost' is a soft dependency and not included in the pycaret installation. Please run: `pip install catboost` to install.
Alternately, you can install this by running `pip install pycaret[models]`
2026-05-08 09:45:59,713:INFO:Engine for model 'knn' has not been set explicitly, hence returning None.
2026-05-08 09:45:59,714:INFO:Engine for model 'rbfsvm' has not been set explicitly, hence returning None.
2026-05-08 09:45:59,727:INFO:Soft dependency imported: xgboost: 1.7.6
2026-05-08 09:45:59,728:WARNING:
'catboost' is a soft dependency and not included in the pycaret installation. Please run: `pip install catboost` to install.
Alternately, you can install this by running `pip install pycaret[models]`
2026-05-08 09:45:59,729:INFO:Engine successfully changes for model 'knn' to 'sklearn'.
2026-05-08 09:45:59,750:INFO:Engine for model 'rbfsvm' has not been set explicitly, hence returning None.
2026-05-08 09:45:59,764:INFO:Soft dependency imported: xgboost: 1.7.6
2026-05-08 09:45:59,765:WARNING:
'catboost' is a soft dependency and not included in the pycaret installation. Please run: `pip install catboost` to install.
Alternately, you can install this by running `pip install pycaret[models]`
2026-05-08 09:45:59,787:INFO:Engine for model 'rbfsvm' has not been set explicitly, hence returning None.
2026-05-08 09:45:59,800:INFO:Soft dependency imported: xgboost: 1.7.6
2026-05-08 09:45:59,802:WARNING:
'catboost' is a soft dependency and not included in the pycaret installation. Please run: `pip install catboost` to install.
Alternately, you can install this by running `pip install pycaret[models]`
2026-05-08 09:45:59,802:INFO:Engine successfully changes for model 'rbfsvm' to 'sklearn'.
2026-05-08 09:45:59,837:INFO:Soft dependency imported: xgboost: 1.7.6
2026-05-08 09:45:59,838:WARNING:
'catboost' is a soft dependency and not included in the pycaret installation. Please run: `pip install catboost` to install.
Alternately, you can install this by running `pip install pycaret[models]`
2026-05-08 09:45:59,874:INFO:Soft dependency imported: xgboost: 1.7.6
2026-05-08 09:45:59,875:WARNING:
'catboost' is a soft dependency and not included in the pycaret installation. Please run: `pip install catboost` to install.
Alternately, you can install this by running `pip install pycaret[models]`
2026-05-08 09:45:59,876:INFO:Preparing preprocessing pipeline...
2026-05-08 09:45:59,883:INFO:Set up simple imputation.
2026-05-08 09:45:59,905:INFO:Set up encoding of categorical features.
2026-05-08 09:46:00,144:INFO:Finished creating preprocessing pipeline.
2026-05-08 09:46:00,148:INFO:Pipeline: Pipeline(memory=FastMemory(location=/tmp/joblib),
         steps=[('numerical_imputer',
                 TransformerWrapper(exclude=None,
                                    include=['capacity_bytes',
                                             'smart_1_normalized',
                                             'smart_1_raw',
                                             'smart_2_normalized',
                                             'smart_2_raw',
                                             'smart_3_normalized',
                                             'smart_3_raw',
                                             'smart_4_normalized',
                                             'smart_4_raw',
                                             'smart_5_normalized',
                                             'smart_5_raw',
                                             'smart_7_normalized',
                                             'smart_7_raw',
                                             'smar...
                                                              fill_value=None,
                                                              keep_empty_features=False,
                                                              missing_values=nan,
                                                              strategy='most_frequent'))),
                ('rest_encoding',
                 TransformerWrapper(exclude=None, include=['model'],
                                    transformer=TargetEncoder(cols=['model'],
                                                              drop_invariant=False,
                                                              handle_missing='return_nan',
                                                              handle_unknown='value',
                                                              hierarchy=None,
                                                              min_samples_leaf=20,
                                                              return_df=True,
                                                              smoothing=10,
                                                              verbose=0)))],
         verbose=False)
2026-05-08 09:46:00,148:INFO:Creating final display dataframe.
2026-05-08 09:46:00,658:INFO:Setup _display_container:                     Description             Value
0                    Session id                42
1                        Target           failure
2                   Target type            Binary
3           Original data shape      (100053, 68)
4        Transformed data shape      (100053, 68)
5   Transformed train set shape       (80042, 68)
6    Transformed test set shape       (20011, 68)
7              Numeric features                66
8          Categorical features                 1
9      Rows with missing values            100.0%
10                   Preprocess              True
11              Imputation type            simple
12           Numeric imputation              mean
13       Categorical imputation              mode
14     Maximum one-hot encoding                25
15              Encoding method              None
16               Fold Generator   StratifiedKFold
17                  Fold Number                 3
18                     CPU Jobs                -1
19                      Use GPU             False
20               Log Experiment             False
21              Experiment Name  clf-default-name
22                          USI              b506
2026-05-08 09:46:00,696:INFO:Soft dependency imported: xgboost: 1.7.6
2026-05-08 09:46:00,697:WARNING:
'catboost' is a soft dependency and not included in the pycaret installation. Please run: `pip install catboost` to install.
Alternately, you can install this by running `pip install pycaret[models]`
2026-05-08 09:46:00,733:INFO:Soft dependency imported: xgboost: 1.7.6
2026-05-08 09:46:00,734:WARNING:
'catboost' is a soft dependency and not included in the pycaret installation. Please run: `pip install catboost` to install.
Alternately, you can install this by running `pip install pycaret[models]`
2026-05-08 09:46:00,735:INFO:setup() successfully completed in 1.3s...............
2026-05-08 09:46:00,735:INFO:Initializing create_model()
2026-05-08 09:46:00,735:INFO:create_model(self=<pycaret.classification.oop.ClassificationExperiment object at 0x7f879a7ca590>, estimator=rf, fold=None, round=4, cross_validation=True, predict=True, fit_kwargs=None, groups=None, refit=True, probability_threshold=None, experiment_custom_tags=None, verbose=False, system=True, add_to_model_list=True, metrics=None, display=None, model_only=True, return_train_score=False, error_score=0.0, kwargs={})
2026-05-08 09:46:00,735:INFO:Checking exceptions
2026-05-08 09:46:00,736:INFO:Importing libraries
2026-05-08 09:46:00,736:INFO:Copying training dataset
2026-05-08 09:46:00,794:INFO:Defining folds
2026-05-08 09:46:00,794:INFO:Declaring metric variables
2026-05-08 09:46:00,794:INFO:Importing untrained model
2026-05-08 09:46:00,794:INFO:Random Forest Classifier Imported successfully
2026-05-08 09:46:00,794:INFO:Starting cross validation
2026-05-08 09:46:00,795:INFO:Cross validating with StratifiedKFold(n_splits=3, random_state=None, shuffle=False), n_jobs=-1
2026-05-08 09:46:02,476:WARNING:/home/yhz/miniconda3/envs/local_iot/lib/python3.10/site-packages/_distutils_hack/__init__.py:26: UserWarning: Setuptools is replacing distutils.
  warnings.warn("Setuptools is replacing distutils.")

2026-05-08 09:46:02,476:WARNING:/home/yhz/miniconda3/envs/local_iot/lib/python3.10/site-packages/_distutils_hack/__init__.py:26: UserWarning: Setuptools is replacing distutils.
  warnings.warn("Setuptools is replacing distutils.")

2026-05-08 09:46:02,477:WARNING:/home/yhz/miniconda3/envs/local_iot/lib/python3.10/site-packages/_distutils_hack/__init__.py:26: UserWarning: Setuptools is replacing distutils.
  warnings.warn("Setuptools is replacing distutils.")

2026-05-08 09:46:03,857:INFO:Calculating mean and std
2026-05-08 09:46:03,858:INFO:Creating metrics dataframe
2026-05-08 09:46:03,860:INFO:Finalizing model
2026-05-08 09:46:04,506:INFO:Uploading results into container
2026-05-08 09:46:04,506:INFO:Uploading model into container now
2026-05-08 09:46:04,507:INFO:_master_model_container: 1
2026-05-08 09:46:04,507:INFO:_display_container: 2
2026-05-08 09:46:04,507:INFO:RandomForestClassifier(bootstrap=True, ccp_alpha=0.0, class_weight=None,
                       criterion='gini', max_depth=None, max_features='sqrt',
                       max_leaf_nodes=None, max_samples=None,
                       min_impurity_decrease=0.0, min_samples_leaf=1,
                       min_samples_split=2, min_weight_fraction_leaf=0.0,
                       monotonic_cst=None, n_estimators=100, n_jobs=-1,
                       oob_score=False, random_state=42, verbose=0,
                       warm_start=False)
2026-05-08 09:46:04,507:INFO:create_model() successfully completed......................................
2026-05-08 09:46:04,681:INFO:Initializing tune_model()
2026-05-08 09:46:04,681:INFO:tune_model(estimator=RandomForestClassifier(bootstrap=True, ccp_alpha=0.0, class_weight=None,
                       criterion='gini', max_depth=None, max_features='sqrt',
                       max_leaf_nodes=None, max_samples=None,
                       min_impurity_decrease=0.0, min_samples_leaf=1,
                       min_samples_split=2, min_weight_fraction_leaf=0.0,
                       monotonic_cst=None, n_estimators=100, n_jobs=-1,
                       oob_score=False, random_state=42, verbose=0,
                       warm_start=False), fold=None, round=4, n_iter=10, custom_grid=None, optimize=F1, custom_scorer=None, search_library=scikit-learn, search_algorithm=None, early_stopping=False, early_stopping_max_iters=10, choose_better=True, fit_kwargs=None, groups=None, return_tuner=False, verbose=False, tuner_verbose=True, return_train_score=False, kwargs={}, self=<pycaret.classification.oop.ClassificationExperiment object at 0x7f879a7ca590>)
2026-05-08 09:46:04,681:INFO:Checking exceptions
2026-05-08 09:46:04,731:INFO:Copying training dataset
2026-05-08 09:46:04,771:INFO:Checking base model
2026-05-08 09:46:04,771:INFO:Base model : Random Forest Classifier
2026-05-08 09:46:04,771:INFO:Declaring metric variables
2026-05-08 09:46:04,771:INFO:Defining Hyperparameters
2026-05-08 09:46:04,918:INFO:Tuning with n_jobs=-1
2026-05-08 09:46:04,918:INFO:Initializing RandomizedSearchCV
2026-05-08 09:46:05,833:WARNING:/home/yhz/miniconda3/envs/local_iot/lib/python3.10/site-packages/_distutils_hack/__init__.py:26: UserWarning: Setuptools is replacing distutils.
  warnings.warn("Setuptools is replacing distutils.")

2026-05-08 09:46:05,923:WARNING:/home/yhz/miniconda3/envs/local_iot/lib/python3.10/site-packages/_distutils_hack/__init__.py:26: UserWarning: Setuptools is replacing distutils.
  warnings.warn("Setuptools is replacing distutils.")

2026-05-08 09:46:05,930:WARNING:/home/yhz/miniconda3/envs/local_iot/lib/python3.10/site-packages/_distutils_hack/__init__.py:26: UserWarning: Setuptools is replacing distutils.
  warnings.warn("Setuptools is replacing distutils.")

2026-05-08 09:46:06,116:WARNING:/home/yhz/miniconda3/envs/local_iot/lib/python3.10/site-packages/_distutils_hack/__init__.py:26: UserWarning: Setuptools is replacing distutils.
  warnings.warn("Setuptools is replacing distutils.")

2026-05-08 09:46:06,169:WARNING:/home/yhz/miniconda3/envs/local_iot/lib/python3.10/site-packages/_distutils_hack/__init__.py:26: UserWarning: Setuptools is replacing distutils.
  warnings.warn("Setuptools is replacing distutils.")

2026-05-08 09:46:06,227:WARNING:/home/yhz/miniconda3/envs/local_iot/lib/python3.10/site-packages/_distutils_hack/__init__.py:26: UserWarning: Setuptools is replacing distutils.
  warnings.warn("Setuptools is replacing distutils.")

2026-05-08 09:46:06,376:WARNING:/home/yhz/miniconda3/envs/local_iot/lib/python3.10/site-packages/_distutils_hack/__init__.py:26: UserWarning: Setuptools is replacing distutils.
  warnings.warn("Setuptools is replacing distutils.")

2026-05-08 09:46:06,402:WARNING:/home/yhz/miniconda3/envs/local_iot/lib/python3.10/site-packages/_distutils_hack/__init__.py:26: UserWarning: Setuptools is replacing distutils.
  warnings.warn("Setuptools is replacing distutils.")

2026-05-08 09:46:06,434:WARNING:/home/yhz/miniconda3/envs/local_iot/lib/python3.10/site-packages/_distutils_hack/__init__.py:26: UserWarning: Setuptools is replacing distutils.
  warnings.warn("Setuptools is replacing distutils.")

2026-05-08 09:46:06,524:WARNING:/home/yhz/miniconda3/envs/local_iot/lib/python3.10/site-packages/_distutils_hack/__init__.py:26: UserWarning: Setuptools is replacing distutils.
  warnings.warn("Setuptools is replacing distutils.")

2026-05-08 09:46:06,598:WARNING:/home/yhz/miniconda3/envs/local_iot/lib/python3.10/site-packages/_distutils_hack/__init__.py:26: UserWarning: Setuptools is replacing distutils.
  warnings.warn("Setuptools is replacing distutils.")

2026-05-08 09:46:06,865:WARNING:/home/yhz/miniconda3/envs/local_iot/lib/python3.10/site-packages/_distutils_hack/__init__.py:26: UserWarning: Setuptools is replacing distutils.
  warnings.warn("Setuptools is replacing distutils.")

2026-05-08 09:46:06,955:WARNING:/home/yhz/miniconda3/envs/local_iot/lib/python3.10/site-packages/_distutils_hack/__init__.py:26: UserWarning: Setuptools is replacing distutils.
  warnings.warn("Setuptools is replacing distutils.")

2026-05-08 09:46:07,012:WARNING:/home/yhz/miniconda3/envs/local_iot/lib/python3.10/site-packages/_distutils_hack/__init__.py:26: UserWarning: Setuptools is replacing distutils.
  warnings.warn("Setuptools is replacing distutils.")

2026-05-08 09:46:07,048:WARNING:/home/yhz/miniconda3/envs/local_iot/lib/python3.10/site-packages/_distutils_hack/__init__.py:26: UserWarning: Setuptools is replacing distutils.
  warnings.warn("Setuptools is replacing distutils.")

2026-05-08 09:46:07,247:WARNING:/home/yhz/miniconda3/envs/local_iot/lib/python3.10/site-packages/_distutils_hack/__init__.py:26: UserWarning: Setuptools is replacing distutils.
  warnings.warn("Setuptools is replacing distutils.")

2026-05-08 09:46:07,398:WARNING:/home/yhz/miniconda3/envs/local_iot/lib/python3.10/site-packages/_distutils_hack/__init__.py:26: UserWarning: Setuptools is replacing distutils.
  warnings.warn("Setuptools is replacing distutils.")

2026-05-08 09:46:07,503:WARNING:/home/yhz/miniconda3/envs/local_iot/lib/python3.10/site-packages/_distutils_hack/__init__.py:26: UserWarning: Setuptools is replacing distutils.
  warnings.warn("Setuptools is replacing distutils.")

2026-05-08 09:46:07,619:WARNING:/home/yhz/miniconda3/envs/local_iot/lib/python3.10/site-packages/_distutils_hack/__init__.py:26: UserWarning: Setuptools is replacing distutils.
  warnings.warn("Setuptools is replacing distutils.")

2026-05-08 09:46:07,716:WARNING:/home/yhz/miniconda3/envs/local_iot/lib/python3.10/site-packages/_distutils_hack/__init__.py:26: UserWarning: Setuptools is replacing distutils.
  warnings.warn("Setuptools is replacing distutils.")

2026-05-08 09:46:08,010:WARNING:/home/yhz/miniconda3/envs/local_iot/lib/python3.10/site-packages/_distutils_hack/__init__.py:26: UserWarning: Setuptools is replacing distutils.
  warnings.warn("Setuptools is replacing distutils.")

2026-05-08 09:46:08,079:WARNING:/home/yhz/miniconda3/envs/local_iot/lib/python3.10/site-packages/_distutils_hack/__init__.py:26: UserWarning: Setuptools is replacing distutils.
  warnings.warn("Setuptools is replacing distutils.")

2026-05-08 09:46:08,762:WARNING:/home/yhz/miniconda3/envs/local_iot/lib/python3.10/site-packages/_distutils_hack/__init__.py:26: UserWarning: Setuptools is replacing distutils.
  warnings.warn("Setuptools is replacing distutils.")

2026-05-08 09:46:08,763:WARNING:/home/yhz/miniconda3/envs/local_iot/lib/python3.10/site-packages/_distutils_hack/__init__.py:26: UserWarning: Setuptools is replacing distutils.
  warnings.warn("Setuptools is replacing distutils.")

2026-05-08 09:46:08,897:WARNING:/home/yhz/miniconda3/envs/local_iot/lib/python3.10/site-packages/_distutils_hack/__init__.py:26: UserWarning: Setuptools is replacing distutils.
  warnings.warn("Setuptools is replacing distutils.")

2026-05-08 09:46:09,801:WARNING:/home/yhz/miniconda3/envs/local_iot/lib/python3.10/site-packages/_distutils_hack/__init__.py:26: UserWarning: Setuptools is replacing distutils.
  warnings.warn("Setuptools is replacing distutils.")

2026-05-08 09:46:09,964:WARNING:/home/yhz/miniconda3/envs/local_iot/lib/python3.10/site-packages/_distutils_hack/__init__.py:26: UserWarning: Setuptools is replacing distutils.
  warnings.warn("Setuptools is replacing distutils.")

2026-05-08 09:46:10,180:WARNING:/home/yhz/miniconda3/envs/local_iot/lib/python3.10/site-packages/_distutils_hack/__init__.py:26: UserWarning: Setuptools is replacing distutils.
  warnings.warn("Setuptools is replacing distutils.")

2026-05-08 09:46:13,169:WARNING:/home/yhz/miniconda3/envs/local_iot/lib/python3.10/site-packages/_distutils_hack/__init__.py:26: UserWarning: Setuptools is replacing distutils.
  warnings.warn("Setuptools is replacing distutils.")

2026-05-08 09:46:19,053:INFO:best_params: {'actual_estimator__n_estimators': 100, 'actual_estimator__min_samples_split': 7, 'actual_estimator__min_samples_leaf': 5, 'actual_estimator__min_impurity_decrease': 0.0002, 'actual_estimator__max_features': 1.0, 'actual_estimator__max_depth': 1, 'actual_estimator__criterion': 'entropy', 'actual_estimator__class_weight': 'balanced_subsample', 'actual_estimator__bootstrap': False}
2026-05-08 09:46:19,054:INFO:Hyperparameter search completed
2026-05-08 09:46:19,054:INFO:SubProcess create_model() called ==================================
2026-05-08 09:46:19,054:INFO:Initializing create_model()
2026-05-08 09:46:19,054:INFO:create_model(self=<pycaret.classification.oop.ClassificationExperiment object at 0x7f879a7ca590>, estimator=RandomForestClassifier(bootstrap=True, ccp_alpha=0.0, class_weight=None,
                       criterion='gini', max_depth=None, max_features='sqrt',
                       max_leaf_nodes=None, max_samples=None,
                       min_impurity_decrease=0.0, min_samples_leaf=1,
                       min_samples_split=2, min_weight_fraction_leaf=0.0,
                       monotonic_cst=None, n_estimators=100, n_jobs=-1,
                       oob_score=False, random_state=42, verbose=0,
                       warm_start=False), fold=StratifiedKFold(n_splits=3, random_state=None, shuffle=False), round=4, cross_validation=True, predict=True, fit_kwargs={}, groups=None, refit=True, probability_threshold=None, experiment_custom_tags=None, verbose=True, system=False, add_to_model_list=True, metrics=None, display=<pycaret.internal.display.display.CommonDisplay object at 0x7f87981d6cb0>, model_only=True, return_train_score=False, error_score=0.0, kwargs={'n_estimators': 100, 'min_samples_split': 7, 'min_samples_leaf': 5, 'min_impurity_decrease': 0.0002, 'max_features': 1.0, 'max_depth': 1, 'criterion': 'entropy', 'class_weight': 'balanced_subsample', 'bootstrap': False})
2026-05-08 09:46:19,054:INFO:Checking exceptions
2026-05-08 09:46:19,054:INFO:Importing libraries
2026-05-08 09:46:19,054:INFO:Copying training dataset
2026-05-08 09:46:19,130:INFO:Defining folds
2026-05-08 09:46:19,130:INFO:Declaring metric variables
2026-05-08 09:46:19,130:INFO:Importing untrained model
2026-05-08 09:46:19,130:INFO:Declaring custom model
2026-05-08 09:46:19,130:INFO:Random Forest Classifier Imported successfully
2026-05-08 09:46:19,130:INFO:Starting cross validation
2026-05-08 09:46:19,131:INFO:Cross validating with StratifiedKFold(n_splits=3, random_state=None, shuffle=False), n_jobs=-1
2026-05-08 09:46:20,319:INFO:Calculating mean and std
2026-05-08 09:46:20,319:INFO:Creating metrics dataframe
2026-05-08 09:46:20,321:INFO:Finalizing model
2026-05-08 09:46:20,989:INFO:Uploading results into container
2026-05-08 09:46:20,990:INFO:Uploading model into container now
2026-05-08 09:46:20,990:INFO:_master_model_container: 2
2026-05-08 09:46:20,990:INFO:_display_container: 3
2026-05-08 09:46:20,991:INFO:RandomForestClassifier(bootstrap=False, ccp_alpha=0.0,
                       class_weight='balanced_subsample', criterion='entropy',
                       max_depth=1, max_features=1.0, max_leaf_nodes=None,
                       max_samples=None, min_impurity_decrease=0.0002,
                       min_samples_leaf=5, min_samples_split=7,
                       min_weight_fraction_leaf=0.0, monotonic_cst=None,
                       n_estimators=100, n_jobs=-1, oob_score=False,
                       random_state=42, verbose=0, warm_start=False)
2026-05-08 09:46:20,991:INFO:create_model() successfully completed......................................
2026-05-08 09:46:21,157:INFO:SubProcess create_model() end ==================================
2026-05-08 09:46:21,157:INFO:choose_better activated
2026-05-08 09:46:21,157:INFO:SubProcess create_model() called ==================================
2026-05-08 09:46:21,158:INFO:Initializing create_model()
2026-05-08 09:46:21,158:INFO:create_model(self=<pycaret.classification.oop.ClassificationExperiment object at 0x7f879a7ca590>, estimator=RandomForestClassifier(bootstrap=True, ccp_alpha=0.0, class_weight=None,
                       criterion='gini', max_depth=None, max_features='sqrt',
                       max_leaf_nodes=None, max_samples=None,
                       min_impurity_decrease=0.0, min_samples_leaf=1,
                       min_samples_split=2, min_weight_fraction_leaf=0.0,
                       monotonic_cst=None, n_estimators=100, n_jobs=-1,
                       oob_score=False, random_state=42, verbose=0,
                       warm_start=False), fold=StratifiedKFold(n_splits=3, random_state=None, shuffle=False), round=4, cross_validation=True, predict=True, fit_kwargs={}, groups=None, refit=True, probability_threshold=None, experiment_custom_tags=None, verbose=False, system=False, add_to_model_list=True, metrics=None, display=None, model_only=True, return_train_score=False, error_score=0.0, kwargs={})
2026-05-08 09:46:21,158:INFO:Checking exceptions
2026-05-08 09:46:21,159:INFO:Importing libraries
2026-05-08 09:46:21,159:INFO:Copying training dataset
2026-05-08 09:46:21,224:INFO:Defining folds
2026-05-08 09:46:21,224:INFO:Declaring metric variables
2026-05-08 09:46:21,224:INFO:Importing untrained model
2026-05-08 09:46:21,224:INFO:Declaring custom model
2026-05-08 09:46:21,224:INFO:Random Forest Classifier Imported successfully
2026-05-08 09:46:21,224:INFO:Starting cross validation
2026-05-08 09:46:21,225:INFO:Cross validating with StratifiedKFold(n_splits=3, random_state=None, shuffle=False), n_jobs=-1
2026-05-08 09:46:22,291:INFO:Calculating mean and std
2026-05-08 09:46:22,291:INFO:Creating metrics dataframe
2026-05-08 09:46:22,293:INFO:Finalizing model
2026-05-08 09:46:22,895:INFO:Uploading results into container
2026-05-08 09:46:22,896:INFO:Uploading model into container now
2026-05-08 09:46:22,896:INFO:_master_model_container: 3
2026-05-08 09:46:22,896:INFO:_display_container: 4
2026-05-08 09:46:22,897:INFO:RandomForestClassifier(bootstrap=True, ccp_alpha=0.0, class_weight=None,
                       criterion='gini', max_depth=None, max_features='sqrt',
                       max_leaf_nodes=None, max_samples=None,
                       min_impurity_decrease=0.0, min_samples_leaf=1,
                       min_samples_split=2, min_weight_fraction_leaf=0.0,
                       monotonic_cst=None, n_estimators=100, n_jobs=-1,
                       oob_score=False, random_state=42, verbose=0,
                       warm_start=False)
2026-05-08 09:46:22,897:INFO:create_model() successfully completed......................................
2026-05-08 09:46:23,034:INFO:SubProcess create_model() end ==================================
2026-05-08 09:46:23,034:INFO:RandomForestClassifier(bootstrap=True, ccp_alpha=0.0, class_weight=None,
                       criterion='gini', max_depth=None, max_features='sqrt',
                       max_leaf_nodes=None, max_samples=None,
                       min_impurity_decrease=0.0, min_samples_leaf=1,
                       min_samples_split=2, min_weight_fraction_leaf=0.0,
                       monotonic_cst=None, n_estimators=100, n_jobs=-1,
                       oob_score=False, random_state=42, verbose=0,
                       warm_start=False) result for F1 is 0.2604
2026-05-08 09:46:23,035:INFO:RandomForestClassifier(bootstrap=False, ccp_alpha=0.0,
                       class_weight='balanced_subsample', criterion='entropy',
                       max_depth=1, max_features=1.0, max_leaf_nodes=None,
                       max_samples=None, min_impurity_decrease=0.0002,
                       min_samples_leaf=5, min_samples_split=7,
                       min_weight_fraction_leaf=0.0, monotonic_cst=None,
                       n_estimators=100, n_jobs=-1, oob_score=False,
                       random_state=42, verbose=0, warm_start=False) result for F1 is 0.072
2026-05-08 09:46:23,035:INFO:RandomForestClassifier(bootstrap=True, ccp_alpha=0.0, class_weight=None,
                       criterion='gini', max_depth=None, max_features='sqrt',
                       max_leaf_nodes=None, max_samples=None,
                       min_impurity_decrease=0.0, min_samples_leaf=1,
                       min_samples_split=2, min_weight_fraction_leaf=0.0,
                       monotonic_cst=None, n_estimators=100, n_jobs=-1,
                       oob_score=False, random_state=42, verbose=0,
                       warm_start=False) is best model
2026-05-08 09:46:23,035:INFO:choose_better completed
2026-05-08 09:46:23,035:INFO:Original model was better than the tuned model, hence it will be returned. NOTE: The display metrics are for the tuned model (not the original one).
2026-05-08 09:46:23,036:INFO:_master_model_container: 3
2026-05-08 09:46:23,036:INFO:_display_container: 3
2026-05-08 09:46:23,036:INFO:RandomForestClassifier(bootstrap=True, ccp_alpha=0.0, class_weight=None,
                       criterion='gini', max_depth=None, max_features='sqrt',
                       max_leaf_nodes=None, max_samples=None,
                       min_impurity_decrease=0.0, min_samples_leaf=1,
                       min_samples_split=2, min_weight_fraction_leaf=0.0,
                       monotonic_cst=None, n_estimators=100, n_jobs=-1,
                       oob_score=False, random_state=42, verbose=0,
                       warm_start=False)
2026-05-08 09:46:23,036:INFO:tune_model() successfully completed......................................
2026-05-08 09:46:23,193:INFO:Initializing save_model()
2026-05-08 09:46:23,193:INFO:save_model(model=RandomForestClassifier(bootstrap=True, ccp_alpha=0.0, class_weight=None,
                       criterion='gini', max_depth=None, max_features='sqrt',
                       max_leaf_nodes=None, max_samples=None,
                       min_impurity_decrease=0.0, min_samples_leaf=1,
                       min_samples_split=2, min_weight_fraction_leaf=0.0,
                       monotonic_cst=None, n_estimators=100, n_jobs=-1,
                       oob_score=False, random_state=42, verbose=0,
                       warm_start=False), model_name=./storage/trained_models/latest/rf, prep_pipe_=Pipeline(memory=FastMemory(location=/tmp/joblib),
         steps=[('numerical_imputer',
                 TransformerWrapper(exclude=None,
                                    include=['capacity_bytes',
                                             'smart_1_normalized',
                                             'smart_1_raw',
                                             'smart_2_normalized',
                                             'smart_2_raw',
                                             'smart_3_normalized',
                                             'smart_3_raw',
                                             'smart_4_normalized',
                                             'smart_4_raw',
                                             'smart_5_normalized',
                                             'smart_5_raw',
                                             'smart_7_normalized',
                                             'smart_7_raw',
                                             'smar...
                                                              fill_value=None,
                                                              keep_empty_features=False,
                                                              missing_values=nan,
                                                              strategy='most_frequent'))),
                ('rest_encoding',
                 TransformerWrapper(exclude=None, include=['model'],
                                    transformer=TargetEncoder(cols=['model'],
                                                              drop_invariant=False,
                                                              handle_missing='return_nan',
                                                              handle_unknown='value',
                                                              hierarchy=None,
                                                              min_samples_leaf=20,
                                                              return_df=True,
                                                              smoothing=10,
                                                              verbose=0)))],
         verbose=False), verbose=True, use_case=MLUsecase.CLASSIFICATION, kwargs={})
2026-05-08 09:46:23,193:INFO:Adding model into prep_pipe
2026-05-08 09:46:23,219:INFO:./storage/trained_models/latest/rf.pkl saved in current working directory
2026-05-08 09:46:23,223:INFO:Pipeline(memory=Memory(location=None),
         steps=[('numerical_imputer',
                 TransformerWrapper(exclude=None,
                                    include=['capacity_bytes',
                                             'smart_1_normalized',
                                             'smart_1_raw',
                                             'smart_2_normalized',
                                             'smart_2_raw',
                                             'smart_3_normalized',
                                             'smart_3_raw',
                                             'smart_4_normalized',
                                             'smart_4_raw',
                                             'smart_5_normalized',
                                             'smart_5_raw',
                                             'smart_7_normalized',
                                             'smart_7_raw',
                                             'smart_8_normali...
                 RandomForestClassifier(bootstrap=True, ccp_alpha=0.0,
                                        class_weight=None, criterion='gini',
                                        max_depth=None, max_features='sqrt',
                                        max_leaf_nodes=None, max_samples=None,
                                        min_impurity_decrease=0.0,
                                        min_samples_leaf=1, min_samples_split=2,
                                        min_weight_fraction_leaf=0.0,
                                        monotonic_cst=None, n_estimators=100,
                                        n_jobs=-1, oob_score=False,
                                        random_state=42, verbose=0,
                                        warm_start=False))],
         verbose=False)
2026-05-08 09:46:23,223:INFO:save_model() successfully completed......................................
2026-05-08 09:46:26,786:WARNING:/home/yhz/local_iot/ludwig/ludwig/hyperopt/utils.py:204: RuntimeWarning: All hyperopt parameters in Ludwig config are using grid_search space, but number of samples (2) is greater than 1. This will result in 1 duplicate trials being created. Consider setting `num_samples` to 1 in the hyperopt executor to prevent trial duplication.
  warnings.warn(

2026-05-08 09:46:35,541:WARNING:/home/yhz/miniconda3/envs/local_iot/lib/python3.10/site-packages/ray/tune/experiment/experiment.py:170: UserWarning: The `local_dir` argument of `Experiment is deprecated. Use `storage_path` or set the `TUNE_RESULT_DIR` environment variable instead.
  warnings.warn(

2026-05-08 09:55:56,944:WARNING:
'cuml' is a soft dependency and not included in the pycaret installation. Please run: `pip install cuml` to install.
2026-05-08 09:55:56,944:WARNING:
'cuml' is a soft dependency and not included in the pycaret installation. Please run: `pip install cuml` to install.
2026-05-08 09:55:56,945:WARNING:
'cuml' is a soft dependency and not included in the pycaret installation. Please run: `pip install cuml` to install.
2026-05-08 09:55:56,945:WARNING:
'cuml' is a soft dependency and not included in the pycaret installation. Please run: `pip install cuml` to install.
2026-05-08 09:57:56,615:WARNING:/home/yhz/local_iot/banckend/main.py:463: UserWarning: The argument 'infer_datetime_format' is deprecated and will be removed in a future version. A strict version of it is now the default, see https://pandas.pydata.org/pdeps/0004-consistent-to-datetime-parsing.html. You can safely remove this argument.
  parsed = pd.to_datetime(s.astype(str), errors="coerce", utc=True, infer_datetime_format=True)

2026-05-08 09:57:56,616:WARNING:/home/yhz/local_iot/banckend/main.py:463: UserWarning: Could not infer format, so each element will be parsed individually, falling back to `dateutil`. To ensure parsing is consistent and as-expected, please specify a format.
  parsed = pd.to_datetime(s.astype(str), errors="coerce", utc=True, infer_datetime_format=True)

2026-05-08 09:57:56,664:WARNING:/home/yhz/local_iot/banckend/main.py:463: UserWarning: The argument 'infer_datetime_format' is deprecated and will be removed in a future version. A strict version of it is now the default, see https://pandas.pydata.org/pdeps/0004-consistent-to-datetime-parsing.html. You can safely remove this argument.
  parsed = pd.to_datetime(s.astype(str), errors="coerce", utc=True, infer_datetime_format=True)

2026-05-08 09:57:56,665:WARNING:/home/yhz/local_iot/banckend/main.py:463: UserWarning: Could not infer format, so each element will be parsed individually, falling back to `dateutil`. To ensure parsing is consistent and as-expected, please specify a format.
  parsed = pd.to_datetime(s.astype(str), errors="coerce", utc=True, infer_datetime_format=True)

2026-05-08 09:57:56,764:INFO:PyCaret ClassificationExperiment
2026-05-08 09:57:56,764:INFO:Logging name: clf-default-name
2026-05-08 09:57:56,764:INFO:ML Usecase: MLUsecase.CLASSIFICATION
2026-05-08 09:57:56,764:INFO:version 3.4.0
2026-05-08 09:57:56,764:INFO:Initializing setup()
2026-05-08 09:57:56,764:INFO:self.USI: 611a
2026-05-08 09:57:56,764:INFO:self._variable_keys: {'gpu_n_jobs_param', 'log_plots_param', 'USI', 'idx', 'y_test', 'fold_groups_param', 'memory', 'exp_name_log', 'X_test', 'y_train', 'y', 'seed', '_available_plots', 'gpu_param', 'fix_imbalance', 'pipeline', '_ml_usecase', 'html_param', 'exp_id', 'fold_generator', 'logging_param', 'fold_shuffle_param', 'target_param', 'is_multiclass', 'X_train', 'X', 'data', 'n_jobs_param'}
2026-05-08 09:57:56,764:INFO:Checking environment
2026-05-08 09:57:56,764:INFO:python_version: 3.10.20
2026-05-08 09:57:56,764:INFO:python_build: ('main', 'Mar 11 2026 17:46:40')
2026-05-08 09:57:56,764:INFO:machine: x86_64
2026-05-08 09:57:56,764:INFO:platform: Linux-5.15.0-139-generic-x86_64-with-glibc2.31
2026-05-08 09:57:56,764:INFO:Memory: svmem(total=33242705920, available=17751564288, percent=46.6, used=14989520896, free=9740255232, active=2786238464, inactive=18888232960, buffers=547598336, cached=7965331456, shared=22581248, slab=912150528)
2026-05-08 09:57:56,765:INFO:Physical Core: 24
2026-05-08 09:57:56,765:INFO:Logical Core: 32
2026-05-08 09:57:56,765:INFO:Checking libraries
2026-05-08 09:57:56,765:INFO:System:
2026-05-08 09:57:56,765:INFO:    python: 3.10.20 (main, Mar 11 2026, 17:46:40) [GCC 14.3.0]
2026-05-08 09:57:56,765:INFO:executable: /home/yhz/miniconda3/envs/local_iot/bin/python
2026-05-08 09:57:56,765:INFO:   machine: Linux-5.15.0-139-generic-x86_64-with-glibc2.31
2026-05-08 09:57:56,765:INFO:PyCaret required dependencies:
2026-05-08 09:57:56,765:WARNING:/home/yhz/miniconda3/envs/local_iot/lib/python3.10/site-packages/_distutils_hack/__init__.py:26: UserWarning: Setuptools is replacing distutils.
  warnings.warn("Setuptools is replacing distutils.")

2026-05-08 09:57:56,768:INFO:                 pip: 26.0.1
2026-05-08 09:57:56,768:INFO:          setuptools: 69.5.1
2026-05-08 09:57:56,768:INFO:             pycaret: 3.4.0
2026-05-08 09:57:56,768:INFO:             IPython: 8.39.0
2026-05-08 09:57:56,768:INFO:          ipywidgets: 8.1.8
2026-05-08 09:57:56,768:INFO:                tqdm: 4.67.3
2026-05-08 09:57:56,768:INFO:               numpy: 1.26.4
2026-05-08 09:57:56,768:INFO:              pandas: 2.1.3
2026-05-08 09:57:56,768:INFO:              jinja2: 3.1.6
2026-05-08 09:57:56,768:INFO:               scipy: 1.11.4
2026-05-08 09:57:56,768:INFO:              joblib: 1.4.2
2026-05-08 09:57:56,768:INFO:             sklearn: 1.4.2
2026-05-08 09:57:56,768:INFO:                pyod: 2.0.7
2026-05-08 09:57:56,768:INFO:            imblearn: 0.13.0
2026-05-08 09:57:56,768:INFO:   category_encoders: 2.7.0
2026-05-08 09:57:56,768:INFO:            lightgbm: 4.6.0
2026-05-08 09:57:56,768:INFO:               numba: 0.65.0
2026-05-08 09:57:56,768:INFO:            requests: 2.33.1
2026-05-08 09:57:56,768:INFO:          matplotlib: 3.7.5
2026-05-08 09:57:56,768:INFO:          scikitplot: 0.3.12
2026-05-08 09:57:56,768:INFO:         yellowbrick: 1.5
2026-05-08 09:57:56,768:INFO:              plotly: 6.6.0
2026-05-08 09:57:56,768:INFO:    plotly-resampler: Not installed
2026-05-08 09:57:56,768:INFO:             kaleido: 1.2.0
2026-05-08 09:57:56,768:INFO:           schemdraw: 0.15
2026-05-08 09:57:56,768:INFO:         statsmodels: 0.14.6
2026-05-08 09:57:56,768:INFO:              sktime: 0.31.0
2026-05-08 09:57:56,768:INFO:               tbats: 1.1.3
2026-05-08 09:57:56,768:INFO:            pmdarima: 2.0.4
2026-05-08 09:57:56,768:INFO:              psutil: 5.9.4
2026-05-08 09:57:56,768:INFO:          markupsafe: 3.0.3
2026-05-08 09:57:56,769:INFO:             pickle5: Not installed
2026-05-08 09:57:56,769:INFO:         cloudpickle: 3.1.2
2026-05-08 09:57:56,769:INFO:         deprecation: 2.1.0
2026-05-08 09:57:56,769:INFO:              xxhash: 3.6.0
2026-05-08 09:57:56,769:INFO:           wurlitzer: 3.1.1
2026-05-08 09:57:56,769:INFO:PyCaret optional dependencies:
2026-05-08 09:57:56,774:INFO:                shap: Not installed
2026-05-08 09:57:56,774:INFO:           interpret: Not installed
2026-05-08 09:57:56,774:INFO:                umap: Not installed
2026-05-08 09:57:56,774:INFO:     ydata_profiling: Not installed
2026-05-08 09:57:56,774:INFO:  explainerdashboard: Not installed
2026-05-08 09:57:56,774:INFO:             autoviz: Not installed
2026-05-08 09:57:56,774:INFO:           fairlearn: Not installed
2026-05-08 09:57:56,774:INFO:          deepchecks: Not installed
2026-05-08 09:57:56,774:INFO:             xgboost: 1.7.6
2026-05-08 09:57:56,774:INFO:            catboost: Not installed
2026-05-08 09:57:56,774:INFO:              kmodes: Not installed
2026-05-08 09:57:56,774:INFO:             mlxtend: Not installed
2026-05-08 09:57:56,774:INFO:       statsforecast: Not installed
2026-05-08 09:57:56,774:INFO:        tune_sklearn: Not installed
2026-05-08 09:57:56,774:INFO:                 ray: 2.4.0
2026-05-08 09:57:56,774:INFO:            hyperopt: 0.2.7
2026-05-08 09:57:56,774:INFO:              optuna: Not installed
2026-05-08 09:57:56,774:INFO:               skopt: Not installed
2026-05-08 09:57:56,774:INFO:              mlflow: Not installed
2026-05-08 09:57:56,774:INFO:              gradio: Not installed
2026-05-08 09:57:56,774:INFO:             fastapi: 0.104.1
2026-05-08 09:57:56,774:INFO:             uvicorn: 0.24.0
2026-05-08 09:57:56,774:INFO:              m2cgen: Not installed
2026-05-08 09:57:56,774:INFO:           evidently: Not installed
2026-05-08 09:57:56,774:INFO:               fugue: Not installed
2026-05-08 09:57:56,774:INFO:           streamlit: Not installed
2026-05-08 09:57:56,774:INFO:             prophet: Not installed
2026-05-08 09:57:56,774:INFO:None
2026-05-08 09:57:56,774:INFO:Set up data.
2026-05-08 09:57:56,855:INFO:Set up folding strategy.
2026-05-08 09:57:56,856:INFO:Set up train/test split.
2026-05-08 09:57:56,912:INFO:Set up index.
2026-05-08 09:57:56,913:INFO:Assigning column types.
2026-05-08 09:57:56,965:INFO:Engine successfully changes for model 'lr' to 'sklearn'.
2026-05-08 09:57:56,987:INFO:Engine for model 'knn' has not been set explicitly, hence returning None.
2026-05-08 09:57:56,989:INFO:Engine for model 'rbfsvm' has not been set explicitly, hence returning None.
2026-05-08 09:57:57,006:INFO:Soft dependency imported: xgboost: 1.7.6
2026-05-08 09:57:57,041:WARNING:
'catboost' is a soft dependency and not included in the pycaret installation. Please run: `pip install catboost` to install.
Alternately, you can install this by running `pip install pycaret[models]`
2026-05-08 09:57:57,063:INFO:Engine for model 'knn' has not been set explicitly, hence returning None.
2026-05-08 09:57:57,064:INFO:Engine for model 'rbfsvm' has not been set explicitly, hence returning None.
2026-05-08 09:57:57,077:INFO:Soft dependency imported: xgboost: 1.7.6
2026-05-08 09:57:57,079:WARNING:
'catboost' is a soft dependency and not included in the pycaret installation. Please run: `pip install catboost` to install.
Alternately, you can install this by running `pip install pycaret[models]`
2026-05-08 09:57:57,079:INFO:Engine successfully changes for model 'knn' to 'sklearn'.
2026-05-08 09:57:57,101:INFO:Engine for model 'rbfsvm' has not been set explicitly, hence returning None.
2026-05-08 09:57:57,114:INFO:Soft dependency imported: xgboost: 1.7.6
2026-05-08 09:57:57,116:WARNING:
'catboost' is a soft dependency and not included in the pycaret installation. Please run: `pip install catboost` to install.
Alternately, you can install this by running `pip install pycaret[models]`
2026-05-08 09:57:57,138:INFO:Engine for model 'rbfsvm' has not been set explicitly, hence returning None.
2026-05-08 09:57:57,151:INFO:Soft dependency imported: xgboost: 1.7.6
2026-05-08 09:57:57,153:WARNING:
'catboost' is a soft dependency and not included in the pycaret installation. Please run: `pip install catboost` to install.
Alternately, you can install this by running `pip install pycaret[models]`
2026-05-08 09:57:57,153:INFO:Engine successfully changes for model 'rbfsvm' to 'sklearn'.
2026-05-08 09:57:57,189:INFO:Soft dependency imported: xgboost: 1.7.6
2026-05-08 09:57:57,190:WARNING:
'catboost' is a soft dependency and not included in the pycaret installation. Please run: `pip install catboost` to install.
Alternately, you can install this by running `pip install pycaret[models]`
2026-05-08 09:57:57,227:INFO:Soft dependency imported: xgboost: 1.7.6
2026-05-08 09:57:57,228:WARNING:
'catboost' is a soft dependency and not included in the pycaret installation. Please run: `pip install catboost` to install.
Alternately, you can install this by running `pip install pycaret[models]`
2026-05-08 09:57:57,230:INFO:Preparing preprocessing pipeline...
2026-05-08 09:57:57,237:INFO:Set up simple imputation.
2026-05-08 09:57:57,261:INFO:Set up encoding of categorical features.
2026-05-08 09:57:57,638:INFO:Finished creating preprocessing pipeline.
2026-05-08 09:57:57,641:INFO:Pipeline: Pipeline(memory=FastMemory(location=/tmp/joblib),
         steps=[('numerical_imputer',
                 TransformerWrapper(exclude=None,
                                    include=['capacity_bytes',
                                             'smart_1_normalized',
                                             'smart_1_raw',
                                             'smart_2_normalized',
                                             'smart_2_raw',
                                             'smart_3_normalized',
                                             'smart_3_raw',
                                             'smart_4_normalized',
                                             'smart_4_raw',
                                             'smart_5_normalized',
                                             'smart_5_raw',
                                             'smart_7_normalized',
                                             'smart_7_raw',
                                             'smar...
                                                              fill_value=None,
                                                              keep_empty_features=False,
                                                              missing_values=nan,
                                                              strategy='most_frequent'))),
                ('rest_encoding',
                 TransformerWrapper(exclude=None, include=['model'],
                                    transformer=TargetEncoder(cols=['model'],
                                                              drop_invariant=False,
                                                              handle_missing='return_nan',
                                                              handle_unknown='value',
                                                              hierarchy=None,
                                                              min_samples_leaf=20,
                                                              return_df=True,
                                                              smoothing=10,
                                                              verbose=0)))],
         verbose=False)
2026-05-08 09:57:57,641:INFO:Creating final display dataframe.
2026-05-08 09:57:58,191:INFO:Setup _display_container:                     Description             Value
0                    Session id                42
1                        Target           failure
2                   Target type            Binary
3           Original data shape      (100006, 68)
4        Transformed data shape      (100006, 68)
5   Transformed train set shape       (80004, 68)
6    Transformed test set shape       (20002, 68)
7              Numeric features                66
8          Categorical features                 1
9      Rows with missing values            100.0%
10                   Preprocess              True
11              Imputation type            simple
12           Numeric imputation              mean
13       Categorical imputation              mode
14     Maximum one-hot encoding                25
15              Encoding method              None
16               Fold Generator   StratifiedKFold
17                  Fold Number                 3
18                     CPU Jobs                -1
19                      Use GPU             False
20               Log Experiment             False
21              Experiment Name  clf-default-name
22                          USI              611a
2026-05-08 09:57:58,228:INFO:Soft dependency imported: xgboost: 1.7.6
2026-05-08 09:57:58,229:WARNING:
'catboost' is a soft dependency and not included in the pycaret installation. Please run: `pip install catboost` to install.
Alternately, you can install this by running `pip install pycaret[models]`
2026-05-08 09:57:58,265:INFO:Soft dependency imported: xgboost: 1.7.6
2026-05-08 09:57:58,266:WARNING:
'catboost' is a soft dependency and not included in the pycaret installation. Please run: `pip install catboost` to install.
Alternately, you can install this by running `pip install pycaret[models]`
2026-05-08 09:57:58,267:INFO:setup() successfully completed in 1.5s...............
2026-05-08 09:57:58,267:INFO:Initializing create_model()
2026-05-08 09:57:58,267:INFO:create_model(self=<pycaret.classification.oop.ClassificationExperiment object at 0x7f13ef975660>, estimator=rf, fold=None, round=4, cross_validation=True, predict=True, fit_kwargs=None, groups=None, refit=True, probability_threshold=None, experiment_custom_tags=None, verbose=False, system=True, add_to_model_list=True, metrics=None, display=None, model_only=True, return_train_score=False, error_score=0.0, kwargs={})
2026-05-08 09:57:58,267:INFO:Checking exceptions
2026-05-08 09:57:58,268:INFO:Importing libraries
2026-05-08 09:57:58,268:INFO:Copying training dataset
2026-05-08 09:57:58,328:INFO:Defining folds
2026-05-08 09:57:58,328:INFO:Declaring metric variables
2026-05-08 09:57:58,328:INFO:Importing untrained model
2026-05-08 09:57:58,328:INFO:Random Forest Classifier Imported successfully
2026-05-08 09:57:58,329:INFO:Starting cross validation
2026-05-08 09:57:58,329:INFO:Cross validating with StratifiedKFold(n_splits=3, random_state=None, shuffle=False), n_jobs=-1
2026-05-08 09:57:59,552:WARNING:/home/yhz/miniconda3/envs/local_iot/lib/python3.10/site-packages/_distutils_hack/__init__.py:26: UserWarning: Setuptools is replacing distutils.
  warnings.warn("Setuptools is replacing distutils.")

2026-05-08 09:57:59,578:WARNING:/home/yhz/miniconda3/envs/local_iot/lib/python3.10/site-packages/_distutils_hack/__init__.py:26: UserWarning: Setuptools is replacing distutils.
  warnings.warn("Setuptools is replacing distutils.")

2026-05-08 09:57:59,606:WARNING:/home/yhz/miniconda3/envs/local_iot/lib/python3.10/site-packages/_distutils_hack/__init__.py:26: UserWarning: Setuptools is replacing distutils.
  warnings.warn("Setuptools is replacing distutils.")

2026-05-08 09:58:00,385:WARNING:/home/yhz/miniconda3/envs/local_iot/lib/python3.10/site-packages/sklearn/metrics/_classification.py:1509: UndefinedMetricWarning: Precision is ill-defined and being set to 0.0 due to no predicted samples. Use `zero_division` parameter to control this behavior.
  _warn_prf(average, modifier, f"{metric.capitalize()} is", len(result))

2026-05-08 09:58:00,415:WARNING:/home/yhz/miniconda3/envs/local_iot/lib/python3.10/site-packages/sklearn/metrics/_classification.py:1509: UndefinedMetricWarning: Precision is ill-defined and being set to 0.0 due to no predicted samples. Use `zero_division` parameter to control this behavior.
  _warn_prf(average, modifier, f"{metric.capitalize()} is", len(result))

2026-05-08 09:58:00,449:WARNING:/home/yhz/miniconda3/envs/local_iot/lib/python3.10/site-packages/sklearn/metrics/_classification.py:1509: UndefinedMetricWarning: Precision is ill-defined and being set to 0.0 due to no predicted samples. Use `zero_division` parameter to control this behavior.
  _warn_prf(average, modifier, f"{metric.capitalize()} is", len(result))

2026-05-08 09:58:00,464:INFO:Calculating mean and std
2026-05-08 09:58:00,465:INFO:Creating metrics dataframe
2026-05-08 09:58:00,467:INFO:Finalizing model
2026-05-08 09:58:00,994:INFO:Uploading results into container
2026-05-08 09:58:00,994:INFO:Uploading model into container now
2026-05-08 09:58:00,994:INFO:_master_model_container: 1
2026-05-08 09:58:00,994:INFO:_display_container: 2
2026-05-08 09:58:00,995:INFO:RandomForestClassifier(bootstrap=True, ccp_alpha=0.0, class_weight=None,
                       criterion='gini', max_depth=None, max_features='sqrt',
                       max_leaf_nodes=None, max_samples=None,
                       min_impurity_decrease=0.0, min_samples_leaf=1,
                       min_samples_split=2, min_weight_fraction_leaf=0.0,
                       monotonic_cst=None, n_estimators=100, n_jobs=-1,
                       oob_score=False, random_state=42, verbose=0,
                       warm_start=False)
2026-05-08 09:58:00,995:INFO:create_model() successfully completed......................................
2026-05-08 09:58:01,166:INFO:Initializing tune_model()
2026-05-08 09:58:01,167:INFO:tune_model(estimator=RandomForestClassifier(bootstrap=True, ccp_alpha=0.0, class_weight=None,
                       criterion='gini', max_depth=None, max_features='sqrt',
                       max_leaf_nodes=None, max_samples=None,
                       min_impurity_decrease=0.0, min_samples_leaf=1,
                       min_samples_split=2, min_weight_fraction_leaf=0.0,
                       monotonic_cst=None, n_estimators=100, n_jobs=-1,
                       oob_score=False, random_state=42, verbose=0,
                       warm_start=False), fold=None, round=4, n_iter=10, custom_grid=None, optimize=F1, custom_scorer=None, search_library=scikit-learn, search_algorithm=None, early_stopping=False, early_stopping_max_iters=10, choose_better=True, fit_kwargs=None, groups=None, return_tuner=False, verbose=False, tuner_verbose=True, return_train_score=False, kwargs={}, self=<pycaret.classification.oop.ClassificationExperiment object at 0x7f13ef975660>)
2026-05-08 09:58:01,167:INFO:Checking exceptions
2026-05-08 09:58:01,210:INFO:Copying training dataset
2026-05-08 09:58:01,247:INFO:Checking base model
2026-05-08 09:58:01,247:INFO:Base model : Random Forest Classifier
2026-05-08 09:58:01,248:INFO:Declaring metric variables
2026-05-08 09:58:01,248:INFO:Defining Hyperparameters
2026-05-08 09:58:01,393:INFO:Tuning with n_jobs=-1
2026-05-08 09:58:01,393:INFO:Initializing RandomizedSearchCV
2026-05-08 09:58:02,361:WARNING:/home/yhz/miniconda3/envs/local_iot/lib/python3.10/site-packages/_distutils_hack/__init__.py:26: UserWarning: Setuptools is replacing distutils.
  warnings.warn("Setuptools is replacing distutils.")

2026-05-08 09:58:02,376:WARNING:/home/yhz/miniconda3/envs/local_iot/lib/python3.10/site-packages/_distutils_hack/__init__.py:26: UserWarning: Setuptools is replacing distutils.
  warnings.warn("Setuptools is replacing distutils.")

2026-05-08 09:58:02,462:WARNING:/home/yhz/miniconda3/envs/local_iot/lib/python3.10/site-packages/_distutils_hack/__init__.py:26: UserWarning: Setuptools is replacing distutils.
  warnings.warn("Setuptools is replacing distutils.")

2026-05-08 09:58:02,472:WARNING:/home/yhz/miniconda3/envs/local_iot/lib/python3.10/site-packages/_distutils_hack/__init__.py:26: UserWarning: Setuptools is replacing distutils.
  warnings.warn("Setuptools is replacing distutils.")

2026-05-08 09:58:02,506:WARNING:/home/yhz/miniconda3/envs/local_iot/lib/python3.10/site-packages/_distutils_hack/__init__.py:26: UserWarning: Setuptools is replacing distutils.
  warnings.warn("Setuptools is replacing distutils.")

2026-05-08 09:58:02,575:WARNING:/home/yhz/miniconda3/envs/local_iot/lib/python3.10/site-packages/_distutils_hack/__init__.py:26: UserWarning: Setuptools is replacing distutils.
  warnings.warn("Setuptools is replacing distutils.")

2026-05-08 09:58:02,606:WARNING:/home/yhz/miniconda3/envs/local_iot/lib/python3.10/site-packages/_distutils_hack/__init__.py:26: UserWarning: Setuptools is replacing distutils.
  warnings.warn("Setuptools is replacing distutils.")

2026-05-08 09:58:02,719:WARNING:/home/yhz/miniconda3/envs/local_iot/lib/python3.10/site-packages/_distutils_hack/__init__.py:26: UserWarning: Setuptools is replacing distutils.
  warnings.warn("Setuptools is replacing distutils.")

2026-05-08 09:58:02,814:WARNING:/home/yhz/miniconda3/envs/local_iot/lib/python3.10/site-packages/_distutils_hack/__init__.py:26: UserWarning: Setuptools is replacing distutils.
  warnings.warn("Setuptools is replacing distutils.")

2026-05-08 09:58:02,987:WARNING:/home/yhz/miniconda3/envs/local_iot/lib/python3.10/site-packages/_distutils_hack/__init__.py:26: UserWarning: Setuptools is replacing distutils.
  warnings.warn("Setuptools is replacing distutils.")

2026-05-08 09:58:03,213:WARNING:/home/yhz/miniconda3/envs/local_iot/lib/python3.10/site-packages/_distutils_hack/__init__.py:26: UserWarning: Setuptools is replacing distutils.
  warnings.warn("Setuptools is replacing distutils.")

2026-05-08 09:58:03,387:WARNING:/home/yhz/miniconda3/envs/local_iot/lib/python3.10/site-packages/_distutils_hack/__init__.py:26: UserWarning: Setuptools is replacing distutils.
  warnings.warn("Setuptools is replacing distutils.")

2026-05-08 09:58:03,429:WARNING:/home/yhz/miniconda3/envs/local_iot/lib/python3.10/site-packages/_distutils_hack/__init__.py:26: UserWarning: Setuptools is replacing distutils.
  warnings.warn("Setuptools is replacing distutils.")

2026-05-08 09:58:03,668:WARNING:/home/yhz/miniconda3/envs/local_iot/lib/python3.10/site-packages/_distutils_hack/__init__.py:26: UserWarning: Setuptools is replacing distutils.
  warnings.warn("Setuptools is replacing distutils.")

2026-05-08 09:58:03,834:WARNING:/home/yhz/miniconda3/envs/local_iot/lib/python3.10/site-packages/_distutils_hack/__init__.py:26: UserWarning: Setuptools is replacing distutils.
  warnings.warn("Setuptools is replacing distutils.")

2026-05-08 09:58:04,440:WARNING:/home/yhz/miniconda3/envs/local_iot/lib/python3.10/site-packages/_distutils_hack/__init__.py:26: UserWarning: Setuptools is replacing distutils.
  warnings.warn("Setuptools is replacing distutils.")

2026-05-08 09:58:04,481:WARNING:/home/yhz/miniconda3/envs/local_iot/lib/python3.10/site-packages/_distutils_hack/__init__.py:26: UserWarning: Setuptools is replacing distutils.
  warnings.warn("Setuptools is replacing distutils.")

2026-05-08 09:58:04,788:WARNING:/home/yhz/miniconda3/envs/local_iot/lib/python3.10/site-packages/_distutils_hack/__init__.py:26: UserWarning: Setuptools is replacing distutils.
  warnings.warn("Setuptools is replacing distutils.")

2026-05-08 09:58:04,812:WARNING:/home/yhz/miniconda3/envs/local_iot/lib/python3.10/site-packages/_distutils_hack/__init__.py:26: UserWarning: Setuptools is replacing distutils.
  warnings.warn("Setuptools is replacing distutils.")

2026-05-08 09:58:05,029:WARNING:/home/yhz/miniconda3/envs/local_iot/lib/python3.10/site-packages/_distutils_hack/__init__.py:26: UserWarning: Setuptools is replacing distutils.
  warnings.warn("Setuptools is replacing distutils.")

2026-05-08 09:58:05,194:WARNING:/home/yhz/miniconda3/envs/local_iot/lib/python3.10/site-packages/_distutils_hack/__init__.py:26: UserWarning: Setuptools is replacing distutils.
  warnings.warn("Setuptools is replacing distutils.")

2026-05-08 09:58:05,614:WARNING:/home/yhz/miniconda3/envs/local_iot/lib/python3.10/site-packages/_distutils_hack/__init__.py:26: UserWarning: Setuptools is replacing distutils.
  warnings.warn("Setuptools is replacing distutils.")

2026-05-08 09:58:06,024:WARNING:/home/yhz/miniconda3/envs/local_iot/lib/python3.10/site-packages/_distutils_hack/__init__.py:26: UserWarning: Setuptools is replacing distutils.
  warnings.warn("Setuptools is replacing distutils.")

2026-05-08 09:58:06,769:WARNING:/home/yhz/miniconda3/envs/local_iot/lib/python3.10/site-packages/_distutils_hack/__init__.py:26: UserWarning: Setuptools is replacing distutils.
  warnings.warn("Setuptools is replacing distutils.")

2026-05-08 09:58:07,240:WARNING:/home/yhz/miniconda3/envs/local_iot/lib/python3.10/site-packages/_distutils_hack/__init__.py:26: UserWarning: Setuptools is replacing distutils.
  warnings.warn("Setuptools is replacing distutils.")

2026-05-08 09:58:07,424:WARNING:/home/yhz/miniconda3/envs/local_iot/lib/python3.10/site-packages/_distutils_hack/__init__.py:26: UserWarning: Setuptools is replacing distutils.
  warnings.warn("Setuptools is replacing distutils.")

2026-05-08 09:58:07,799:WARNING:/home/yhz/miniconda3/envs/local_iot/lib/python3.10/site-packages/_distutils_hack/__init__.py:26: UserWarning: Setuptools is replacing distutils.
  warnings.warn("Setuptools is replacing distutils.")

2026-05-08 09:58:09,003:WARNING:/home/yhz/miniconda3/envs/local_iot/lib/python3.10/site-packages/_distutils_hack/__init__.py:26: UserWarning: Setuptools is replacing distutils.
  warnings.warn("Setuptools is replacing distutils.")

2026-05-08 09:58:09,291:WARNING:/home/yhz/miniconda3/envs/local_iot/lib/python3.10/site-packages/_distutils_hack/__init__.py:26: UserWarning: Setuptools is replacing distutils.
  warnings.warn("Setuptools is replacing distutils.")

2026-05-08 09:58:13,718:INFO:best_params: {'actual_estimator__n_estimators': 100, 'actual_estimator__min_samples_split': 7, 'actual_estimator__min_samples_leaf': 5, 'actual_estimator__min_impurity_decrease': 0.0002, 'actual_estimator__max_features': 1.0, 'actual_estimator__max_depth': 1, 'actual_estimator__criterion': 'entropy', 'actual_estimator__class_weight': 'balanced_subsample', 'actual_estimator__bootstrap': False}
2026-05-08 09:58:13,718:INFO:Hyperparameter search completed
2026-05-08 09:58:13,718:INFO:SubProcess create_model() called ==================================
2026-05-08 09:58:13,718:INFO:Initializing create_model()
2026-05-08 09:58:13,718:INFO:create_model(self=<pycaret.classification.oop.ClassificationExperiment object at 0x7f13ef975660>, estimator=RandomForestClassifier(bootstrap=True, ccp_alpha=0.0, class_weight=None,
                       criterion='gini', max_depth=None, max_features='sqrt',
                       max_leaf_nodes=None, max_samples=None,
                       min_impurity_decrease=0.0, min_samples_leaf=1,
                       min_samples_split=2, min_weight_fraction_leaf=0.0,
                       monotonic_cst=None, n_estimators=100, n_jobs=-1,
                       oob_score=False, random_state=42, verbose=0,
                       warm_start=False), fold=StratifiedKFold(n_splits=3, random_state=None, shuffle=False), round=4, cross_validation=True, predict=True, fit_kwargs={}, groups=None, refit=True, probability_threshold=None, experiment_custom_tags=None, verbose=True, system=False, add_to_model_list=True, metrics=None, display=<pycaret.internal.display.display.CommonDisplay object at 0x7f138f5ebcd0>, model_only=True, return_train_score=False, error_score=0.0, kwargs={'n_estimators': 100, 'min_samples_split': 7, 'min_samples_leaf': 5, 'min_impurity_decrease': 0.0002, 'max_features': 1.0, 'max_depth': 1, 'criterion': 'entropy', 'class_weight': 'balanced_subsample', 'bootstrap': False})
2026-05-08 09:58:13,718:INFO:Checking exceptions
2026-05-08 09:58:13,718:INFO:Importing libraries
2026-05-08 09:58:13,718:INFO:Copying training dataset
2026-05-08 09:58:13,784:INFO:Defining folds
2026-05-08 09:58:13,784:INFO:Declaring metric variables
2026-05-08 09:58:13,784:INFO:Importing untrained model
2026-05-08 09:58:13,784:INFO:Declaring custom model
2026-05-08 09:58:13,784:INFO:Random Forest Classifier Imported successfully
2026-05-08 09:58:13,785:INFO:Starting cross validation
2026-05-08 09:58:13,785:INFO:Cross validating with StratifiedKFold(n_splits=3, random_state=None, shuffle=False), n_jobs=-1
2026-05-08 09:58:14,963:INFO:Calculating mean and std
2026-05-08 09:58:14,963:INFO:Creating metrics dataframe
2026-05-08 09:58:14,965:INFO:Finalizing model
2026-05-08 09:58:15,656:INFO:Uploading results into container
2026-05-08 09:58:15,657:INFO:Uploading model into container now
2026-05-08 09:58:15,657:INFO:_master_model_container: 2
2026-05-08 09:58:15,657:INFO:_display_container: 3
2026-05-08 09:58:15,657:INFO:RandomForestClassifier(bootstrap=False, ccp_alpha=0.0,
                       class_weight='balanced_subsample', criterion='entropy',
                       max_depth=1, max_features=1.0, max_leaf_nodes=None,
                       max_samples=None, min_impurity_decrease=0.0002,
                       min_samples_leaf=5, min_samples_split=7,
                       min_weight_fraction_leaf=0.0, monotonic_cst=None,
                       n_estimators=100, n_jobs=-1, oob_score=False,
                       random_state=42, verbose=0, warm_start=False)
2026-05-08 09:58:15,657:INFO:create_model() successfully completed......................................
2026-05-08 09:58:15,807:INFO:SubProcess create_model() end ==================================
2026-05-08 09:58:15,807:INFO:choose_better activated
2026-05-08 09:58:15,808:INFO:SubProcess create_model() called ==================================
2026-05-08 09:58:15,808:INFO:Initializing create_model()
2026-05-08 09:58:15,808:INFO:create_model(self=<pycaret.classification.oop.ClassificationExperiment object at 0x7f13ef975660>, estimator=RandomForestClassifier(bootstrap=True, ccp_alpha=0.0, class_weight=None,
                       criterion='gini', max_depth=None, max_features='sqrt',
                       max_leaf_nodes=None, max_samples=None,
                       min_impurity_decrease=0.0, min_samples_leaf=1,
                       min_samples_split=2, min_weight_fraction_leaf=0.0,
                       monotonic_cst=None, n_estimators=100, n_jobs=-1,
                       oob_score=False, random_state=42, verbose=0,
                       warm_start=False), fold=StratifiedKFold(n_splits=3, random_state=None, shuffle=False), round=4, cross_validation=True, predict=True, fit_kwargs={}, groups=None, refit=True, probability_threshold=None, experiment_custom_tags=None, verbose=False, system=False, add_to_model_list=True, metrics=None, display=None, model_only=True, return_train_score=False, error_score=0.0, kwargs={})
2026-05-08 09:58:15,808:INFO:Checking exceptions
2026-05-08 09:58:15,809:INFO:Importing libraries
2026-05-08 09:58:15,809:INFO:Copying training dataset
2026-05-08 09:58:15,875:INFO:Defining folds
2026-05-08 09:58:15,875:INFO:Declaring metric variables
2026-05-08 09:58:15,875:INFO:Importing untrained model
2026-05-08 09:58:15,875:INFO:Declaring custom model
2026-05-08 09:58:15,876:INFO:Random Forest Classifier Imported successfully
2026-05-08 09:58:15,876:INFO:Starting cross validation
2026-05-08 09:58:15,877:INFO:Cross validating with StratifiedKFold(n_splits=3, random_state=None, shuffle=False), n_jobs=-1
2026-05-08 09:58:16,584:WARNING:/home/yhz/miniconda3/envs/local_iot/lib/python3.10/site-packages/sklearn/metrics/_classification.py:1509: UndefinedMetricWarning: Precision is ill-defined and being set to 0.0 due to no predicted samples. Use `zero_division` parameter to control this behavior.
  _warn_prf(average, modifier, f"{metric.capitalize()} is", len(result))

2026-05-08 09:58:16,617:WARNING:/home/yhz/miniconda3/envs/local_iot/lib/python3.10/site-packages/sklearn/metrics/_classification.py:1509: UndefinedMetricWarning: Precision is ill-defined and being set to 0.0 due to no predicted samples. Use `zero_division` parameter to control this behavior.
  _warn_prf(average, modifier, f"{metric.capitalize()} is", len(result))

2026-05-08 09:58:16,631:WARNING:/home/yhz/miniconda3/envs/local_iot/lib/python3.10/site-packages/sklearn/metrics/_classification.py:1509: UndefinedMetricWarning: Precision is ill-defined and being set to 0.0 due to no predicted samples. Use `zero_division` parameter to control this behavior.
  _warn_prf(average, modifier, f"{metric.capitalize()} is", len(result))

2026-05-08 09:58:16,645:INFO:Calculating mean and std
2026-05-08 09:58:16,645:INFO:Creating metrics dataframe
2026-05-08 09:58:16,646:INFO:Finalizing model
2026-05-08 09:58:17,170:INFO:Uploading results into container
2026-05-08 09:58:17,170:INFO:Uploading model into container now
2026-05-08 09:58:17,171:INFO:_master_model_container: 3
2026-05-08 09:58:17,171:INFO:_display_container: 4
2026-05-08 09:58:17,171:INFO:RandomForestClassifier(bootstrap=True, ccp_alpha=0.0, class_weight=None,
                       criterion='gini', max_depth=None, max_features='sqrt',
                       max_leaf_nodes=None, max_samples=None,
                       min_impurity_decrease=0.0, min_samples_leaf=1,
                       min_samples_split=2, min_weight_fraction_leaf=0.0,
                       monotonic_cst=None, n_estimators=100, n_jobs=-1,
                       oob_score=False, random_state=42, verbose=0,
                       warm_start=False)
2026-05-08 09:58:17,171:INFO:create_model() successfully completed......................................
2026-05-08 09:58:17,319:INFO:SubProcess create_model() end ==================================
2026-05-08 09:58:17,319:INFO:RandomForestClassifier(bootstrap=True, ccp_alpha=0.0, class_weight=None,
                       criterion='gini', max_depth=None, max_features='sqrt',
                       max_leaf_nodes=None, max_samples=None,
                       min_impurity_decrease=0.0, min_samples_leaf=1,
                       min_samples_split=2, min_weight_fraction_leaf=0.0,
                       monotonic_cst=None, n_estimators=100, n_jobs=-1,
                       oob_score=False, random_state=42, verbose=0,
                       warm_start=False) result for F1 is 0.0
2026-05-08 09:58:17,320:INFO:RandomForestClassifier(bootstrap=False, ccp_alpha=0.0,
                       class_weight='balanced_subsample', criterion='entropy',
                       max_depth=1, max_features=1.0, max_leaf_nodes=None,
                       max_samples=None, min_impurity_decrease=0.0002,
                       min_samples_leaf=5, min_samples_split=7,
                       min_weight_fraction_leaf=0.0, monotonic_cst=None,
                       n_estimators=100, n_jobs=-1, oob_score=False,
                       random_state=42, verbose=0, warm_start=False) result for F1 is 0.0002
2026-05-08 09:58:17,320:INFO:RandomForestClassifier(bootstrap=False, ccp_alpha=0.0,
                       class_weight='balanced_subsample', criterion='entropy',
                       max_depth=1, max_features=1.0, max_leaf_nodes=None,
                       max_samples=None, min_impurity_decrease=0.0002,
                       min_samples_leaf=5, min_samples_split=7,
                       min_weight_fraction_leaf=0.0, monotonic_cst=None,
                       n_estimators=100, n_jobs=-1, oob_score=False,
                       random_state=42, verbose=0, warm_start=False) is best model
2026-05-08 09:58:17,320:INFO:choose_better completed
2026-05-08 09:58:17,320:INFO:_master_model_container: 3
2026-05-08 09:58:17,320:INFO:_display_container: 3
2026-05-08 09:58:17,321:INFO:RandomForestClassifier(bootstrap=False, ccp_alpha=0.0,
                       class_weight='balanced_subsample', criterion='entropy',
                       max_depth=1, max_features=1.0, max_leaf_nodes=None,
                       max_samples=None, min_impurity_decrease=0.0002,
                       min_samples_leaf=5, min_samples_split=7,
                       min_weight_fraction_leaf=0.0, monotonic_cst=None,
                       n_estimators=100, n_jobs=-1, oob_score=False,
                       random_state=42, verbose=0, warm_start=False)
2026-05-08 09:58:17,322:INFO:tune_model() successfully completed......................................
2026-05-08 09:58:17,475:INFO:Initializing save_model()
2026-05-08 09:58:17,475:INFO:save_model(model=RandomForestClassifier(bootstrap=False, ccp_alpha=0.0,
                       class_weight='balanced_subsample', criterion='entropy',
                       max_depth=1, max_features=1.0, max_leaf_nodes=None,
                       max_samples=None, min_impurity_decrease=0.0002,
                       min_samples_leaf=5, min_samples_split=7,
                       min_weight_fraction_leaf=0.0, monotonic_cst=None,
                       n_estimators=100, n_jobs=-1, oob_score=False,
                       random_state=42, verbose=0, warm_start=False), model_name=./storage/trained_models/latest/rf, prep_pipe_=Pipeline(memory=FastMemory(location=/tmp/joblib),
         steps=[('numerical_imputer',
                 TransformerWrapper(exclude=None,
                                    include=['capacity_bytes',
                                             'smart_1_normalized',
                                             'smart_1_raw',
                                             'smart_2_normalized',
                                             'smart_2_raw',
                                             'smart_3_normalized',
                                             'smart_3_raw',
                                             'smart_4_normalized',
                                             'smart_4_raw',
                                             'smart_5_normalized',
                                             'smart_5_raw',
                                             'smart_7_normalized',
                                             'smart_7_raw',
                                             'smar...
                                                              fill_value=None,
                                                              keep_empty_features=False,
                                                              missing_values=nan,
                                                              strategy='most_frequent'))),
                ('rest_encoding',
                 TransformerWrapper(exclude=None, include=['model'],
                                    transformer=TargetEncoder(cols=['model'],
                                                              drop_invariant=False,
                                                              handle_missing='return_nan',
                                                              handle_unknown='value',
                                                              hierarchy=None,
                                                              min_samples_leaf=20,
                                                              return_df=True,
                                                              smoothing=10,
                                                              verbose=0)))],
         verbose=False), verbose=True, use_case=MLUsecase.CLASSIFICATION, kwargs={})
2026-05-08 09:58:17,476:INFO:Adding model into prep_pipe
2026-05-08 09:58:17,502:INFO:./storage/trained_models/latest/rf.pkl saved in current working directory
2026-05-08 09:58:17,506:INFO:Pipeline(memory=Memory(location=None),
         steps=[('numerical_imputer',
                 TransformerWrapper(exclude=None,
                                    include=['capacity_bytes',
                                             'smart_1_normalized',
                                             'smart_1_raw',
                                             'smart_2_normalized',
                                             'smart_2_raw',
                                             'smart_3_normalized',
                                             'smart_3_raw',
                                             'smart_4_normalized',
                                             'smart_4_raw',
                                             'smart_5_normalized',
                                             'smart_5_raw',
                                             'smart_7_normalized',
                                             'smart_7_raw',
                                             'smart_8_normali...
                 RandomForestClassifier(bootstrap=False, ccp_alpha=0.0,
                                        class_weight='balanced_subsample',
                                        criterion='entropy', max_depth=1,
                                        max_features=1.0, max_leaf_nodes=None,
                                        max_samples=None,
                                        min_impurity_decrease=0.0002,
                                        min_samples_leaf=5, min_samples_split=7,
                                        min_weight_fraction_leaf=0.0,
                                        monotonic_cst=None, n_estimators=100,
                                        n_jobs=-1, oob_score=False,
                                        random_state=42, verbose=0,
                                        warm_start=False))],
         verbose=False)
2026-05-08 09:58:17,506:INFO:save_model() successfully completed......................................
2026-05-08 09:58:20,993:WARNING:/home/yhz/local_iot/ludwig/ludwig/hyperopt/utils.py:204: RuntimeWarning: All hyperopt parameters in Ludwig config are using grid_search space, but number of samples (2) is greater than 1. This will result in 1 duplicate trials being created. Consider setting `num_samples` to 1 in the hyperopt executor to prevent trial duplication.
  warnings.warn(

2026-05-08 09:58:29,115:WARNING:/home/yhz/miniconda3/envs/local_iot/lib/python3.10/site-packages/ray/tune/experiment/experiment.py:170: UserWarning: The `local_dir` argument of `Experiment is deprecated. Use `storage_path` or set the `TUNE_RESULT_DIR` environment variable instead.
  warnings.warn(

2026-05-08 10:01:31,327:WARNING:/home/yhz/local_iot/ludwig/ludwig/hyperopt/utils.py:204: RuntimeWarning: All hyperopt parameters in Ludwig config are using grid_search space, but number of samples (2) is greater than 1. This will result in 1 duplicate trials being created. Consider setting `num_samples` to 1 in the hyperopt executor to prevent trial duplication.
  warnings.warn(

2026-05-08 10:05:47,882:INFO:PyCaret ClassificationExperiment
2026-05-08 10:05:47,882:INFO:Logging name: clf-default-name
2026-05-08 10:05:47,882:INFO:ML Usecase: MLUsecase.CLASSIFICATION
2026-05-08 10:05:47,882:INFO:version 3.4.0
2026-05-08 10:05:47,882:INFO:Initializing setup()
2026-05-08 10:05:47,882:INFO:self.USI: 6765
2026-05-08 10:05:47,882:INFO:self._variable_keys: {'gpu_n_jobs_param', 'log_plots_param', 'USI', 'idx', 'y_test', 'fold_groups_param', 'memory', 'exp_name_log', 'X_test', 'y_train', 'y', 'seed', '_available_plots', 'gpu_param', 'fix_imbalance', 'pipeline', '_ml_usecase', 'html_param', 'exp_id', 'fold_generator', 'logging_param', 'fold_shuffle_param', 'target_param', 'is_multiclass', 'X_train', 'X', 'data', 'n_jobs_param'}
2026-05-08 10:05:47,882:INFO:Checking environment
2026-05-08 10:05:47,882:INFO:python_version: 3.10.20
2026-05-08 10:05:47,882:INFO:python_build: ('main', 'Mar 11 2026 17:46:40')
2026-05-08 10:05:47,882:INFO:machine: x86_64
2026-05-08 10:05:47,882:INFO:platform: Linux-5.15.0-139-generic-x86_64-with-glibc2.31
2026-05-08 10:05:47,882:INFO:Memory: svmem(total=33242705920, available=16599293952, percent=50.1, used=16101629952, free=12136910848, active=2830725120, inactive=16462893056, buffers=278368256, cached=4725796864, shared=62713856, slab=803373056)
2026-05-08 10:05:47,883:INFO:Physical Core: 24
2026-05-08 10:05:47,883:INFO:Logical Core: 32
2026-05-08 10:05:47,883:INFO:Checking libraries
2026-05-08 10:05:47,883:INFO:System:
2026-05-08 10:05:47,883:INFO:    python: 3.10.20 (main, Mar 11 2026, 17:46:40) [GCC 14.3.0]
2026-05-08 10:05:47,883:INFO:executable: /home/yhz/miniconda3/envs/local_iot/bin/python
2026-05-08 10:05:47,883:INFO:   machine: Linux-5.15.0-139-generic-x86_64-with-glibc2.31
2026-05-08 10:05:47,883:INFO:PyCaret required dependencies:
2026-05-08 10:05:47,883:INFO:                 pip: 26.0.1
2026-05-08 10:05:47,883:INFO:          setuptools: 69.5.1
2026-05-08 10:05:47,883:INFO:             pycaret: 3.4.0
2026-05-08 10:05:47,883:INFO:             IPython: 8.39.0
2026-05-08 10:05:47,883:INFO:          ipywidgets: 8.1.8
2026-05-08 10:05:47,883:INFO:                tqdm: 4.67.3
2026-05-08 10:05:47,883:INFO:               numpy: 1.26.4
2026-05-08 10:05:47,883:INFO:              pandas: 2.1.3
2026-05-08 10:05:47,883:INFO:              jinja2: 3.1.6
2026-05-08 10:05:47,883:INFO:               scipy: 1.11.4
2026-05-08 10:05:47,883:INFO:              joblib: 1.4.2
2026-05-08 10:05:47,883:INFO:             sklearn: 1.4.2
2026-05-08 10:05:47,883:INFO:                pyod: 2.0.7
2026-05-08 10:05:47,883:INFO:            imblearn: 0.13.0
2026-05-08 10:05:47,883:INFO:   category_encoders: 2.7.0
2026-05-08 10:05:47,883:INFO:            lightgbm: 4.6.0
2026-05-08 10:05:47,883:INFO:               numba: 0.65.0
2026-05-08 10:05:47,883:INFO:            requests: 2.33.1
2026-05-08 10:05:47,883:INFO:          matplotlib: 3.7.5
2026-05-08 10:05:47,883:INFO:          scikitplot: 0.3.12
2026-05-08 10:05:47,883:INFO:         yellowbrick: 1.5
2026-05-08 10:05:47,883:INFO:              plotly: 6.6.0
2026-05-08 10:05:47,883:INFO:    plotly-resampler: Not installed
2026-05-08 10:05:47,883:INFO:             kaleido: 1.2.0
2026-05-08 10:05:47,883:INFO:           schemdraw: 0.15
2026-05-08 10:05:47,883:INFO:         statsmodels: 0.14.6
2026-05-08 10:05:47,883:INFO:              sktime: 0.31.0
2026-05-08 10:05:47,883:INFO:               tbats: 1.1.3
2026-05-08 10:05:47,883:INFO:            pmdarima: 2.0.4
2026-05-08 10:05:47,883:INFO:              psutil: 5.9.4
2026-05-08 10:05:47,883:INFO:          markupsafe: 3.0.3
2026-05-08 10:05:47,883:INFO:             pickle5: Not installed
2026-05-08 10:05:47,883:INFO:         cloudpickle: 3.1.2
2026-05-08 10:05:47,883:INFO:         deprecation: 2.1.0
2026-05-08 10:05:47,883:INFO:              xxhash: 3.6.0
2026-05-08 10:05:47,883:INFO:           wurlitzer: 3.1.1
2026-05-08 10:05:47,883:INFO:PyCaret optional dependencies:
2026-05-08 10:05:47,883:INFO:                shap: Not installed
2026-05-08 10:05:47,883:INFO:           interpret: Not installed
2026-05-08 10:05:47,883:INFO:                umap: Not installed
2026-05-08 10:05:47,883:INFO:     ydata_profiling: Not installed
2026-05-08 10:05:47,883:INFO:  explainerdashboard: Not installed
2026-05-08 10:05:47,883:INFO:             autoviz: Not installed
2026-05-08 10:05:47,883:INFO:           fairlearn: Not installed
2026-05-08 10:05:47,883:INFO:          deepchecks: Not installed
2026-05-08 10:05:47,883:INFO:             xgboost: 1.7.6
2026-05-08 10:05:47,883:INFO:            catboost: Not installed
2026-05-08 10:05:47,883:INFO:              kmodes: Not installed
2026-05-08 10:05:47,883:INFO:             mlxtend: Not installed
2026-05-08 10:05:47,883:INFO:       statsforecast: Not installed
2026-05-08 10:05:47,883:INFO:        tune_sklearn: Not installed
2026-05-08 10:05:47,883:INFO:                 ray: 2.4.0
2026-05-08 10:05:47,883:INFO:            hyperopt: 0.2.7
2026-05-08 10:05:47,883:INFO:              optuna: Not installed
2026-05-08 10:05:47,883:INFO:               skopt: Not installed
2026-05-08 10:05:47,883:INFO:              mlflow: Not installed
2026-05-08 10:05:47,883:INFO:              gradio: Not installed
2026-05-08 10:05:47,883:INFO:             fastapi: 0.104.1
2026-05-08 10:05:47,883:INFO:             uvicorn: 0.24.0
2026-05-08 10:05:47,883:INFO:              m2cgen: Not installed
2026-05-08 10:05:47,883:INFO:           evidently: Not installed
2026-05-08 10:05:47,883:INFO:               fugue: Not installed
2026-05-08 10:05:47,883:INFO:           streamlit: Not installed
2026-05-08 10:05:47,883:INFO:             prophet: Not installed
2026-05-08 10:05:47,883:INFO:None
2026-05-08 10:05:47,883:INFO:Set up data.
2026-05-08 10:05:47,888:INFO:Set up folding strategy.
2026-05-08 10:05:47,888:INFO:Set up train/test split.
2026-05-08 10:05:47,891:INFO:Set up index.
2026-05-08 10:05:47,892:INFO:Assigning column types.
2026-05-08 10:05:47,895:INFO:Engine successfully changes for model 'lr' to 'sklearn'.
2026-05-08 10:05:47,917:INFO:Engine for model 'knn' has not been set explicitly, hence returning None.
2026-05-08 10:05:47,917:INFO:Engine for model 'rbfsvm' has not been set explicitly, hence returning None.
2026-05-08 10:05:47,931:INFO:Soft dependency imported: xgboost: 1.7.6
2026-05-08 10:05:47,933:WARNING:
'catboost' is a soft dependency and not included in the pycaret installation. Please run: `pip install catboost` to install.
Alternately, you can install this by running `pip install pycaret[models]`
2026-05-08 10:05:47,954:INFO:Engine for model 'knn' has not been set explicitly, hence returning None.
2026-05-08 10:05:47,955:INFO:Engine for model 'rbfsvm' has not been set explicitly, hence returning None.
2026-05-08 10:05:47,968:INFO:Soft dependency imported: xgboost: 1.7.6
2026-05-08 10:05:47,969:WARNING:
'catboost' is a soft dependency and not included in the pycaret installation. Please run: `pip install catboost` to install.
Alternately, you can install this by running `pip install pycaret[models]`
2026-05-08 10:05:47,970:INFO:Engine successfully changes for model 'knn' to 'sklearn'.
2026-05-08 10:05:47,991:INFO:Engine for model 'rbfsvm' has not been set explicitly, hence returning None.
2026-05-08 10:05:48,005:INFO:Soft dependency imported: xgboost: 1.7.6
2026-05-08 10:05:48,006:WARNING:
'catboost' is a soft dependency and not included in the pycaret installation. Please run: `pip install catboost` to install.
Alternately, you can install this by running `pip install pycaret[models]`
2026-05-08 10:05:48,029:INFO:Engine for model 'rbfsvm' has not been set explicitly, hence returning None.
2026-05-08 10:05:48,042:INFO:Soft dependency imported: xgboost: 1.7.6
2026-05-08 10:05:48,043:WARNING:
'catboost' is a soft dependency and not included in the pycaret installation. Please run: `pip install catboost` to install.
Alternately, you can install this by running `pip install pycaret[models]`
2026-05-08 10:05:48,044:INFO:Engine successfully changes for model 'rbfsvm' to 'sklearn'.
2026-05-08 10:05:48,079:INFO:Soft dependency imported: xgboost: 1.7.6
2026-05-08 10:05:48,080:WARNING:
'catboost' is a soft dependency and not included in the pycaret installation. Please run: `pip install catboost` to install.
Alternately, you can install this by running `pip install pycaret[models]`
2026-05-08 10:05:48,116:INFO:Soft dependency imported: xgboost: 1.7.6
2026-05-08 10:05:48,117:WARNING:
'catboost' is a soft dependency and not included in the pycaret installation. Please run: `pip install catboost` to install.
Alternately, you can install this by running `pip install pycaret[models]`
2026-05-08 10:05:48,117:INFO:Preparing preprocessing pipeline...
2026-05-08 10:05:48,118:INFO:Set up simple imputation.
2026-05-08 10:05:48,132:INFO:Finished creating preprocessing pipeline.
2026-05-08 10:05:48,134:INFO:Pipeline: Pipeline(memory=FastMemory(location=/tmp/joblib),
         steps=[('numerical_imputer',
                 TransformerWrapper(exclude=None,
                                    include=['Temperature', 'Vibration',
                                             'Pressure', 'Flow_Rate', 'Current',
                                             'Voltage', 'FFT_Temp_0',
                                             'FFT_Vib_0', 'FFT_Pres_0',
                                             'FFT_Temp_1', 'FFT_Vib_1',
                                             'FFT_Pres_1', 'FFT_Temp_2',
                                             'FFT_Vib_2', 'FFT_Pres_2',
                                             'FFT_Temp_3', 'FFT_Vib_3',
                                             'FFT_Pres_3', 'FFT_Temp_4...
                                    transformer=SimpleImputer(add_indicator=False,
                                                              copy=True,
                                                              fill_value=None,
                                                              keep_empty_features=False,
                                                              missing_values=nan,
                                                              strategy='mean'))),
                ('categorical_imputer',
                 TransformerWrapper(exclude=None, include=[],
                                    transformer=SimpleImputer(add_indicator=False,
                                                              copy=True,
                                                              fill_value=None,
                                                              keep_empty_features=False,
                                                              missing_values=nan,
                                                              strategy='most_frequent')))],
         verbose=False)
2026-05-08 10:05:48,134:INFO:Creating final display dataframe.
2026-05-08 10:05:48,186:INFO:Setup _display_container:                     Description             Value
0                    Session id                42
1                        Target        Fault_Type
2                   Target type        Multiclass
3           Original data shape        (1000, 37)
4        Transformed data shape        (1000, 37)
5   Transformed train set shape         (800, 37)
6    Transformed test set shape         (200, 37)
7              Numeric features                36
8                    Preprocess              True
9               Imputation type            simple
10           Numeric imputation              mean
11       Categorical imputation              mode
12               Fold Generator   StratifiedKFold
13                  Fold Number                 3
14                     CPU Jobs                -1
15                      Use GPU             False
16               Log Experiment             False
17              Experiment Name  clf-default-name
18                          USI              6765
2026-05-08 10:05:48,222:INFO:Soft dependency imported: xgboost: 1.7.6
2026-05-08 10:05:48,223:WARNING:
'catboost' is a soft dependency and not included in the pycaret installation. Please run: `pip install catboost` to install.
Alternately, you can install this by running `pip install pycaret[models]`
2026-05-08 10:05:48,260:INFO:Soft dependency imported: xgboost: 1.7.6
2026-05-08 10:05:48,262:WARNING:
'catboost' is a soft dependency and not included in the pycaret installation. Please run: `pip install catboost` to install.
Alternately, you can install this by running `pip install pycaret[models]`
2026-05-08 10:05:48,262:INFO:setup() successfully completed in 0.38s...............
2026-05-08 10:05:48,262:INFO:Initializing create_model()
2026-05-08 10:05:48,262:INFO:create_model(self=<pycaret.classification.oop.ClassificationExperiment object at 0x7f138e62f040>, estimator=rf, fold=None, round=4, cross_validation=True, predict=True, fit_kwargs=None, groups=None, refit=True, probability_threshold=None, experiment_custom_tags=None, verbose=False, system=True, add_to_model_list=True, metrics=None, display=None, model_only=True, return_train_score=False, error_score=0.0, kwargs={})
2026-05-08 10:05:48,262:INFO:Checking exceptions
2026-05-08 10:05:48,263:INFO:Importing libraries
2026-05-08 10:05:48,263:INFO:Copying training dataset
2026-05-08 10:05:48,266:INFO:Defining folds
2026-05-08 10:05:48,266:INFO:Declaring metric variables
2026-05-08 10:05:48,266:INFO:Importing untrained model
2026-05-08 10:05:48,267:INFO:Random Forest Classifier Imported successfully
2026-05-08 10:05:48,267:INFO:Starting cross validation
2026-05-08 10:05:48,267:INFO:Cross validating with StratifiedKFold(n_splits=3, random_state=None, shuffle=False), n_jobs=-1
2026-05-08 10:05:49,399:WARNING:/home/yhz/miniconda3/envs/local_iot/lib/python3.10/site-packages/_distutils_hack/__init__.py:26: UserWarning: Setuptools is replacing distutils.
  warnings.warn("Setuptools is replacing distutils.")

2026-05-08 10:05:49,661:WARNING:/home/yhz/miniconda3/envs/local_iot/lib/python3.10/site-packages/_distutils_hack/__init__.py:26: UserWarning: Setuptools is replacing distutils.
  warnings.warn("Setuptools is replacing distutils.")

2026-05-08 10:05:49,667:WARNING:/home/yhz/miniconda3/envs/local_iot/lib/python3.10/site-packages/_distutils_hack/__init__.py:26: UserWarning: Setuptools is replacing distutils.
  warnings.warn("Setuptools is replacing distutils.")

2026-05-08 10:05:49,773:WARNING:/home/yhz/miniconda3/envs/local_iot/lib/python3.10/site-packages/sklearn/metrics/_classification.py:1509: UndefinedMetricWarning: Precision is ill-defined and being set to 0.0 in labels with no predicted samples. Use `zero_division` parameter to control this behavior.
  _warn_prf(average, modifier, f"{metric.capitalize()} is", len(result))

2026-05-08 10:05:50,071:WARNING:/home/yhz/miniconda3/envs/local_iot/lib/python3.10/site-packages/sklearn/metrics/_classification.py:1509: UndefinedMetricWarning: Precision is ill-defined and being set to 0.0 in labels with no predicted samples. Use `zero_division` parameter to control this behavior.
  _warn_prf(average, modifier, f"{metric.capitalize()} is", len(result))

2026-05-08 10:05:50,080:WARNING:/home/yhz/miniconda3/envs/local_iot/lib/python3.10/site-packages/sklearn/metrics/_classification.py:1509: UndefinedMetricWarning: Precision is ill-defined and being set to 0.0 in labels with no predicted samples. Use `zero_division` parameter to control this behavior.
  _warn_prf(average, modifier, f"{metric.capitalize()} is", len(result))

2026-05-08 10:05:50,094:INFO:Calculating mean and std
2026-05-08 10:05:50,095:INFO:Creating metrics dataframe
2026-05-08 10:05:50,097:INFO:Finalizing model
2026-05-08 10:05:50,211:INFO:Uploading results into container
2026-05-08 10:05:50,212:INFO:Uploading model into container now
2026-05-08 10:05:50,212:INFO:_master_model_container: 1
2026-05-08 10:05:50,212:INFO:_display_container: 2
2026-05-08 10:05:50,212:INFO:RandomForestClassifier(bootstrap=True, ccp_alpha=0.0, class_weight=None,
                       criterion='gini', max_depth=None, max_features='sqrt',
                       max_leaf_nodes=None, max_samples=None,
                       min_impurity_decrease=0.0, min_samples_leaf=1,
                       min_samples_split=2, min_weight_fraction_leaf=0.0,
                       monotonic_cst=None, n_estimators=100, n_jobs=-1,
                       oob_score=False, random_state=42, verbose=0,
                       warm_start=False)
2026-05-08 10:05:50,212:INFO:create_model() successfully completed......................................
2026-05-08 10:05:50,412:INFO:Initializing tune_model()
2026-05-08 10:05:50,413:INFO:tune_model(estimator=RandomForestClassifier(bootstrap=True, ccp_alpha=0.0, class_weight=None,
                       criterion='gini', max_depth=None, max_features='sqrt',
                       max_leaf_nodes=None, max_samples=None,
                       min_impurity_decrease=0.0, min_samples_leaf=1,
                       min_samples_split=2, min_weight_fraction_leaf=0.0,
                       monotonic_cst=None, n_estimators=100, n_jobs=-1,
                       oob_score=False, random_state=42, verbose=0,
                       warm_start=False), fold=None, round=4, n_iter=10, custom_grid=None, optimize=F1, custom_scorer=None, search_library=scikit-learn, search_algorithm=None, early_stopping=False, early_stopping_max_iters=10, choose_better=True, fit_kwargs=None, groups=None, return_tuner=False, verbose=False, tuner_verbose=True, return_train_score=False, kwargs={}, self=<pycaret.classification.oop.ClassificationExperiment object at 0x7f138e62f040>)
2026-05-08 10:05:50,413:INFO:Checking exceptions
2026-05-08 10:05:50,418:INFO:Copying training dataset
2026-05-08 10:05:50,421:INFO:Checking base model
2026-05-08 10:05:50,421:INFO:Base model : Random Forest Classifier
2026-05-08 10:05:50,421:INFO:Declaring metric variables
2026-05-08 10:05:50,421:INFO:Defining Hyperparameters
2026-05-08 10:05:50,602:INFO:Tuning with n_jobs=-1
2026-05-08 10:05:50,603:INFO:Initializing RandomizedSearchCV
2026-05-08 10:05:51,855:WARNING:/home/yhz/miniconda3/envs/local_iot/lib/python3.10/site-packages/_distutils_hack/__init__.py:26: UserWarning: Setuptools is replacing distutils.
  warnings.warn("Setuptools is replacing distutils.")

2026-05-08 10:05:51,912:WARNING:/home/yhz/miniconda3/envs/local_iot/lib/python3.10/site-packages/_distutils_hack/__init__.py:26: UserWarning: Setuptools is replacing distutils.
  warnings.warn("Setuptools is replacing distutils.")

2026-05-08 10:05:51,923:WARNING:/home/yhz/miniconda3/envs/local_iot/lib/python3.10/site-packages/_distutils_hack/__init__.py:26: UserWarning: Setuptools is replacing distutils.
  warnings.warn("Setuptools is replacing distutils.")

2026-05-08 10:05:51,923:WARNING:/home/yhz/miniconda3/envs/local_iot/lib/python3.10/site-packages/_distutils_hack/__init__.py:26: UserWarning: Setuptools is replacing distutils.
  warnings.warn("Setuptools is replacing distutils.")

2026-05-08 10:05:51,923:WARNING:/home/yhz/miniconda3/envs/local_iot/lib/python3.10/site-packages/_distutils_hack/__init__.py:26: UserWarning: Setuptools is replacing distutils.
  warnings.warn("Setuptools is replacing distutils.")

2026-05-08 10:05:51,924:WARNING:/home/yhz/miniconda3/envs/local_iot/lib/python3.10/site-packages/_distutils_hack/__init__.py:26: UserWarning: Setuptools is replacing distutils.
  warnings.warn("Setuptools is replacing distutils.")

2026-05-08 10:05:51,935:WARNING:/home/yhz/miniconda3/envs/local_iot/lib/python3.10/site-packages/_distutils_hack/__init__.py:26: UserWarning: Setuptools is replacing distutils.
  warnings.warn("Setuptools is replacing distutils.")

2026-05-08 10:05:51,943:WARNING:/home/yhz/miniconda3/envs/local_iot/lib/python3.10/site-packages/_distutils_hack/__init__.py:26: UserWarning: Setuptools is replacing distutils.
  warnings.warn("Setuptools is replacing distutils.")

2026-05-08 10:05:51,944:WARNING:/home/yhz/miniconda3/envs/local_iot/lib/python3.10/site-packages/_distutils_hack/__init__.py:26: UserWarning: Setuptools is replacing distutils.
  warnings.warn("Setuptools is replacing distutils.")

2026-05-08 10:05:51,945:WARNING:/home/yhz/miniconda3/envs/local_iot/lib/python3.10/site-packages/_distutils_hack/__init__.py:26: UserWarning: Setuptools is replacing distutils.
  warnings.warn("Setuptools is replacing distutils.")

2026-05-08 10:05:51,945:WARNING:/home/yhz/miniconda3/envs/local_iot/lib/python3.10/site-packages/_distutils_hack/__init__.py:26: UserWarning: Setuptools is replacing distutils.
  warnings.warn("Setuptools is replacing distutils.")

2026-05-08 10:05:51,954:WARNING:/home/yhz/miniconda3/envs/local_iot/lib/python3.10/site-packages/_distutils_hack/__init__.py:26: UserWarning: Setuptools is replacing distutils.
  warnings.warn("Setuptools is replacing distutils.")

2026-05-08 10:05:51,960:WARNING:/home/yhz/miniconda3/envs/local_iot/lib/python3.10/site-packages/_distutils_hack/__init__.py:26: UserWarning: Setuptools is replacing distutils.
  warnings.warn("Setuptools is replacing distutils.")

2026-05-08 10:05:51,967:WARNING:/home/yhz/miniconda3/envs/local_iot/lib/python3.10/site-packages/_distutils_hack/__init__.py:26: UserWarning: Setuptools is replacing distutils.
  warnings.warn("Setuptools is replacing distutils.")

2026-05-08 10:05:51,971:WARNING:/home/yhz/miniconda3/envs/local_iot/lib/python3.10/site-packages/_distutils_hack/__init__.py:26: UserWarning: Setuptools is replacing distutils.
  warnings.warn("Setuptools is replacing distutils.")

2026-05-08 10:05:51,974:WARNING:/home/yhz/miniconda3/envs/local_iot/lib/python3.10/site-packages/_distutils_hack/__init__.py:26: UserWarning: Setuptools is replacing distutils.
  warnings.warn("Setuptools is replacing distutils.")

2026-05-08 10:05:51,997:WARNING:/home/yhz/miniconda3/envs/local_iot/lib/python3.10/site-packages/_distutils_hack/__init__.py:26: UserWarning: Setuptools is replacing distutils.
  warnings.warn("Setuptools is replacing distutils.")

2026-05-08 10:05:52,005:WARNING:/home/yhz/miniconda3/envs/local_iot/lib/python3.10/site-packages/_distutils_hack/__init__.py:26: UserWarning: Setuptools is replacing distutils.
  warnings.warn("Setuptools is replacing distutils.")

2026-05-08 10:05:52,016:WARNING:/home/yhz/miniconda3/envs/local_iot/lib/python3.10/site-packages/_distutils_hack/__init__.py:26: UserWarning: Setuptools is replacing distutils.
  warnings.warn("Setuptools is replacing distutils.")

2026-05-08 10:05:52,032:WARNING:/home/yhz/miniconda3/envs/local_iot/lib/python3.10/site-packages/_distutils_hack/__init__.py:26: UserWarning: Setuptools is replacing distutils.
  warnings.warn("Setuptools is replacing distutils.")

2026-05-08 10:05:52,050:WARNING:/home/yhz/miniconda3/envs/local_iot/lib/python3.10/site-packages/_distutils_hack/__init__.py:26: UserWarning: Setuptools is replacing distutils.
  warnings.warn("Setuptools is replacing distutils.")

2026-05-08 10:05:52,054:WARNING:/home/yhz/miniconda3/envs/local_iot/lib/python3.10/site-packages/_distutils_hack/__init__.py:26: UserWarning: Setuptools is replacing distutils.
  warnings.warn("Setuptools is replacing distutils.")

2026-05-08 10:05:52,055:WARNING:/home/yhz/miniconda3/envs/local_iot/lib/python3.10/site-packages/wurlitzer.py:231: RuntimeWarning: Failed to set pipe buffer size: [Errno 1] Operation not permitted
  warnings.warn(

2026-05-08 10:05:52,056:WARNING:/home/yhz/miniconda3/envs/local_iot/lib/python3.10/site-packages/_distutils_hack/__init__.py:26: UserWarning: Setuptools is replacing distutils.
  warnings.warn("Setuptools is replacing distutils.")

2026-05-08 10:05:52,093:WARNING:/home/yhz/miniconda3/envs/local_iot/lib/python3.10/site-packages/wurlitzer.py:231: RuntimeWarning: Failed to set pipe buffer size: [Errno 1] Operation not permitted
  warnings.warn(

2026-05-08 10:05:52,094:WARNING:/home/yhz/miniconda3/envs/local_iot/lib/python3.10/site-packages/_distutils_hack/__init__.py:26: UserWarning: Setuptools is replacing distutils.
  warnings.warn("Setuptools is replacing distutils.")

2026-05-08 10:05:52,111:WARNING:/home/yhz/miniconda3/envs/local_iot/lib/python3.10/site-packages/wurlitzer.py:231: RuntimeWarning: Failed to set pipe buffer size: [Errno 1] Operation not permitted
  warnings.warn(

2026-05-08 10:05:52,111:WARNING:/home/yhz/miniconda3/envs/local_iot/lib/python3.10/site-packages/wurlitzer.py:231: RuntimeWarning: Failed to set pipe buffer size: [Errno 1] Operation not permitted
  warnings.warn(

2026-05-08 10:05:52,112:WARNING:/home/yhz/miniconda3/envs/local_iot/lib/python3.10/site-packages/_distutils_hack/__init__.py:26: UserWarning: Setuptools is replacing distutils.
  warnings.warn("Setuptools is replacing distutils.")

2026-05-08 10:05:52,112:WARNING:/home/yhz/miniconda3/envs/local_iot/lib/python3.10/site-packages/_distutils_hack/__init__.py:26: UserWarning: Setuptools is replacing distutils.
  warnings.warn("Setuptools is replacing distutils.")

2026-05-08 10:05:52,121:WARNING:/home/yhz/miniconda3/envs/local_iot/lib/python3.10/site-packages/wurlitzer.py:231: RuntimeWarning: Failed to set pipe buffer size: [Errno 1] Operation not permitted
  warnings.warn(

2026-05-08 10:05:52,125:WARNING:/home/yhz/miniconda3/envs/local_iot/lib/python3.10/site-packages/_distutils_hack/__init__.py:26: UserWarning: Setuptools is replacing distutils.
  warnings.warn("Setuptools is replacing distutils.")

2026-05-08 10:05:52,125:WARNING:/home/yhz/miniconda3/envs/local_iot/lib/python3.10/site-packages/wurlitzer.py:231: RuntimeWarning: Failed to set pipe buffer size: [Errno 1] Operation not permitted
  warnings.warn(

2026-05-08 10:05:52,132:WARNING:/home/yhz/miniconda3/envs/local_iot/lib/python3.10/site-packages/wurlitzer.py:231: RuntimeWarning: Failed to set pipe buffer size: [Errno 1] Operation not permitted
  warnings.warn(

2026-05-08 10:05:52,132:WARNING:/home/yhz/miniconda3/envs/local_iot/lib/python3.10/site-packages/wurlitzer.py:231: RuntimeWarning: Failed to set pipe buffer size: [Errno 1] Operation not permitted
  warnings.warn(

2026-05-08 10:05:52,133:WARNING:/home/yhz/miniconda3/envs/local_iot/lib/python3.10/site-packages/_distutils_hack/__init__.py:26: UserWarning: Setuptools is replacing distutils.
  warnings.warn("Setuptools is replacing distutils.")

2026-05-08 10:05:52,133:WARNING:/home/yhz/miniconda3/envs/local_iot/lib/python3.10/site-packages/_distutils_hack/__init__.py:26: UserWarning: Setuptools is replacing distutils.
  warnings.warn("Setuptools is replacing distutils.")

2026-05-08 10:05:52,181:WARNING:/home/yhz/miniconda3/envs/local_iot/lib/python3.10/site-packages/wurlitzer.py:231: RuntimeWarning: Failed to set pipe buffer size: [Errno 1] Operation not permitted
  warnings.warn(

2026-05-08 10:05:52,181:WARNING:/home/yhz/miniconda3/envs/local_iot/lib/python3.10/site-packages/wurlitzer.py:231: RuntimeWarning: Failed to set pipe buffer size: [Errno 1] Operation not permitted
  warnings.warn(

2026-05-08 10:05:52,192:WARNING:/home/yhz/miniconda3/envs/local_iot/lib/python3.10/site-packages/wurlitzer.py:231: RuntimeWarning: Failed to set pipe buffer size: [Errno 1] Operation not permitted
  warnings.warn(

2026-05-08 10:05:52,199:WARNING:/home/yhz/miniconda3/envs/local_iot/lib/python3.10/site-packages/wurlitzer.py:231: RuntimeWarning: Failed to set pipe buffer size: [Errno 1] Operation not permitted
  warnings.warn(

2026-05-08 10:05:52,199:WARNING:/home/yhz/miniconda3/envs/local_iot/lib/python3.10/site-packages/wurlitzer.py:231: RuntimeWarning: Failed to set pipe buffer size: [Errno 1] Operation not permitted
  warnings.warn(

2026-05-08 10:05:53,110:INFO:best_params: {'actual_estimator__n_estimators': 230, 'actual_estimator__min_samples_split': 10, 'actual_estimator__min_samples_leaf': 6, 'actual_estimator__min_impurity_decrease': 0, 'actual_estimator__max_features': 'sqrt', 'actual_estimator__max_depth': 9, 'actual_estimator__criterion': 'entropy', 'actual_estimator__class_weight': {}, 'actual_estimator__bootstrap': True}
2026-05-08 10:05:53,110:INFO:Hyperparameter search completed
2026-05-08 10:05:53,110:INFO:SubProcess create_model() called ==================================
2026-05-08 10:05:53,111:INFO:Initializing create_model()
2026-05-08 10:05:53,111:INFO:create_model(self=<pycaret.classification.oop.ClassificationExperiment object at 0x7f138e62f040>, estimator=RandomForestClassifier(bootstrap=True, ccp_alpha=0.0, class_weight=None,
                       criterion='gini', max_depth=None, max_features='sqrt',
                       max_leaf_nodes=None, max_samples=None,
                       min_impurity_decrease=0.0, min_samples_leaf=1,
                       min_samples_split=2, min_weight_fraction_leaf=0.0,
                       monotonic_cst=None, n_estimators=100, n_jobs=-1,
                       oob_score=False, random_state=42, verbose=0,
                       warm_start=False), fold=StratifiedKFold(n_splits=3, random_state=None, shuffle=False), round=4, cross_validation=True, predict=True, fit_kwargs={}, groups=None, refit=True, probability_threshold=None, experiment_custom_tags=None, verbose=True, system=False, add_to_model_list=True, metrics=None, display=<pycaret.internal.display.display.CommonDisplay object at 0x7f138d07e590>, model_only=True, return_train_score=False, error_score=0.0, kwargs={'n_estimators': 230, 'min_samples_split': 10, 'min_samples_leaf': 6, 'min_impurity_decrease': 0, 'max_features': 'sqrt', 'max_depth': 9, 'criterion': 'entropy', 'class_weight': {}, 'bootstrap': True})
2026-05-08 10:05:53,111:INFO:Checking exceptions
2026-05-08 10:05:53,111:INFO:Importing libraries
2026-05-08 10:05:53,111:INFO:Copying training dataset
2026-05-08 10:05:53,119:INFO:Defining folds
2026-05-08 10:05:53,119:INFO:Declaring metric variables
2026-05-08 10:05:53,119:INFO:Importing untrained model
2026-05-08 10:05:53,119:INFO:Declaring custom model
2026-05-08 10:05:53,120:INFO:Random Forest Classifier Imported successfully
2026-05-08 10:05:53,120:INFO:Starting cross validation
2026-05-08 10:05:53,120:INFO:Cross validating with StratifiedKFold(n_splits=3, random_state=None, shuffle=False), n_jobs=-1
2026-05-08 10:05:53,444:WARNING:/home/yhz/miniconda3/envs/local_iot/lib/python3.10/site-packages/sklearn/metrics/_classification.py:1509: UndefinedMetricWarning: Precision is ill-defined and being set to 0.0 in labels with no predicted samples. Use `zero_division` parameter to control this behavior.
  _warn_prf(average, modifier, f"{metric.capitalize()} is", len(result))

2026-05-08 10:05:53,449:WARNING:/home/yhz/miniconda3/envs/local_iot/lib/python3.10/site-packages/sklearn/metrics/_classification.py:1509: UndefinedMetricWarning: Precision is ill-defined and being set to 0.0 in labels with no predicted samples. Use `zero_division` parameter to control this behavior.
  _warn_prf(average, modifier, f"{metric.capitalize()} is", len(result))

2026-05-08 10:05:53,452:WARNING:/home/yhz/miniconda3/envs/local_iot/lib/python3.10/site-packages/sklearn/metrics/_classification.py:1509: UndefinedMetricWarning: Precision is ill-defined and being set to 0.0 in labels with no predicted samples. Use `zero_division` parameter to control this behavior.
  _warn_prf(average, modifier, f"{metric.capitalize()} is", len(result))

2026-05-08 10:05:53,457:INFO:Calculating mean and std
2026-05-08 10:05:53,458:INFO:Creating metrics dataframe
2026-05-08 10:05:53,459:INFO:Finalizing model
2026-05-08 10:05:53,738:INFO:Uploading results into container
2026-05-08 10:05:53,738:INFO:Uploading model into container now
2026-05-08 10:05:53,739:INFO:_master_model_container: 2
2026-05-08 10:05:53,739:INFO:_display_container: 3
2026-05-08 10:05:53,739:INFO:RandomForestClassifier(bootstrap=True, ccp_alpha=0.0, class_weight={},
                       criterion='entropy', max_depth=9, max_features='sqrt',
                       max_leaf_nodes=None, max_samples=None,
                       min_impurity_decrease=0, min_samples_leaf=6,
                       min_samples_split=10, min_weight_fraction_leaf=0.0,
                       monotonic_cst=None, n_estimators=230, n_jobs=-1,
                       oob_score=False, random_state=42, verbose=0,
                       warm_start=False)
2026-05-08 10:05:53,740:INFO:create_model() successfully completed......................................
2026-05-08 10:05:53,924:INFO:SubProcess create_model() end ==================================
2026-05-08 10:05:53,924:INFO:choose_better activated
2026-05-08 10:05:53,924:INFO:SubProcess create_model() called ==================================
2026-05-08 10:05:53,925:INFO:Initializing create_model()
2026-05-08 10:05:53,925:INFO:create_model(self=<pycaret.classification.oop.ClassificationExperiment object at 0x7f138e62f040>, estimator=RandomForestClassifier(bootstrap=True, ccp_alpha=0.0, class_weight=None,
                       criterion='gini', max_depth=None, max_features='sqrt',
                       max_leaf_nodes=None, max_samples=None,
                       min_impurity_decrease=0.0, min_samples_leaf=1,
                       min_samples_split=2, min_weight_fraction_leaf=0.0,
                       monotonic_cst=None, n_estimators=100, n_jobs=-1,
                       oob_score=False, random_state=42, verbose=0,
                       warm_start=False), fold=StratifiedKFold(n_splits=3, random_state=None, shuffle=False), round=4, cross_validation=True, predict=True, fit_kwargs={}, groups=None, refit=True, probability_threshold=None, experiment_custom_tags=None, verbose=False, system=False, add_to_model_list=True, metrics=None, display=None, model_only=True, return_train_score=False, error_score=0.0, kwargs={})
2026-05-08 10:05:53,925:INFO:Checking exceptions
2026-05-08 10:05:53,926:INFO:Importing libraries
2026-05-08 10:05:53,926:INFO:Copying training dataset
2026-05-08 10:05:53,932:INFO:Defining folds
2026-05-08 10:05:53,932:INFO:Declaring metric variables
2026-05-08 10:05:53,932:INFO:Importing untrained model
2026-05-08 10:05:53,932:INFO:Declaring custom model
2026-05-08 10:05:53,932:INFO:Random Forest Classifier Imported successfully
2026-05-08 10:05:53,932:INFO:Starting cross validation
2026-05-08 10:05:53,933:INFO:Cross validating with StratifiedKFold(n_splits=3, random_state=None, shuffle=False), n_jobs=-1
2026-05-08 10:05:54,113:WARNING:/home/yhz/miniconda3/envs/local_iot/lib/python3.10/site-packages/sklearn/metrics/_classification.py:1509: UndefinedMetricWarning: Precision is ill-defined and being set to 0.0 in labels with no predicted samples. Use `zero_division` parameter to control this behavior.
  _warn_prf(average, modifier, f"{metric.capitalize()} is", len(result))

2026-05-08 10:05:54,118:WARNING:/home/yhz/miniconda3/envs/local_iot/lib/python3.10/site-packages/sklearn/metrics/_classification.py:1509: UndefinedMetricWarning: Precision is ill-defined and being set to 0.0 in labels with no predicted samples. Use `zero_division` parameter to control this behavior.
  _warn_prf(average, modifier, f"{metric.capitalize()} is", len(result))

2026-05-08 10:05:54,124:WARNING:/home/yhz/miniconda3/envs/local_iot/lib/python3.10/site-packages/sklearn/metrics/_classification.py:1509: UndefinedMetricWarning: Precision is ill-defined and being set to 0.0 in labels with no predicted samples. Use `zero_division` parameter to control this behavior.
  _warn_prf(average, modifier, f"{metric.capitalize()} is", len(result))

2026-05-08 10:05:54,128:INFO:Calculating mean and std
2026-05-08 10:05:54,129:INFO:Creating metrics dataframe
2026-05-08 10:05:54,130:INFO:Finalizing model
2026-05-08 10:05:54,240:INFO:Uploading results into container
2026-05-08 10:05:54,241:INFO:Uploading model into container now
2026-05-08 10:05:54,241:INFO:_master_model_container: 3
2026-05-08 10:05:54,241:INFO:_display_container: 4
2026-05-08 10:05:54,241:INFO:RandomForestClassifier(bootstrap=True, ccp_alpha=0.0, class_weight=None,
                       criterion='gini', max_depth=None, max_features='sqrt',
                       max_leaf_nodes=None, max_samples=None,
                       min_impurity_decrease=0.0, min_samples_leaf=1,
                       min_samples_split=2, min_weight_fraction_leaf=0.0,
                       monotonic_cst=None, n_estimators=100, n_jobs=-1,
                       oob_score=False, random_state=42, verbose=0,
                       warm_start=False)
2026-05-08 10:05:54,241:INFO:create_model() successfully completed......................................
2026-05-08 10:05:54,433:INFO:SubProcess create_model() end ==================================
2026-05-08 10:05:54,433:INFO:RandomForestClassifier(bootstrap=True, ccp_alpha=0.0, class_weight=None,
                       criterion='gini', max_depth=None, max_features='sqrt',
                       max_leaf_nodes=None, max_samples=None,
                       min_impurity_decrease=0.0, min_samples_leaf=1,
                       min_samples_split=2, min_weight_fraction_leaf=0.0,
                       monotonic_cst=None, n_estimators=100, n_jobs=-1,
                       oob_score=False, random_state=42, verbose=0,
                       warm_start=False) result for F1 is 0.6079
2026-05-08 10:05:54,433:INFO:RandomForestClassifier(bootstrap=True, ccp_alpha=0.0, class_weight={},
                       criterion='entropy', max_depth=9, max_features='sqrt',
                       max_leaf_nodes=None, max_samples=None,
                       min_impurity_decrease=0, min_samples_leaf=6,
                       min_samples_split=10, min_weight_fraction_leaf=0.0,
                       monotonic_cst=None, n_estimators=230, n_jobs=-1,
                       oob_score=False, random_state=42, verbose=0,
                       warm_start=False) result for F1 is 0.6094
2026-05-08 10:05:54,434:INFO:RandomForestClassifier(bootstrap=True, ccp_alpha=0.0, class_weight={},
                       criterion='entropy', max_depth=9, max_features='sqrt',
                       max_leaf_nodes=None, max_samples=None,
                       min_impurity_decrease=0, min_samples_leaf=6,
                       min_samples_split=10, min_weight_fraction_leaf=0.0,
                       monotonic_cst=None, n_estimators=230, n_jobs=-1,
                       oob_score=False, random_state=42, verbose=0,
                       warm_start=False) is best model
2026-05-08 10:05:54,434:INFO:choose_better completed
2026-05-08 10:05:54,434:INFO:_master_model_container: 3
2026-05-08 10:05:54,434:INFO:_display_container: 3
2026-05-08 10:05:54,434:INFO:RandomForestClassifier(bootstrap=True, ccp_alpha=0.0, class_weight={},
                       criterion='entropy', max_depth=9, max_features='sqrt',
                       max_leaf_nodes=None, max_samples=None,
                       min_impurity_decrease=0, min_samples_leaf=6,
                       min_samples_split=10, min_weight_fraction_leaf=0.0,
                       monotonic_cst=None, n_estimators=230, n_jobs=-1,
                       oob_score=False, random_state=42, verbose=0,
                       warm_start=False)
2026-05-08 10:05:54,434:INFO:tune_model() successfully completed......................................
2026-05-08 10:05:54,608:INFO:Initializing save_model()
2026-05-08 10:05:54,608:INFO:save_model(model=RandomForestClassifier(bootstrap=True, ccp_alpha=0.0, class_weight={},
                       criterion='entropy', max_depth=9, max_features='sqrt',
                       max_leaf_nodes=None, max_samples=None,
                       min_impurity_decrease=0, min_samples_leaf=6,
                       min_samples_split=10, min_weight_fraction_leaf=0.0,
                       monotonic_cst=None, n_estimators=230, n_jobs=-1,
                       oob_score=False, random_state=42, verbose=0,
                       warm_start=False), model_name=./storage/trained_models/latest/rf, prep_pipe_=Pipeline(memory=FastMemory(location=/tmp/joblib),
         steps=[('numerical_imputer',
                 TransformerWrapper(exclude=None,
                                    include=['Temperature', 'Vibration',
                                             'Pressure', 'Flow_Rate', 'Current',
                                             'Voltage', 'FFT_Temp_0',
                                             'FFT_Vib_0', 'FFT_Pres_0',
                                             'FFT_Temp_1', 'FFT_Vib_1',
                                             'FFT_Pres_1', 'FFT_Temp_2',
                                             'FFT_Vib_2', 'FFT_Pres_2',
                                             'FFT_Temp_3', 'FFT_Vib_3',
                                             'FFT_Pres_3', 'FFT_Temp_4...
                                    transformer=SimpleImputer(add_indicator=False,
                                                              copy=True,
                                                              fill_value=None,
                                                              keep_empty_features=False,
                                                              missing_values=nan,
                                                              strategy='mean'))),
                ('categorical_imputer',
                 TransformerWrapper(exclude=None, include=[],
                                    transformer=SimpleImputer(add_indicator=False,
                                                              copy=True,
                                                              fill_value=None,
                                                              keep_empty_features=False,
                                                              missing_values=nan,
                                                              strategy='most_frequent')))],
         verbose=False), verbose=True, use_case=MLUsecase.CLASSIFICATION, kwargs={})
2026-05-08 10:05:54,608:INFO:Adding model into prep_pipe
2026-05-08 10:05:54,658:INFO:./storage/trained_models/latest/rf.pkl saved in current working directory
2026-05-08 10:05:54,660:INFO:Pipeline(memory=Memory(location=None),
         steps=[('numerical_imputer',
                 TransformerWrapper(exclude=None,
                                    include=['Temperature', 'Vibration',
                                             'Pressure', 'Flow_Rate', 'Current',
                                             'Voltage', 'FFT_Temp_0',
                                             'FFT_Vib_0', 'FFT_Pres_0',
                                             'FFT_Temp_1', 'FFT_Vib_1',
                                             'FFT_Pres_1', 'FFT_Temp_2',
                                             'FFT_Vib_2', 'FFT_Pres_2',
                                             'FFT_Temp_3', 'FFT_Vib_3',
                                             'FFT_Pres_3', 'FFT_Temp_4',
                                             'FFT_Vib_...
                 RandomForestClassifier(bootstrap=True, ccp_alpha=0.0,
                                        class_weight={}, criterion='entropy',
                                        max_depth=9, max_features='sqrt',
                                        max_leaf_nodes=None, max_samples=None,
                                        min_impurity_decrease=0,
                                        min_samples_leaf=6,
                                        min_samples_split=10,
                                        min_weight_fraction_leaf=0.0,
                                        monotonic_cst=None, n_estimators=230,
                                        n_jobs=-1, oob_score=False,
                                        random_state=42, verbose=0,
                                        warm_start=False))],
         verbose=False)
2026-05-08 10:05:54,660:INFO:save_model() successfully completed......................................
2026-05-08 10:05:55,678:WARNING:/home/yhz/local_iot/ludwig/ludwig/hyperopt/utils.py:204: RuntimeWarning: All hyperopt parameters in Ludwig config are using grid_search space, but number of samples (2) is greater than 1. This will result in 1 duplicate trials being created. Consider setting `num_samples` to 1 in the hyperopt executor to prevent trial duplication.
  warnings.warn(

2026-05-08 10:06:17,541:WARNING:/home/yhz/local_iot/ludwig/ludwig/hyperopt/utils.py:204: RuntimeWarning: All hyperopt parameters in Ludwig config are using grid_search space, but number of samples (2) is greater than 1. This will result in 1 duplicate trials being created. Consider setting `num_samples` to 1 in the hyperopt executor to prevent trial duplication.
  warnings.warn(

