{
    "evaluation_frequency": {
        "frequency": 1,
        "period": "epoch"
    },
    "test": {
        "combined": {
            "loss": [
                3.635563850402832,
                3.4215283393859863,
                2.190793752670288,
                2.445237159729004,
                2.0679192543029785,
                2.2741031646728516,
                1.9152189493179321,
                1.8188279867172241,
                2.095397710800171,
                1.8167216777801514,
                1.977086067199707,
                1.7644891738891602,
                1.7665940523147583,
                1.9343585968017578,
                1.849400281906128,
                1.9310851097106934
            ]
        },
        "label": {
            "accuracy": [
                0.16363635659217834,
                0.14666667580604553,
                0.14245909452438354,
                0.16508784890174866,
                0.18212589621543884,
                0.18388593196868896,
                0.2526916265487671,
                0.19762936234474182,
                0.2495543658733368,
                0.19853752851486206,
                0.2608199715614319,
                0.23217561841011047,
                0.2361985146999359,
                0.23465240001678467,
                0.23521077632904053,
                0.3025312125682831
            ],
            "accuracy_micro": [
                0.1184210553765297,
                0.14473684132099152,
                0.15789473056793213,
                0.1315789520740509,
                0.21052631735801697,
                0.14473684132099152,
                0.2631579041481018,
                0.19736842811107635,
                0.2631579041481018,
                0.19736842811107635,
                0.2631579041481018,
                0.25,
                0.25,
                0.25,
                0.2631579041481018,
                0.30263158679008484
            ],
            "hits_at_k": [
                0.5291022062301636,
                0.557894766330719,
                0.5189337134361267,
                0.5766335725784302,
                0.6009523868560791,
                0.6614820957183838,
                0.5652642250061035,
                0.6739664673805237,
                0.6409944295883179,
                0.6499725580215454,
                0.6707404851913452,
                0.6624470949172974,
                0.6444035768508911,
                0.6947277188301086,
                0.6232196092605591,
                0.6889861226081848
            ],
            "loss": [
                3.635563850402832,
                3.4215283393859863,
                2.190793752670288,
                2.445237159729004,
                2.0679192543029785,
                2.2741031646728516,
                1.9152189493179321,
                1.8188279867172241,
                2.095397710800171,
                1.8167216777801514,
                1.977086067199707,
                1.7644891738891602,
                1.7665940523147583,
                1.9343585968017578,
                1.849400281906128,
                1.9310851097106934
            ],
            "roc_auc": [
                0.41184383630752563,
                0.4315473437309265,
                0.42190003395080566,
                0.43616896867752075,
                0.4516279101371765,
                0.47313517332077026,
                0.4911249279975891,
                0.5003165006637573,
                0.5343825221061707,
                0.5253419280052185,
                0.5539661645889282,
                0.5548347234725952,
                0.5550845265388489,
                0.5622680187225342,
                0.5594438314437866,
                0.5672838687896729
            ]
        }
    },
    "training": {
        "combined": {
            "loss": [
                5.87064266204834,
                2.8932816982269287,
                2.573992967605591,
                2.2174549102783203,
                1.8317327499389648,
                1.7728796005249023,
                1.7320258617401123,
                1.5385425090789795,
                1.5427367687225342,
                1.3628207445144653,
                1.3039934635162354,
                1.3126121759414673,
                1.2531845569610596,
                1.15811288356781,
                1.0693092346191406,
                1.1520882844924927
            ]
        },
        "label": {
            "accuracy": [
                0.16001063585281372,
                0.15925532579421997,
                0.208776593208313,
                0.22252126038074493,
                0.2667659521102905,
                0.31036168336868286,
                0.3370000123977661,
                0.33010637760162354,
                0.35005319118499756,
                0.3973829746246338,
                0.43504253029823303,
                0.4250744581222534,
                0.4943191707134247,
                0.5138936042785645,
                0.5380851030349731,
                0.5204042196273804
            ],
            "accuracy_micro": [
                0.19475655257701874,
                0.16853933036327362,
                0.24344569444656372,
                0.24344569444656372,
                0.31086140871047974,
                0.3333333432674408,
                0.352059930562973,
                0.37078651785850525,
                0.36329588294029236,
                0.43820226192474365,
                0.449438214302063,
                0.46441948413848877,
                0.5280898809432983,
                0.516853928565979,
                0.584269642829895,
                0.4906367063522339
            ],
            "hits_at_k": [
                0.585212767124176,
                0.5495638251304626,
                0.6054574847221375,
                0.5883191823959351,
                0.7081170082092285,
                0.712478756904602,
                0.6680425405502319,
                0.7532126903533936,
                0.7811702489852905,
                0.7719999551773071,
                0.8074042201042175,
                0.7997127771377563,
                0.7984574437141418,
                0.8739786744117737,
                0.8794680833816528,
                0.8877339959144592
            ],
            "loss": [
                5.87064266204834,
                2.8932816982269287,
                2.573992967605591,
                2.2174549102783203,
                1.8317327499389648,
                1.7728796005249023,
                1.7320258617401123,
                1.5385425090789795,
                1.5427367687225342,
                1.3628207445144653,
                1.3039934635162354,
                1.3126121759414673,
                1.2531845569610596,
                1.15811288356781,
                1.0693092346191406,
                1.1520882844924927
            ],
            "roc_auc": [
                0.46909040212631226,
                0.4832076132297516,
                0.5296956300735474,
                0.5477593541145325,
                0.5908374190330505,
                0.6238375902175903,
                0.6689273715019226,
                0.6711348295211792,
                0.692873477935791,
                0.7609366178512573,
                0.7846817374229431,
                0.7878710031509399,
                0.8011758923530579,
                0.8127936124801636,
                0.8660723567008972,
                0.8447521328926086
            ]
        }
    },