{
    "evaluation_frequency": {
        "frequency": 1,
        "period": "epoch"
    },
    "test": {
        "combined": {
            "loss": [
                10.213951110839844,
                5.58653450012207,
                3.898223876953125,
                3.3991565704345703,
                2.6445930004119873,
                2.476210832595825,
                3.4789419174194336,
                3.677671432495117,
                2.81732177734375,
                4.355461120605469,
                5.365442752838135,
                4.75045919418335,
                4.441434860229492,
                2.338632345199585,
                4.456281661987305,
                7.066062927246094,
                3.0580661296844482,
                6.595825672149658,
                3.6866626739501953,
                3.1991350650787354,
                5.3575215339660645,
                6.131486892700195
            ]
        },
        "label": {
            "accuracy": [
                0.20000000298023224,
                0.21490196883678436,
                0.278510183095932,
                0.27843138575553894,
                0.30831602215766907,
                0.3082878291606903,
                0.29782530665397644,
                0.2623623311519623,
                0.2876487672328949,
                0.2816493511199951,
                0.22509804368019104,
                0.2653532028198242,
                0.29986679553985596,
                0.34039056301116943,
                0.22024956345558167,
                0.31222817301750183,
                0.27811992168426514,
                0.25182849168777466,
                0.2499559223651886,
                0.31645503640174866,
                0.24047285318374634,
                0.30631014704704285
            ],
            "accuracy_micro": [
                0.14473684132099152,
                0.2368421107530594,
                0.31578946113586426,
                0.32894736528396606,
                0.31578946113586426,
                0.32894736528396606,
                0.32894736528396606,
                0.25,
                0.2631579041481018,
                0.28947368264198303,
                0.17105263471603394,
                0.2631579041481018,
                0.2763157784938812,
                0.34210526943206787,
                0.17105263471603394,
                0.30263158679008484,
                0.28947368264198303,
                0.21052631735801697,
                0.22368420660495758,
                0.34210526943206787,
                0.2368421107530594,
                0.34210526943206787
            ],
            "hits_at_k": [
                0.6000000238418579,
                0.6604329347610474,
                0.6266666650772095,
                0.6951872110366821,
                0.7607393264770508,
                0.7372549176216125,
                0.7047058939933777,
                0.6829220056533813,
                0.7704100012779236,
                0.7127273082733154,
                0.749187707901001,
                0.7149019241333008,
                0.6848739385604858,
                0.7536032795906067,
                0.7454283237457275,
                0.6200501322746277,
                0.7634825110435486,
                0.727843165397644,
                0.6807165145874023,
                0.7542959451675415,
                0.7466004490852356,
                0.6229895949363708
            ],
            "loss": [
                10.213951110839844,
                5.58653450012207,
                3.898223876953125,
                3.3991565704345703,
                2.6445930004119873,
                2.476210832595825,
                3.4789419174194336,
                3.677671432495117,
                2.81732177734375,
                4.355461120605469,
                5.365442752838135,
                4.75045919418335,
                4.441434860229492,
                2.338632345199585,
                4.456281661987305,
                7.066062927246094,
                3.0580661296844482,
                6.595825672149658,
                3.6866626739501953,
                3.1991350650787354,
                5.3575215339660645,
                6.131486892700195
            ],
            "roc_auc": [
                0.5744306445121765,
                0.594007134437561,
                0.6134093999862671,
                0.6623560786247253,
                0.644591212272644,
                0.6493814587593079,
                0.6539610028266907,
                0.6151189804077148,
                0.6450297832489014,
                0.6374983191490173,
                0.6553821563720703,
                0.6161949634552002,
                0.6553213596343994,
                0.6696227192878723,
                0.604655385017395,
                0.6295345425605774,
                0.6283127069473267,
                0.6156384944915771,
                0.6195370554924011,
                0.6475309133529663,
                0.6548394560813904,
                0.7032604217529297
            ]
        }
    },
    "training": {
        "combined": {
            "loss": [
                16.955764770507812,
                6.538043022155762,
                3.3270106315612793,
                2.5597591400146484,
                2.304802656173706,
                1.4264062643051147,
                1.0745850801467896,
                1.7041980028152466,
                0.8204404711723328,
                0.6806913018226624,
                1.1390225887298584,
                0.3975909948348999,
                0.6782814860343933,
                0.652895987033844,
                0.12095659971237183,
                0.04345735162496567,
                0.1024802103638649,
                0.013925237581133842,
                0.020966533571481705,
                0.04273363575339317,
                0.15877921879291534,
                0.010073045268654823
            ]
        },
        "label": {
            "accuracy": [
                0.23808510601520538,
                0.2208085060119629,
                0.3530638515949249,
                0.4618510603904724,
                0.5266382694244385,
                0.6201063990592957,
                0.6991702318191528,
                0.6354042291641235,
                0.7776914834976196,
                0.819468080997467,
                0.7396595478057861,
                0.8812234401702881,
                0.7821489572525024,
                0.8664893507957458,
                0.9639999866485596,
                0.9867446422576904,
                0.9749894142150879,
                0.9959999918937683,
                0.9867447018623352,
                0.9762446284294128,
                0.9570000171661377,
                0.9950000047683716
            ],
            "accuracy_micro": [
                0.23970037698745728,
                0.23970037698745728,
                0.3745318353176117,
                0.47940075397491455,
                0.5280898809432983,
                0.63670414686203,
                0.704119861125946,
                0.63670414686203,
                0.7902621626853943,
                0.8314606547355652,
                0.7528089880943298,
                0.8913857936859131,
                0.7902621626853943,
                0.8614231944084167,
                0.9625468254089355,
                0.9850187301635742,
                0.9737827777862549,
                0.9962546825408936,
                0.9887640476226807,
                0.9775280952453613,
                0.9588015079498291,
                0.9962546825408936
            ],