{
    "evaluation_frequency": {
        "frequency": 1,
        "period": "epoch"
    },
    "test": {
        "combined": {
            "loss": [
                2.55207896232605,
                2.162745237350464,
                1.9828025102615356,
                2.3041417598724365,
                1.8504303693771362,
                1.9539775848388672,
                1.7388291358947754,
                1.6675461530685425,
                1.745225429534912,
                1.7628073692321777,
                1.763232707977295
            ]
        },
        "label": {
            "accuracy": [
                0.16842105984687805,
                0.14055727422237396,
                0.17461299896240234,
                0.20408964157104492,
                0.22463566064834595,
                0.27101603150367737,
                0.2632404565811157,
                0.3011877238750458,
                0.2955099046230316,
                0.231443852186203,
                0.30614128708839417
            ],
            "accuracy_micro": [
                0.21052631735801697,
                0.17105263471603394,
                0.21052631735801697,
                0.22368420660495758,
                0.21052631735801697,
                0.2763157784938812,
                0.30263158679008484,
                0.30263158679008484,
                0.28947368264198303,
                0.21052631735801697,
                0.30263158679008484
            ],
            "hits_at_k": [
                0.608174204826355,
                0.6015686392784119,
                0.5911790132522583,
                0.6160218715667725,
                0.6881852149963379,
                0.7378582954406738,
                0.6753247380256653,
                0.673023521900177,
                0.6655775904655457,
                0.7578082084655762,
                0.7407154440879822
            ],
            "loss": [
                2.55207896232605,
                2.162745237350464,
                1.9828025102615356,
                2.3041417598724365,
                1.8504303693771362,
                1.9539775848388672,
                1.7388291358947754,
                1.6675461530685425,
                1.745225429534912,
                1.7628073692321777,
                1.763232707977295
            ],
            "roc_auc": [
                0.40782222151756287,
                0.4658474326133728,
                0.5046579241752625,
                0.5422414541244507,
                0.5599080324172974,
                0.5678091645240784,
                0.5815684199333191,
                0.5886067152023315,
                0.5883443355560303,
                0.5974511504173279,
                0.5998857617378235
            ]
        }
    },
    "training": {
        "combined": {
            "loss": [
                4.246236324310303,
                2.4772777557373047,
                2.392669916152954,
                2.469068765640259,
                1.9641865491867065,
                1.7944163084030151,
                1.7388699054718018,
                1.6094837188720703,
                1.5764977931976318,
                1.5038180351257324,
                1.5233449935913086
            ]
        },
        "label": {
            "accuracy": [
                0.1550212800502777,
                0.1995106339454651,
                0.23028722405433655,
                0.22855320572853088,
                0.32432976365089417,
                0.357829749584198,
                0.3805638551712036,
                0.41186171770095825,
                0.41435104608535767,
                0.4410851001739502,
                0.44008511304855347
            ],
            "accuracy_micro": [
                0.17977528274059296,
                0.2172284573316574,
                0.26217228174209595,
                0.25468164682388306,
                0.352059930562973,
                0.37827715277671814,
                0.4082396924495697,
                0.42696627974510193,
                0.43820226192474365,
                0.46441948413848877,
                0.46441948413848877
            ],
            "hits_at_k": [
                0.545925498008728,
                0.6301169991493225,
                0.6211169958114624,
                0.6519042253494263,
                0.7131914496421814,
                0.7689254879951477,
                0.7358936071395874,
                0.7794361710548401,
                0.7806808352470398,
                0.8204468488693237,
                0.7969467639923096
            ],
            "loss": [
                4.246236324310303,
                2.4772777557373047,
                2.392669916152954,
                2.469068765640259,
                1.9641865491867065,
                1.7944163084030151,
                1.7388699054718018,
                1.6094837188720703,
                1.5764977931976318,
                1.5038180351257324,
                1.5233449935913086
            ],
            "roc_auc": [
                0.4503104090690613,
                0.524001955986023,
                0.5351794958114624,
                0.5487821698188782,
                0.6271213293075562,
                0.6775294542312622,
                0.6861954927444458,
                0.7150986790657043,
                0.7178589105606079,
                0.7456303834915161,
                0.7448426485061646
            ]
        }
    },
    "validation": {
        "combined": {
            "loss": [
                2.0729451179504395,
                2.276775360107422,
                1.8490099906921387,
                2.1599373817443848,
                1.7543787956237793,
                2.3252902030944824,
                2.0512776374816895,
                1.6989655494689941,
                1.9066798686981201,
                1.8008685111999512,
                1.839475393295288
            ]
        },
        "label": {
            "accuracy": [
                0.11666666716337204,
                0.1366666704416275,
                0.17500001192092896,
                0.20000000298023224,
                0.25999999046325684,
                0.33500000834465027,
                0.20000000298023224,
                0.21000000834465027,
                0.27000001072883606,
                0.2849999964237213,
                0.23499999940395355
            ],
            "accuracy_micro": [
                0.10526315867900848,
                0.1315789520740509,
                0.15789473056793213,
                0.21052631735801697,
                0.31578946113586426,
                0.28947368264198303,
                0.18421052396297455,
                0.2368421107530594,
                0.31578946113586426,
                0.34210526943206787,
                0.2631579041481018
            ],
            "hits_at_k": [
                0.6166666746139526,
                0.7000000476837158,
                0.5849999785423279,
                0.7733333110809326,
                0.6299999952316284,
                0.746666669845581,
                0.5999999642372131,
                0.7350000143051147,
                0.699999988079071,
                0.6850000023841858,
                0.7433332800865173
            ],
            "loss": [
                2.0729451179504395,
                2.276775360107422,
                1.8490099906921387,
                2.1599373817443848,
                1.7543787956237793,
                2.3252902030944824,
                2.0512776374816895,
                1.6989655494689941,
                1.9066798686981201,
                1.8008685111999512,
                1.839475393295288
            ],