{
    "evaluation_frequency": {
        "frequency": 1,
        "period": "epoch"
    },
    "test": {
        "combined": {
            "loss": [
                3.850131034851074,
                3.5042247772216797,
                2.2105178833007812,
                2.7487637996673584,
                1.9954438209533691,
                2.365992546081543,
                2.0217769145965576,
                1.8063050508499146,
                2.2005834579467773,
                1.762880802154541,
                1.9212344884872437,
                1.7933392524719238,
                1.8089253902435303,
                1.8513901233673096,
                1.7359180450439453,
                1.8887765407562256,
                1.8123092651367188,
                1.9352631568908691,
                1.851474404335022
            ]
        },
        "label": {
            "accuracy": [
                0.16363635659217834,
                0.1599999964237213,
                0.12945599853992462,
                0.16363635659217834,
                0.18088752031326294,
                0.1828877031803131,
                0.19890421628952026,
                0.21775320172309875,
                0.20777183771133423,
                0.2163655310869217,
                0.23465240001678467,
                0.2949169874191284,
                0.2122689187526703,
                0.28779059648513794,
                0.2530398368835449,
                0.30614128708839417,
                0.24481900036334991,
                0.30079367756843567,
                0.30079367756843567
            ],
            "accuracy_micro": [
                0.1184210553765297,
                0.15789473056793213,
                0.14473684132099152,
                0.1184210553765297,
                0.21052631735801697,
                0.19736842811107635,
                0.19736842811107635,
                0.2368421107530594,
                0.18421052396297455,
                0.2368421107530594,
                0.25,
                0.31578946113586426,
                0.22368420660495758,
                0.2763157784938812,
                0.25,
                0.30263158679008484,
                0.25,
                0.28947368264198303,
                0.28947368264198303
            ],
            "hits_at_k": [
                0.5396285057067871,
                0.5416268110275269,
                0.6029437184333801,
                0.6120448112487793,
                0.5859383940696716,
                0.5777591466903687,
                0.6279844641685486,
                0.6225072741508484,
                0.586860179901123,
                0.55810546875,
                0.6122123599052429,
                0.7340064644813538,
                0.7282079458236694,
                0.7083845734596252,
                0.7345486879348755,
                0.6721440553665161,
                0.7112128138542175,
                0.6978582739830017,
                0.7121440172195435
            ],
            "loss": [
                3.850131034851074,
                3.5042247772216797,
                2.2105178833007812,
                2.7487637996673584,
                1.9954438209533691,
                2.365992546081543,
                2.0217769145965576,
                1.8063050508499146,
                2.2005834579467773,
                1.762880802154541,
                1.9212344884872437,
                1.7933392524719238,
                1.8089253902435303,
                1.8513901233673096,
                1.7359180450439453,
                1.8887765407562256,
                1.8123092651367188,
                1.9352631568908691,
                1.851474404335022
            ],
            "roc_auc": [
                0.4156227111816406,
                0.4303514063358307,
                0.42295974493026733,
                0.4452725052833557,
                0.44945916533470154,
                0.4726030230522156,
                0.5036201477050781,
                0.5017178654670715,
                0.5350149869918823,
                0.5336533784866333,
                0.5476925373077393,
                0.5621615648269653,
                0.5602262616157532,
                0.5728326439857483,
                0.5728467702865601,
                0.5709461569786072,
                0.5725436806678772,
                0.5797149538993835,
                0.5797194242477417
            ]
        }
    },
    "training": {
        "combined": {
            "loss": [
                6.035863876342773,
                3.3379218578338623,
                2.9674267768859863,
                2.7246017456054688,
                2.2198283672332764,
                2.2268271446228027,
                2.3128983974456787,
                2.275012969970703,
                2.0343852043151855,
                1.8576446771621704,
                1.8500497341156006,
                1.8141963481903076,
                1.720862627029419,
                1.7243493795394897,
                1.5626251697540283,
                1.4770963191986084,
                1.4797194004058838,
                1.5017509460449219,
                1.7249664068222046
            ]
        },
        "label": {
            "accuracy": [
                0.1555425375699997,
                0.16325531899929047,
                0.20553191006183624,
                0.20928724110126495,
                0.23777660727500916,
                0.2696170210838318,
                0.23100000619888306,
                0.25008508563041687,
                0.34605318307876587,
                0.31230852007865906,
                0.3180425465106964,
                0.35154256224632263,
                0.38557446002960205,
                0.37657445669174194,
                0.4188191890716553,
                0.39059579372406006,
                0.41654258966445923,
                0.5054042339324951,
                0.4498085081577301
            ],
            "accuracy_micro": [
                0.18726591765880585,
                0.17228464782238007,
                0.24719101190567017,
                0.20973782241344452,
                0.26217228174209595,
                0.26966291666030884,
                0.26966291666030884,
                0.2734082341194153,
                0.3670412003993988,
                0.33707866072654724,
                0.3258427083492279,
                0.38576778769493103,
                0.41198500990867615,
                0.38576778769493103,
                0.4606741666793823,
                0.3932584226131439,
                0.4569288492202759,
                0.49438202381134033,
                0.5018726587295532
            ],
            "hits_at_k": [
                0.5767127871513367,
                0.5810851454734802,
                0.6026915311813354,
                0.5933829545974731,
                0.6403829455375671,
                0.6619575023651123,
                0.6715744733810425,
                0.6706807613372803,
                0.68087238073349,
                0.736425518989563,
                0.7729254961013794,
                0.7281383275985718,
                0.7291702032089233,
                0.7327021360397339,
                0.8282021284103394,
                0.8604574203491211,
                0.8536914587020874,
                0.8024574518203735,
                0.7851808667182922
            ],