{
    "batch_size": 64,
    "best_eval_metric_checkpoint_number": 1,
    "best_eval_metric_epoch": 0,
    "best_eval_metric_steps": 5,
    "best_eval_metric_value": 0.20000000298023224,
    "best_eval_test_metrics": {
        "combined": {
            "loss": 1.6358236074447632
        },
        "label": {
            "accuracy": 0.20000000298023224,
            "accuracy_micro": 0.22368420660495758,
            "hits_at_k": 0.6218182444572449,
            "loss": 1.6358236074447632,
            "roc_auc": 0.5525062680244446
        }
    },
    "best_eval_train_metrics": {
        "combined": {
            "loss": 1.5749444961547852
        },
        "label": {
            "accuracy": 0.2199999988079071,
            "accuracy_micro": 0.2846441864967346,
            "hits_at_k": 0.6069999933242798,
            "loss": 1.5749444961547852,
            "roc_auc": 0.4953097403049469
        }
    },
    "best_eval_validation_metrics": {
        "combined": {
            "loss": 1.7393534183502197
        },
        "label": {
            "accuracy": 0.20000000298023224,
            "accuracy_micro": 0.21052631735801697,
            "hits_at_k": 0.6000000238418579,
            "loss": 1.7393534183502197,
            "roc_auc": 0.5990384817123413
        }
    },
    "best_increase_batch_size_eval_metric": Infinity,
    "checkpoint_number": 4,
    "epoch": 4,
    "last_improvement_steps": 15,
    "last_increase_batch_size": 0,
    "last_increase_batch_size_eval_metric_improvement": 0,
    "last_increase_batch_size_steps": 0,
    "last_learning_rate_reduction": 0,
    "last_learning_rate_reduction_steps": 0,
    "learning_rate": 0.001,
    "num_increases_batch_size": 0,
    "num_reductions_learning_rate": 0,
    "steps": 20,
    "test_metrics": {
        "combined": {
            "loss": [
                [
                    0,
                    5,
                    1.6358236074447632
                ],
                [
                    1,
                    10,
                    1.5839149951934814
                ],
                [
                    2,
                    15,
                    1.6023523807525635
                ],
                [
                    3,
                    20,
                    1.612720012664795
                ]
            ]
        },
        "label": {
            "accuracy": [
                [
                    0,
                    5,
                    0.20000000298023224
                ],
                [
                    1,
                    10,
                    0.20000000298023224
                ],
                [
                    2,
                    15,
                    0.20000000298023224
                ],
                [
                    3,
                    20,
                    0.20000000298023224
                ]
            ],
            "accuracy_micro": [
                [
                    0,
                    5,
                    0.22368420660495758
                ],
                [
                    1,
                    10,
                    0.22368420660495758
                ],
                [
                    2,
                    15,
                    0.22368420660495758
                ],
                [
                    3,
                    20,
                    0.22368420660495758
                ]
            ],
            "hits_at_k": [
                [
                    0,
                    5,
                    0.6218182444572449
                ],
                [
                    1,
                    10,
                    0.6000000238418579
                ],
                [
                    2,
                    15,
                    0.6133333444595337
                ],
                [
                    3,
                    20,
                    0.6133333444595337
                ]
            ],
            "loss": [
                [
                    0,
                    5,
                    1.6358236074447632
                ],
                [
                    1,
                    10,
                    1.5839149951934814
                ],
                [
                    2,
                    15,
                    1.6023523807525635
                ],
                [
                    3,
                    20,
                    1.612720012664795
                ]
            ],
            "roc_auc": [
                [
                    0,
                    5,
                    0.5525062680244446
                ],
                [
                    1,
                    10,
                    0.5618610978126526
                ],
                [
                    2,
                    15,
                    0.568986177444458
                ],
                [
                    3,
                    20,
                    0.5685402154922485
                ]
            ]
        }
    },
    "train_metrics": {
        "combined": {
            "loss": [
                [
                    0,
                    5,
                    1.5749444961547852
                ],
                [
                    1,
                    10,
                    1.6042104959487915
                ],
                [
                    2,
                    15,
                    1.5859863758087158
                ],
                [
                    3,
                    20,
                    1.597010850906372
                ]
            ]
        },
        "label": {
            "accuracy": [
                [
                    0,
                    5,
                    0.2199999988079071
                ],
                [
                    1,
                    10,
                    0.20000000298023224
                ],
                [
                    2,
                    15,
                    0.20399999618530273
                ],
                [
                    3,
                    20,
                    0.20799998939037323
                ]
            ],
            "accuracy_micro": [
                [
                    0,
                    5,
                    0.2846441864967346
                ],
                [
                    1,
                    10,
                    0.2996254563331604
                ],
                [
                    2,
                    15,
                    0.30337077379226685
                ],
                [
                    3,
                    20,
                    0.3071160912513733
                ]
            ],
            "hits_at_k": [
                [
                    0,
                    5,
                    0.6069999933242798
                ],
                [
                    1,
                    10,
                    0.5800000429153442
                ],
                [
                    2,
                    15,
                    0.5960000157356262
                ],
                [
                    3,
                    20,
                    0.6040000319480896
                ]
            ],
            "loss": [
                [
                    0,
                    5,
                    1.5749444961547852
                ],
                [
                    1,
                    10,
                    1.6042104959487915
                ],
                [
                    2,
                    15,
                    1.5859863758087158
                ],
                [
                    3,
                    20,
                    1.597010850906372
                ]
            ],