{
    "batch_size": 16,
    "best_eval_metric_checkpoint_number": 1,
    "best_eval_metric_epoch": 0,
    "best_eval_metric_steps": 17,
    "best_eval_metric_value": 0.20000000298023224,
    "best_eval_test_metrics": {
        "combined": {
            "loss": 2.0073273181915283
        },
        "label": {
            "accuracy": 0.20000000298023224,
            "accuracy_micro": 0.25,
            "hits_at_k": 0.6000000238418579,
            "loss": 2.0073273181915283,
            "roc_auc": 0.4965692460536957
        }
    },
    "best_eval_train_metrics": {
        "combined": {
            "loss": 3.1439950466156006
        },
        "label": {
            "accuracy": 0.21630851924419403,
            "accuracy_micro": 0.22846442461013794,
            "hits_at_k": 0.620319128036499,
            "loss": 3.1439950466156006,
            "roc_auc": 0.4869420528411865
        }
    },
    "best_eval_validation_metrics": {
        "combined": {
            "loss": 2.667447566986084
        },
        "label": {
            "accuracy": 0.20000000298023224,
            "accuracy_micro": 0.15789473056793213,
            "hits_at_k": 0.6000000238418579,
            "loss": 2.667447566986084,
            "roc_auc": 0.522821307182312
        }
    },
    "best_increase_batch_size_eval_metric": Infinity,
    "checkpoint_number": 6,
    "epoch": 6,
    "last_improvement_steps": 85,
    "last_increase_batch_size": 0,
    "last_increase_batch_size_eval_metric_improvement": 0,
    "last_increase_batch_size_steps": 0,
    "last_learning_rate_reduction": 0,
    "last_learning_rate_reduction_steps": 0,
    "learning_rate": 0.01,
    "num_increases_batch_size": 0,
    "num_reductions_learning_rate": 0,
    "steps": 102,
    "test_metrics": {
        "combined": {
            "loss": [
                [
                    0,
                    17,
                    2.0073273181915283
                ],
                [
                    1,
                    34,
                    2.454742670059204
                ],
                [
                    2,
                    51,
                    1.8147960901260376
                ],
                [
                    3,
                    68,
                    1.7247167825698853
                ],
                [
                    4,
                    85,
                    1.6727757453918457
                ],
                [
                    5,
                    102,
                    2.2531354427337646
                ]
            ]
        },
        "label": {
            "accuracy": [
                [
                    0,
                    17,
                    0.20000000298023224
                ],
                [
                    1,
                    34,
                    0.20000000298023224
                ],
                [
                    2,
                    51,
                    0.20000000298023224
                ],
                [
                    3,
                    68,
                    0.20000000298023224
                ],
                [
                    4,
                    85,
                    0.20000000298023224
                ],
                [
                    5,
                    102,
                    0.20000000298023224
                ]
            ],
            "accuracy_micro": [
                [
                    0,
                    17,
                    0.25
                ],
                [
                    1,
                    34,
                    0.25
                ],
                [
                    2,
                    51,
                    0.22368420660495758
                ],
                [
                    3,
                    68,
                    0.22368420660495758
                ],
                [
                    4,
                    85,
                    0.14473684132099152
                ],
                [
                    5,
                    102,
                    0.22368420660495758
                ]
            ],
            "hits_at_k": [
                [
                    0,
                    17,
                    0.6000000238418579
                ],
                [
                    1,
                    34,
                    0.6000000238418579
                ],
                [
                    2,
                    51,
                    0.6000000238418579
                ],
                [
                    3,
                    68,
                    0.6000000238418579
                ],
                [
                    4,
                    85,
                    0.6000000238418579
                ],
                [
                    5,
                    102,
                    0.6000000238418579
                ]
            ],
            "loss": [
                [
                    0,
                    17,
                    2.0073273181915283
                ],
                [
                    1,
                    34,
                    2.454742670059204
                ],
                [
                    2,
                    51,
                    1.8147960901260376
                ],
                [
                    3,
                    68,
                    1.7247167825698853
                ],
                [
                    4,
                    85,
                    1.6727757453918457
                ],
                [
                    5,
                    102,
                    2.2531354427337646
                ]
            ],
            "roc_auc": [
                [
                    0,
                    17,
                    0.4965692460536957
                ],
                [
                    1,
                    34,
                    0.5229274034500122
                ],
                [
                    2,
                    51,
                    0.5165661573410034
                ],
                [
                    3,
                    68,
                    0.5217720866203308
                ],
                [
                    4,
                    85,
                    0.5050893425941467
                ],
                [
                    5,
                    102,
                    0.5255059003829956
                ]
            ]
        }
    },
    "train_metrics": {
        "combined": {
            "loss": [
                [
                    0,
                    17,
                    3.1439950466156006
                ],
                [
                    1,
                    34,
                    2.068681240081787
                ],
                [
                    2,
                    51,
                    1.9445322751998901
                ],
                [
                    3,
                    68,
                    1.868977665901184
                ],
                [
                    4,
                    85,
                    1.930614948272705
                ],
                [
                    5,
                    102,
                    1.6967132091522217
                ]
            ]
        },