{
    "evaluation_frequency": {
        "frequency": 1,
        "period": "epoch"
    },
    "test": {
        "combined": {
            "loss": [
                1.6131900548934937,
                1.6092066764831543,
                1.6151341199874878,
                1.615803599357605,
                1.6015411615371704,
                2.273465156555176,
                2.4881744384765625,
                1.8782182931900024,
                2.518524408340454,
                2.8619539737701416,
                1.6998902559280396
            ]
        },
        "label": {
            "accuracy": [
                0.20000000298023224,
                0.20000000298023224,
                0.20000000298023224,
                0.20000000298023224,
                0.20000000298023224,
                0.25668448209762573,
                0.2802138924598694,
                0.31793227791786194,
                0.2851336896419525,
                0.2235294133424759,
                0.25925132632255554
            ],
            "accuracy_micro": [
                0.22368420660495758,
                0.22368420660495758,
                0.22368420660495758,
                0.22368420660495758,
                0.22368420660495758,
                0.2368421107530594,
                0.2631579041481018,
                0.32894736528396606,
                0.2763157784938812,
                0.17105263471603394,
                0.2631579041481018
            ],
            "hits_at_k": [
                0.6000000238418579,
                0.6000000238418579,
                0.6000000238418579,
                0.64000004529953,
                0.6266666650772095,
                0.7125948667526245,
                0.7125948667526245,
                0.7379049062728882,
                0.7204766273498535,
                0.6640660762786865,
                0.7570391893386841
            ],
            "loss": [
                1.6131900548934937,
                1.6092066764831543,
                1.6151341199874878,
                1.615803599357605,
                1.6015411615371704,
                2.273465156555176,
                2.4881744384765625,
                1.8782182931900024,
                2.518524408340454,
                2.8619539737701416,
                1.6998902559280396
            ],
            "roc_auc": [
                0.5593684911727905,
                0.5793393850326538,
                0.5679854154586792,
                0.5805984735488892,
                0.5906795263290405,
                0.6020388603210449,
                0.6214507222175598,
                0.6119141578674316,
                0.6417298316955566,
                0.6056079268455505,
                0.6140604615211487
            ]
        }
    },
    "training": {
        "combined": {
            "loss": [
                1.5971016883850098,
                1.5913848876953125,
                1.5823570489883423,
                1.5800073146820068,
                1.5804771184921265,
                1.5045355558395386,
                1.359466791152954,
                1.2483848333358765,
                1.062567949295044,
                1.0719938278198242,
                1.036903738975525
            ]
        },
        "label": {
            "accuracy": [
                0.20249998569488525,
                0.20000000298023224,
                0.20399999618530273,
                0.20399999618530273,
                0.20399999618530273,
                0.26350000500679016,
                0.3215000033378601,
                0.3615000247955322,
                0.4039999842643738,
                0.396585077047348,
                0.41750001907348633
            ],
            "accuracy_micro": [
                0.27715355157852173,
                0.2996254563331604,
                0.30337077379226685,
                0.30337077379226685,
                0.30337077379226685,
                0.352059930562973,
                0.41198500990867615,
                0.449438214302063,
                0.4906367063522339,
                0.4307115972042084,
                0.5018726587295532
            ],
            "hits_at_k": [
                0.5960425734519958,
                0.5461276769638062,
                0.6000000238418579,
                0.5960000157356262,
                0.6197447180747986,
                0.658425509929657,
                0.8297446966171265,
                0.9512446522712708,
                0.9917446970939636,
                0.9800000190734863,
                0.9879999756813049
            ],
            "loss": [
                1.5971016883850098,
                1.5913848876953125,
                1.5823570489883423,
                1.5800073146820068,
                1.5804771184921265,
                1.5045355558395386,
                1.359466791152954,
                1.2483848333358765,
                1.062567949295044,
                1.0719938278198242,
                1.036903738975525
            ],
            "roc_auc": [
                0.4840492606163025,
                0.43998223543167114,
                0.46338310837745667,
                0.4777330458164215,
                0.47816258668899536,
                0.5933648943901062,
                0.6876159906387329,
                0.7485858201980591,
                0.7795518040657043,
                0.7931555509567261,
                0.774933934211731
            ]
        }
    },
    "validation": {
        "combined": {
            "loss": [
                1.6572487354278564,
                1.6378960609436035,
                1.6636040210723877,
                1.645355224609375,
                1.6115751266479492,
                2.8342337608337402,
                3.3978819847106934,
                2.511042594909668,
                2.582940101623535,
                2.5011038780212402,
                1.9545700550079346
            ]
        },
        "label": {
            "accuracy": [
                0.20000000298023224,
                0.20000000298023224,
                0.20000000298023224,
                0.20000000298023224,
                0.20000000298023224,
                0.2900000214576721,
                0.2900000214576721,
                0.15000000596046448,
                0.17500001192092896,
                0.2549999952316284,
                0.25
            ],
            "accuracy_micro": [
                0.21052631735801697,
                0.21052631735801697,
                0.21052631735801697,
                0.21052631735801697,
                0.21052631735801697,
                0.34210526943206787,
                0.34210526943206787,
                0.15789473056793213,
                0.10526315867900848,
                0.31578946113586426,
                0.28947368264198303
            ],
            "hits_at_k": [
                0.6000000238418579,
                0.6000000238418579,
                0.6000000238418579,
                0.6000000238418579,
                0.6000000238418579,
                0.7899999618530273,
                0.7899999618530273,
                0.5966666340827942,
                0.7400000095367432,
                0.6883333325386047,
                0.6033333539962769
            ],
            "loss": [
                1.6572487354278564,
                1.6378960609436035,
                1.6636040210723877,
                1.645355224609375,
                1.6115751266479492,
                2.8342337608337402,
                3.3978819847106934,
                2.511042594909668,
                2.582940101623535,
                2.5011038780212402,
                1.9545700550079346
            ],