{
    "batch_size": 64,
    "best_eval_metric_checkpoint_number": 1,
    "best_eval_metric_epoch": 0,
    "best_eval_metric_steps": 5,
    "best_eval_metric_value": 0.20000000298023224,
    "best_eval_test_metrics": {
        "combined": {
            "loss": 1.6192059516906738
        },
        "label": {
            "accuracy": 0.20000000298023224,
            "accuracy_micro": 0.22368420660495758,
            "hits_at_k": 0.6000000238418579,
            "loss": 1.6192059516906738,
            "roc_auc": 0.577367901802063
        }
    },
    "best_eval_train_metrics": {
        "combined": {
            "loss": 1.5794079303741455
        },
        "label": {
            "accuracy": 0.2175000011920929,
            "accuracy_micro": 0.3071160912513733,
            "hits_at_k": 0.5812765955924988,
            "loss": 1.5794079303741455,
            "roc_auc": 0.48404747247695923
        }
    },
    "best_eval_validation_metrics": {
        "combined": {
            "loss": 1.6849582195281982
        },
        "label": {
            "accuracy": 0.20000000298023224,
            "accuracy_micro": 0.21052631735801697,
            "hits_at_k": 0.6000000238418579,
            "loss": 1.6849582195281982,
            "roc_auc": 0.6004910469055176
        }
    },
    "best_increase_batch_size_eval_metric": Infinity,
    "checkpoint_number": 5,
    "epoch": 5,
    "last_improvement_steps": 20,
    "last_increase_batch_size": 0,
    "last_increase_batch_size_eval_metric_improvement": 0,
    "last_increase_batch_size_steps": 0,
    "last_learning_rate_reduction": 0,
    "last_learning_rate_reduction_steps": 0,
    "learning_rate": 0.001,
    "num_increases_batch_size": 0,
    "num_reductions_learning_rate": 0,
    "steps": 25,
    "test_metrics": {
        "combined": {
            "loss": [
                [
                    0,
                    5,
                    1.6192059516906738
                ],
                [
                    1,
                    10,
                    1.600059986114502
                ],
                [
                    2,
                    15,
                    1.5920120477676392
                ],
                [
                    3,
                    20,
                    1.6016757488250732
                ],
                [
                    4,
                    25,
                    1.5983221530914307
                ]
            ]
        },
        "label": {
            "accuracy": [
                [
                    0,
                    5,
                    0.20000000298023224
                ],
                [
                    1,
                    10,
                    0.20000000298023224
                ],
                [
                    2,
                    15,
                    0.20000000298023224
                ],
                [
                    3,
                    20,
                    0.20000000298023224
                ],
                [
                    4,
                    25,
                    0.20000000298023224
                ]
            ],
            "accuracy_micro": [
                [
                    0,
                    5,
                    0.22368420660495758
                ],
                [
                    1,
                    10,
                    0.22368420660495758
                ],
                [
                    2,
                    15,
                    0.22368420660495758
                ],
                [
                    3,
                    20,
                    0.22368420660495758
                ],
                [
                    4,
                    25,
                    0.22368420660495758
                ]
            ],
            "hits_at_k": [
                [
                    0,
                    5,
                    0.6000000238418579
                ],
                [
                    1,
                    10,
                    0.6000000238418579
                ],
                [
                    2,
                    15,
                    0.6133333444595337
                ],
                [
                    3,
                    20,
                    0.6000000238418579
                ],
                [
                    4,
                    25,
                    0.6133333444595337
                ]
            ],
            "loss": [
                [
                    0,
                    5,
                    1.6192059516906738
                ],
                [
                    1,
                    10,
                    1.600059986114502
                ],
                [
                    2,
                    15,
                    1.5920120477676392
                ],
                [
                    3,
                    20,
                    1.6016757488250732
                ],
                [
                    4,
                    25,
                    1.5983221530914307
                ]
            ],
            "roc_auc": [
                [
                    0,
                    5,
                    0.577367901802063
                ],
                [
                    1,
                    10,
                    0.6015446186065674
                ],
                [
                    2,
                    15,
                    0.5746452212333679
                ],
                [
                    3,
                    20,
                    0.582825779914856
                ],
                [
                    4,
                    25,
                    0.5941143035888672
                ]
            ]
        }
    },
    "train_metrics": {
        "combined": {
            "loss": [
                [
                    0,
                    5,
                    1.5794079303741455
                ],
                [
                    1,
                    10,
                    1.6002298593521118
                ],
                [
                    2,
                    15,
                    1.5786157846450806
                ],
                [
                    3,
                    20,
                    1.5894296169281006
                ],
                [
                    4,
                    25,
                    1.5833568572998047
                ]
            ]
        },
        "label": {
            "accuracy": [
                [
                    0,
                    5,
                    0.2175000011920929
                ],
                [
                    1,
                    10,
                    0.20000000298023224
                ],
                [
                    2,
                    15,
                    0.20000000298023224
                ],
                [
                    3,
                    20,
                    0.20399999618530273
                ],
                [
                    4,
                    25,
                    0.20399999618530273
                ]
            ],
            "accuracy_micro": [
                [
                    0,
                    5,
                    0.3071160912513733
                ],
                [
                    1,
                    10,
                    0.2996254563331604
                ],
                [
                    2,
                    15,
                    0.2996254563331604
                ],
                [
                    3,
                    20,
                    0.30337077379226685
                ],
                [
                    4,
                    25,
                    0.30337077379226685
                ]
            ],