{
    "batch_size": 64,
    "best_eval_metric_checkpoint_number": 1,
    "best_eval_metric_epoch": 0,
    "best_eval_metric_steps": 5,
    "best_eval_metric_value": 0.20000000298023224,
    "best_eval_test_metrics": {
        "combined": {
            "loss": 1.6192500591278076
        },
        "label": {
            "accuracy": 0.20000000298023224,
            "accuracy_micro": 0.22368420660495758,
            "hits_at_k": 0.6000000238418579,
            "loss": 1.6192500591278076,
            "roc_auc": 0.578572154045105
        }
    },
    "best_eval_train_metrics": {
        "combined": {
            "loss": 1.579785704612732
        },
        "label": {
            "accuracy": 0.19500000774860382,
            "accuracy_micro": 0.2921348214149475,
            "hits_at_k": 0.5820425152778625,
            "loss": 1.579785704612732,
            "roc_auc": 0.4936886727809906
        }
    },
    "best_eval_validation_metrics": {
        "combined": {
            "loss": 1.6866079568862915
        },
        "label": {
            "accuracy": 0.20000000298023224,
            "accuracy_micro": 0.21052631735801697,
            "hits_at_k": 0.6000000238418579,
            "loss": 1.6866079568862915,
            "roc_auc": 0.5991319417953491
        }
    },
    "best_increase_batch_size_eval_metric": Infinity,
    "checkpoint_number": 4,
    "epoch": 4,
    "last_improvement_steps": 15,
    "last_increase_batch_size": 0,
    "last_increase_batch_size_eval_metric_improvement": 0,
    "last_increase_batch_size_steps": 0,
    "last_learning_rate_reduction": 0,
    "last_learning_rate_reduction_steps": 0,
    "learning_rate": 0.001,
    "num_increases_batch_size": 0,
    "num_reductions_learning_rate": 0,
    "steps": 20,
    "test_metrics": {
        "combined": {
            "loss": [
                [
                    0,
                    5,
                    1.6192500591278076
                ],
                [
                    1,
                    10,
                    1.599217414855957
                ],
                [
                    2,
                    15,
                    1.5920755863189697
                ],
                [
                    3,
                    20,
                    1.6021407842636108
                ]
            ]
        },
        "label": {
            "accuracy": [
                [
                    0,
                    5,
                    0.20000000298023224
                ],
                [
                    1,
                    10,
                    0.20000000298023224
                ],
                [
                    2,
                    15,
                    0.20000000298023224
                ],
                [
                    3,
                    20,
                    0.20000000298023224
                ]
            ],
            "accuracy_micro": [
                [
                    0,
                    5,
                    0.22368420660495758
                ],
                [
                    1,
                    10,
                    0.22368420660495758
                ],
                [
                    2,
                    15,
                    0.22368420660495758
                ],
                [
                    3,
                    20,
                    0.22368420660495758
                ]
            ],
            "hits_at_k": [
                [
                    0,
                    5,
                    0.6000000238418579
                ],
                [
                    1,
                    10,
                    0.6000000238418579
                ],
                [
                    2,
                    15,
                    0.6133333444595337
                ],
                [
                    3,
                    20,
                    0.6000000238418579
                ]
            ],
            "loss": [
                [
                    0,
                    5,
                    1.6192500591278076
                ],
                [
                    1,
                    10,
                    1.599217414855957
                ],
                [
                    2,
                    15,
                    1.5920755863189697
                ],
                [
                    3,
                    20,
                    1.6021407842636108
                ]
            ],
            "roc_auc": [
                [
                    0,
                    5,
                    0.578572154045105
                ],
                [
                    1,
                    10,
                    0.5995006561279297
                ],
                [
                    2,
                    15,
                    0.569413423538208
                ],
                [
                    3,
                    20,
                    0.5801471471786499
                ]
            ]
        }
    },
    "train_metrics": {
        "combined": {
            "loss": [
                [
                    0,
                    5,
                    1.579785704612732
                ],
                [
                    1,
                    10,
                    1.6013065576553345
                ],
                [
                    2,
                    15,
                    1.57858145236969
                ],
                [
                    3,
                    20,
                    1.5894038677215576
                ]
            ]
        },
        "label": {
            "accuracy": [
                [
                    0,
                    5,
                    0.19500000774860382
                ],
                [
                    1,
                    10,
                    0.20000000298023224
                ],
                [
                    2,
                    15,
                    0.20000000298023224
                ],
                [
                    3,
                    20,
                    0.20399999618530273
                ]
            ],
            "accuracy_micro": [
                [
                    0,
                    5,
                    0.2921348214149475
                ],
                [
                    1,
                    10,
                    0.2996254563331604
                ],
                [
                    2,
                    15,
                    0.2996254563331604
                ],
                [
                    3,
                    20,
                    0.30337077379226685
                ]
            ],
            "hits_at_k": [
                [
                    0,
                    5,
                    0.5820425152778625
                ],
                [
                    1,
                    10,
                    0.6054468154907227
                ],
                [
                    2,
                    15,
                    0.6080000400543213
                ],
                [
                    3,
                    20,
                    0.6040000319480896
                ]
            ],
            "loss": [
                [
                    0,
                    5,
                    1.579785704612732
                ],
                [
                    1,
                    10,
                    1.6013065576553345
                ],
                [
                    2,
                    15,
                    1.57858145236969
                ],
                [
                    3,
                    20,
                    1.5894038677215576
                ]
            ],