{
    "evaluation_frequency": {
        "frequency": 1,
        "period": "epoch"
    },
    "test": {
        "combined": {
            "loss": [
                1.5619784593582153,
                1.5411919355392456,
                1.6376088857650757,
                1.6699563264846802,
                2.5017778873443604,
                2.914588212966919,
                3.9327232837677
            ]
        },
        "label": {
            "accuracy": [
                0.20000000298023224,
                0.29437658190727234,
                0.36364656686782837,
                0.3080270290374756,
                0.3042686879634857,
                0.3359832465648651,
                0.2747950255870819
            ],
            "accuracy_micro": [
                0.22368420660495758,
                0.28947368264198303,
                0.3684210479259491,
                0.32894736528396606,
                0.34210526943206787,
                0.3684210479259491,
                0.31578946113586426
            ],
            "hits_at_k": [
                0.64000004529953,
                0.734902024269104,
                0.788554310798645,
                0.6889127492904663,
                0.6676648855209351,
                0.7020321488380432,
                0.6990374326705933
            ],
            "loss": [
                1.5619784593582153,
                1.5411919355392456,
                1.6376088857650757,
                1.6699563264846802,
                2.5017778873443604,
                2.914588212966919,
                3.9327232837677
            ],
            "roc_auc": [
                0.5622128248214722,
                0.5548529624938965,
                0.583693265914917,
                0.5793278217315674,
                0.6724369525909424,
                0.6816251277923584,
                0.6314147114753723
            ]
        }
    },
    "training": {
        "combined": {
            "loss": [
                1.7756719589233398,
                1.6068977117538452,
                1.4216892719268799,
                0.9818013310432434,
                0.4947778582572937,
                0.12213112413883209,
                0.012144394218921661
            ]
        },
        "label": {
            "accuracy": [
                0.1930106282234192,
                0.24601063132286072,
                0.341776579618454,
                0.5380531549453735,
                0.7419255375862122,
                0.9632234573364258,
                1.0
            ],
            "accuracy_micro": [
                0.24344569444656372,
                0.3258427083492279,
                0.4157303273677826,
                0.6029962301254272,
                0.7827715277671814,
                0.966292142868042,
                1.0
            ],
            "hits_at_k": [
                0.585361659526825,
                0.6566063165664673,
                0.7624255418777466,
                0.8779467940330505,
                0.9724787473678589,
                0.9957446455955505,
                1.0
            ],
            "loss": [
                1.7756719589233398,
                1.6068977117538452,
                1.4216892719268799,
                0.9818013310432434,
                0.4947778582572937,
                0.12213112413883209,
                0.012144394218921661
            ],
            "roc_auc": [
                0.46544498205184937,
                0.5330061316490173,
                0.6748757362365723,
                0.8445793986320496,
                0.9590800404548645,
                0.9962881207466125,
                1.0
            ]
        }
    },
    "validation": {
        "combined": {
            "loss": [
                1.5579566955566406,
                1.779736042022705,
                1.665531873703003,
                1.9037686586380005,
                2.5337772369384766,
                3.203838586807251,
                4.253583908081055
            ]
        },
        "label": {
            "accuracy": [
                0.20000000298023224,
                0.25,
                0.24166667461395264,
                0.17499999701976776,
                0.2199999988079071,
                0.19500000774860382,
                0.24500000476837158
            ],
            "accuracy_micro": [
                0.21052631735801697,
                0.28947368264198303,
                0.28947368264198303,
                0.21052631735801697,
                0.18421052396297455,
                0.21052631735801697,
                0.21052631735801697
            ],
            "hits_at_k": [
                0.5833333134651184,
                0.7000000476837158,
                0.73333340883255,
                0.6650000214576721,
                0.6000000238418579,
                0.6700000166893005,
                0.6250000596046448
            ],
            "loss": [
                1.5579566955566406,
                1.779736042022705,
                1.665531873703003,
                1.9037686586380005,
                2.5337772369384766,
                3.203838586807251,
                4.253583908081055
            ],
            "roc_auc": [
                0.4465400278568268,
                0.5723251700401306,
                0.5417315363883972,
                0.5255212187767029,
                0.600268542766571,
                0.6031692028045654,
                0.5459424257278442
            ]
        }
    }
}