{
    "evaluation_frequency": {
        "frequency": 1,
        "period": "epoch"
    },
    "test": {
        "combined": {
            "loss": [
                1.600719690322876,
                1.5854475498199463,
                1.615261197090149,
                1.6094707250595093,
                1.5820605754852295,
                1.595652461051941
            ]
        },
        "label": {
            "accuracy": [
                0.20000000298023224,
                0.20000000298023224,
                0.20000000298023224,
                0.20000000298023224,
                0.20000000298023224,
                0.20000000298023224
            ],
            "accuracy_micro": [
                0.22368420660495758,
                0.22368420660495758,
                0.22368420660495758,
                0.22368420660495758,
                0.22368420660495758,
                0.22368420660495758
            ],
            "hits_at_k": [
                0.6000000238418579,
                0.6133333444595337,
                0.6000000238418579,
                0.6000000238418579,
                0.5866667032241821,
                0.5943222045898438
            ],
            "loss": [
                1.600719690322876,
                1.5854475498199463,
                1.615261197090149,
                1.6094707250595093,
                1.5820605754852295,
                1.595652461051941
            ],
            "roc_auc": [
                0.5687640905380249,
                0.587139904499054,
                0.5837168097496033,
                0.5951787829399109,
                0.58598792552948,
                0.5986829996109009
            ]
        }
    },
    "training": {
        "combined": {
            "loss": [
                1.5853650569915771,
                1.5976592302322388,
                1.5805885791778564,
                1.592132568359375,
                1.5900073051452637,
                1.5740022659301758
            ]
        },
        "label": {
            "accuracy": [
                0.2394999861717224,
                0.20000000298023224,
                0.20000000298023224,
                0.20399999618530273,
                0.20399999618530273,
                0.20399999618530273
            ],
            "accuracy_micro": [
                0.3071160912513733,
                0.2996254563331604,
                0.2996254563331604,
                0.30337077379226685,
                0.30337077379226685,
                0.30337077379226685
            ],
            "hits_at_k": [
                0.6045212745666504,
                0.6000000238418579,
                0.5747234225273132,
                0.5994893908500671,
                0.5839999914169312,
                0.6107447147369385
            ],
            "loss": [
                1.5853650569915771,
                1.5976592302322388,
                1.5805885791778564,
                1.592132568359375,
                1.5900073051452637,
                1.5740022659301758
            ],
            "roc_auc": [
                0.5051699280738831,
                0.46606120467185974,
                0.49163126945495605,
                0.48925361037254333,
                0.4630611538887024,
                0.5701369643211365
            ]
        }
    },
    "validation": {
        "combined": {
            "loss": [
                1.7236727476119995,
                1.6471656560897827,
                1.6579492092132568,
                1.6445034742355347,
                1.6438385248184204,
                1.6487445831298828
            ]
        },
        "label": {
            "accuracy": [
                0.20000000298023224,
                0.20000000298023224,
                0.20000000298023224,
                0.20000000298023224,
                0.20000000298023224,
                0.20000000298023224
            ],
            "accuracy_micro": [
                0.21052631735801697,
                0.21052631735801697,
                0.21052631735801697,
                0.21052631735801697,
                0.21052631735801697,
                0.21052631735801697
            ],
            "hits_at_k": [
                0.6000000238418579,
                0.6000000238418579,
                0.6000000238418579,
                0.6000000238418579,
                0.6000000238418579,
                0.6000000238418579
            ],
            "loss": [
                1.7236727476119995,
                1.6471656560897827,
                1.6579492092132568,
                1.6445034742355347,
                1.6438385248184204,
                1.6487445831298828
            ],
            "roc_auc": [
                0.5681677460670471,
                0.4675602912902832,
                0.4932379126548767,
                0.4923824667930603,
                0.4938751757144928,
                0.5326526761054993
            ]
        }
    }
}