{
    "batch_size": 64,
    "best_eval_metric_checkpoint_number": 1,
    "best_eval_metric_epoch": 0,
    "best_eval_metric_steps": 5,
    "best_eval_metric_value": 0.20000000298023224,
    "best_eval_test_metrics": {
        "combined": {
            "loss": 1.6192126274108887
        },
        "label": {
            "accuracy": 0.20000000298023224,
            "accuracy_micro": 0.22368420660495758,
            "hits_at_k": 0.6000000238418579,
            "loss": 1.6192126274108887,
            "roc_auc": 0.5762001276016235
        }
    },
    "best_eval_train_metrics": {
        "combined": {
            "loss": 1.5797460079193115
        },
        "label": {
            "accuracy": 0.20999999344348907,
            "accuracy_micro": 0.2996254563331604,
            "hits_at_k": 0.5857872366905212,
            "loss": 1.5797460079193115,
            "roc_auc": 0.48586010932922363
        }
    },
    "best_eval_validation_metrics": {
        "combined": {
            "loss": 1.6863905191421509
        },
        "label": {
            "accuracy": 0.20000000298023224,
            "accuracy_micro": 0.21052631735801697,
            "hits_at_k": 0.6000000238418579,
            "loss": 1.6863905191421509,
            "roc_auc": 0.595051109790802
        }
    },
    "best_increase_batch_size_eval_metric": Infinity,
    "checkpoint_number": 5,
    "epoch": 5,
    "last_improvement_steps": 20,
    "last_increase_batch_size": 0,
    "last_increase_batch_size_eval_metric_improvement": 0,
    "last_increase_batch_size_steps": 0,
    "last_learning_rate_reduction": 0,
    "last_learning_rate_reduction_steps": 0,
    "learning_rate": 0.001,
    "num_increases_batch_size": 0,
    "num_reductions_learning_rate": 0,
    "steps": 25,
    "test_metrics": {
        "combined": {
            "loss": [
                [
                    0,
                    5,
                    1.6192126274108887
                ],
                [
                    1,
                    10,
                    1.5995774269104004
                ],
                [
                    2,
                    15,
                    1.5922142267227173
                ],
                [
                    3,
                    20,
                    1.6020705699920654
                ],
                [
                    4,
                    25,
                    1.5984292030334473
                ]
            ]
        },
        "label": {
            "accuracy": [
                [
                    0,
                    5,
                    0.20000000298023224
                ],
                [
                    1,
                    10,
                    0.20000000298023224
                ],
                [
                    2,
                    15,
                    0.20000000298023224
                ],
                [
                    3,
                    20,
                    0.20000000298023224
                ],
                [
                    4,
                    25,
                    0.20000000298023224
                ]
            ],
            "accuracy_micro": [
                [
                    0,
                    5,
                    0.22368420660495758
                ],
                [
                    1,
                    10,
                    0.22368420660495758
                ],
                [
                    2,
                    15,
                    0.22368420660495758
                ],
                [
                    3,
                    20,
                    0.22368420660495758
                ],
                [
                    4,
                    25,
                    0.22368420660495758
                ]
            ],
            "hits_at_k": [
                [
                    0,
                    5,
                    0.6000000238418579
                ],
                [
                    1,
                    10,
                    0.6000000238418579
                ],
                [
                    2,
                    15,
                    0.6133333444595337
                ],
                [
                    3,
                    20,
                    0.6000000238418579
                ],
                [
                    4,
                    25,
                    0.6133333444595337
                ]
            ],
            "loss": [
                [
                    0,
                    5,
                    1.6192126274108887
                ],
                [
                    1,
                    10,
                    1.5995774269104004
                ],
                [
                    2,
                    15,
                    1.5922142267227173
                ],
                [
                    3,
                    20,
                    1.6020705699920654
                ],
                [
                    4,
                    25,
                    1.5984292030334473
                ]
            ],
            "roc_auc": [
                [
                    0,
                    5,
                    0.5762001276016235
                ],
                [
                    1,
                    10,
                    0.6024190783500671
                ],
                [
                    2,
                    15,
                    0.5739156603813171
                ],
                [
                    3,
                    20,
                    0.5840045213699341
                ],
                [
                    4,
                    25,
                    0.5980890989303589
                ]
            ]
        }
    },
    "train_metrics": {
        "combined": {
            "loss": [
                [
                    0,
                    5,
                    1.5797460079193115
                ],
                [
                    1,
                    10,
                    1.600935935974121
                ],
                [
                    2,
                    15,
                    1.5783371925354004
                ],
                [
                    3,
                    20,
                    1.5895066261291504
                ],
                [
                    4,
                    25,
                    1.5835552215576172
                ]
            ]
        },
        "label": {
            "accuracy": [
                [
                    0,
                    5,
                    0.20999999344348907
                ],
                [
                    1,
                    10,
                    0.20000000298023224
                ],
                [
                    2,
                    15,
                    0.20000000298023224
                ],
                [
                    3,
                    20,
                    0.20399999618530273
                ],
                [
                    4,
                    25,
                    0.20399999618530273
                ]
            ],
            "accuracy_micro": [
                [
                    0,
                    5,
                    0.2996254563331604
                ],
                [
                    1,
                    10,
                    0.2996254563331604
                ],
                [
                    2,
                    15,
                    0.2996254563331604
                ],
                [
                    3,
                    20,
                    0.30337077379226685
                ],
                [
                    4,
                    25,
                    0.30337077379226685
                ]
            ],