{
    "batch_size": 64,
    "best_eval_metric_checkpoint_number": 1,
    "best_eval_metric_epoch": 0,
    "best_eval_metric_steps": 5,
    "best_eval_metric_value": 0.20000000298023224,
    "best_eval_test_metrics": {
        "combined": {
            "loss": 1.600719690322876
        },
        "label": {
            "accuracy": 0.20000000298023224,
            "accuracy_micro": 0.22368420660495758,
            "hits_at_k": 0.6000000238418579,
            "loss": 1.600719690322876,
            "roc_auc": 0.5687640905380249
        }
    },
    "best_eval_train_metrics": {
        "combined": {
            "loss": 1.5853650569915771
        },
        "label": {
            "accuracy": 0.2394999861717224,
            "accuracy_micro": 0.3071160912513733,
            "hits_at_k": 0.6045212745666504,
            "loss": 1.5853650569915771,
            "roc_auc": 0.5051699280738831
        }
    },
    "best_eval_validation_metrics": {
        "combined": {
            "loss": 1.7236727476119995
        },
        "label": {
            "accuracy": 0.20000000298023224,
            "accuracy_micro": 0.21052631735801697,
            "hits_at_k": 0.6000000238418579,
            "loss": 1.7236727476119995,
            "roc_auc": 0.5681677460670471
        }
    },
    "best_increase_batch_size_eval_metric": Infinity,
    "checkpoint_number": 4,
    "epoch": 4,
    "last_improvement_steps": 15,
    "last_increase_batch_size": 0,
    "last_increase_batch_size_eval_metric_improvement": 0,
    "last_increase_batch_size_steps": 0,
    "last_learning_rate_reduction": 0,
    "last_learning_rate_reduction_steps": 0,
    "learning_rate": 0.001,
    "num_increases_batch_size": 0,
    "num_reductions_learning_rate": 0,
    "steps": 20,
    "test_metrics": {
        "combined": {
            "loss": [
                [
                    0,
                    5,
                    1.600719690322876
                ],
                [
                    1,
                    10,
                    1.5854475498199463
                ],
                [
                    2,
                    15,
                    1.615261197090149
                ],
                [
                    3,
                    20,
                    1.6094707250595093
                ]
            ]
        },
        "label": {
            "accuracy": [
                [
                    0,
                    5,
                    0.20000000298023224
                ],
                [
                    1,
                    10,
                    0.20000000298023224
                ],
                [
                    2,
                    15,
                    0.20000000298023224
                ],
                [
                    3,
                    20,
                    0.20000000298023224
                ]
            ],
            "accuracy_micro": [
                [
                    0,
                    5,
                    0.22368420660495758
                ],
                [
                    1,
                    10,
                    0.22368420660495758
                ],
                [
                    2,
                    15,
                    0.22368420660495758
                ],
                [
                    3,
                    20,
                    0.22368420660495758
                ]
            ],
            "hits_at_k": [
                [
                    0,
                    5,
                    0.6000000238418579
                ],
                [
                    1,
                    10,
                    0.6133333444595337
                ],
                [
                    2,
                    15,
                    0.6000000238418579
                ],
                [
                    3,
                    20,
                    0.6000000238418579
                ]
            ],
            "loss": [
                [
                    0,
                    5,
                    1.600719690322876
                ],
                [
                    1,
                    10,
                    1.5854475498199463
                ],
                [
                    2,
                    15,
                    1.615261197090149
                ],
                [
                    3,
                    20,
                    1.6094707250595093
                ]
            ],
            "roc_auc": [
                [
                    0,
                    5,
                    0.5687640905380249
                ],
                [
                    1,
                    10,
                    0.587139904499054
                ],
                [
                    2,
                    15,
                    0.5837168097496033
                ],
                [
                    3,
                    20,
                    0.5951787829399109
                ]
            ]
        }
    },
    "train_metrics": {
        "combined": {
            "loss": [
                [
                    0,
                    5,
                    1.5853650569915771
                ],
                [
                    1,
                    10,
                    1.5976592302322388
                ],
                [
                    2,
                    15,
                    1.5805885791778564
                ],
                [
                    3,
                    20,
                    1.592132568359375
                ]
            ]
        },
        "label": {
            "accuracy": [
                [
                    0,
                    5,
                    0.2394999861717224
                ],
                [
                    1,
                    10,
                    0.20000000298023224
                ],
                [
                    2,
                    15,
                    0.20000000298023224
                ],
                [
                    3,
                    20,
                    0.20399999618530273
                ]
            ],
            "accuracy_micro": [
                [
                    0,
                    5,
                    0.3071160912513733
                ],
                [
                    1,
                    10,
                    0.2996254563331604
                ],
                [
                    2,
                    15,
                    0.2996254563331604
                ],
                [
                    3,
                    20,
                    0.30337077379226685
                ]
            ],
            "hits_at_k": [
                [
                    0,
                    5,
                    0.6045212745666504
                ],
                [
                    1,
                    10,
                    0.6000000238418579
                ],
                [
                    2,
                    15,
                    0.5747234225273132
                ],
                [
                    3,
                    20,
                    0.5994893908500671
                ]
            ],
            "loss": [
                [
                    0,
                    5,
                    1.5853650569915771
                ],
                [
                    1,
                    10,
                    1.5976592302322388
                ],
                [
                    2,
                    15,
                    1.5805885791778564
                ],
                [
                    3,
                    20,
                    1.592132568359375
                ]
            ],