{
    "evaluation_frequency": {
        "frequency": 1,
        "period": "epoch"
    },
    "test": {
        "combined": {
            "loss": [
                1.6192059516906738,
                1.600059986114502,
                1.5920120477676392,
                1.6016757488250732,
                1.5983221530914307,
                1.6074490547180176
            ]
        },
        "label": {
            "accuracy": [
                0.20000000298023224,
                0.20000000298023224,
                0.20000000298023224,
                0.20000000298023224,
                0.20000000298023224,
                0.20000000298023224
            ],
            "accuracy_micro": [
                0.22368420660495758,
                0.22368420660495758,
                0.22368420660495758,
                0.22368420660495758,
                0.22368420660495758,
                0.22368420660495758
            ],
            "hits_at_k": [
                0.6000000238418579,
                0.6000000238418579,
                0.6133333444595337,
                0.6000000238418579,
                0.6133333444595337,
                0.6133333444595337
            ],
            "loss": [
                1.6192059516906738,
                1.600059986114502,
                1.5920120477676392,
                1.6016757488250732,
                1.5983221530914307,
                1.6074490547180176
            ],
            "roc_auc": [
                0.577367901802063,
                0.6015446186065674,
                0.5746452212333679,
                0.582825779914856,
                0.5941143035888672,
                0.5597983002662659
            ]
        }
    },
    "training": {
        "combined": {
            "loss": [
                1.5794079303741455,
                1.6002298593521118,
                1.5786157846450806,
                1.5894296169281006,
                1.5833568572998047,
                1.582472562789917
            ]
        },
        "label": {
            "accuracy": [
                0.2175000011920929,
                0.20000000298023224,
                0.20000000298023224,
                0.20399999618530273,
                0.20399999618530273,
                0.20399999618530273
            ],
            "accuracy_micro": [
                0.3071160912513733,
                0.2996254563331604,
                0.2996254563331604,
                0.30337077379226685,
                0.30337077379226685,
                0.30337077379226685
            ],
            "hits_at_k": [
                0.5812765955924988,
                0.6054468154907227,
                0.6200000047683716,
                0.6040000319480896,
                0.6040000319480896,
                0.6040000319480896
            ],
            "loss": [
                1.5794079303741455,
                1.6002298593521118,
                1.5786157846450806,
                1.5894296169281006,
                1.5833568572998047,
                1.582472562789917
            ],
            "roc_auc": [
                0.48404747247695923,
                0.4815623164176941,
                0.48757392168045044,
                0.4919590950012207,
                0.4748966097831726,
                0.5045799612998962
            ]
        }
    },
    "validation": {
        "combined": {
            "loss": [
                1.6849582195281982,
                1.6913079023361206,
                1.6683138608932495,
                1.6485873460769653,
                1.6332008838653564,
                1.6350570917129517
            ]
        },
        "label": {
            "accuracy": [
                0.20000000298023224,
                0.20000000298023224,
                0.20000000298023224,
                0.20000000298023224,
                0.20000000298023224,
                0.20000000298023224
            ],
            "accuracy_micro": [
                0.21052631735801697,
                0.21052631735801697,
                0.21052631735801697,
                0.21052631735801697,
                0.21052631735801697,
                0.21052631735801697
            ],
            "hits_at_k": [
                0.6000000238418579,
                0.6000000238418579,
                0.6000000238418579,
                0.6000000238418579,
                0.6000000238418579,
                0.6000000238418579
            ],
            "loss": [
                1.6849582195281982,
                1.6913079023361206,
                1.6683138608932495,
                1.6485873460769653,
                1.6332008838653564,
                1.6350570917129517
            ],
            "roc_auc": [
                0.6004910469055176,
                0.5889961123466492,
                0.5599870085716248,
                0.5685535073280334,
                0.630997359752655,
                0.5998817682266235
            ]
        }
    }
}