{
    "batch_size": 64,
    "best_eval_metric_checkpoint_number": 1,
    "best_eval_metric_epoch": 0,
    "best_eval_metric_steps": 5,
    "best_eval_metric_value": 0.20000000298023224,
    "best_eval_test_metrics": {
        "combined": {
            "loss": 1.601086139678955
        },
        "label": {
            "accuracy": 0.20000000298023224,
            "accuracy_micro": 0.22368420660495758,
            "hits_at_k": 0.6000000238418579,
            "loss": 1.601086139678955,
            "roc_auc": 0.5582509636878967
        }
    },
    "best_eval_train_metrics": {
        "combined": {
            "loss": 1.5890215635299683
        },
        "label": {
            "accuracy": 0.22999998927116394,
            "accuracy_micro": 0.29588013887405396,
            "hits_at_k": 0.6027659177780151,
            "loss": 1.5890215635299683,
            "roc_auc": 0.4896179139614105
        }
    },
    "best_eval_validation_metrics": {
        "combined": {
            "loss": 1.7255150079727173
        },
        "label": {
            "accuracy": 0.20000000298023224,
            "accuracy_micro": 0.21052631735801697,
            "hits_at_k": 0.6000000238418579,
            "loss": 1.7255150079727173,
            "roc_auc": 0.5660897493362427
        }
    },
    "best_increase_batch_size_eval_metric": Infinity,
    "checkpoint_number": 4,
    "epoch": 4,
    "last_improvement_steps": 15,
    "last_increase_batch_size": 0,
    "last_increase_batch_size_eval_metric_improvement": 0,
    "last_increase_batch_size_steps": 0,
    "last_learning_rate_reduction": 0,
    "last_learning_rate_reduction_steps": 0,
    "learning_rate": 0.001,
    "num_increases_batch_size": 0,
    "num_reductions_learning_rate": 0,
    "steps": 20,
    "test_metrics": {
        "combined": {
            "loss": [
                [
                    0,
                    5,
                    1.601086139678955
                ],
                [
                    1,
                    10,
                    1.584261178970337
                ],
                [
                    2,
                    15,
                    1.61665678024292
                ],
                [
                    3,
                    20,
                    1.612393856048584
                ]
            ]
        },
        "label": {
            "accuracy": [
                [
                    0,
                    5,
                    0.20000000298023224
                ],
                [
                    1,
                    10,
                    0.20000000298023224
                ],
                [
                    2,
                    15,
                    0.20000000298023224
                ],
                [
                    3,
                    20,
                    0.20000000298023224
                ]
            ],
            "accuracy_micro": [
                [
                    0,
                    5,
                    0.22368420660495758
                ],
                [
                    1,
                    10,
                    0.22368420660495758
                ],
                [
                    2,
                    15,
                    0.22368420660495758
                ],
                [
                    3,
                    20,
                    0.22368420660495758
                ]
            ],
            "hits_at_k": [
                [
                    0,
                    5,
                    0.6000000238418579
                ],
                [
                    1,
                    10,
                    0.6000000238418579
                ],
                [
                    2,
                    15,
                    0.6000000238418579
                ],
                [
                    3,
                    20,
                    0.6000000238418579
                ]
            ],
            "loss": [
                [
                    0,
                    5,
                    1.601086139678955
                ],
                [
                    1,
                    10,
                    1.584261178970337
                ],
                [
                    2,
                    15,
                    1.61665678024292
                ],
                [
                    3,
                    20,
                    1.612393856048584
                ]
            ],
            "roc_auc": [
                [
                    0,
                    5,
                    0.5582509636878967
                ],
                [
                    1,
                    10,
                    0.595256507396698
                ],
                [
                    2,
                    15,
                    0.5858407020568848
                ],
                [
                    3,
                    20,
                    0.5604065656661987
                ]
            ]
        }
    },
    "train_metrics": {
        "combined": {
            "loss": [
                [
                    0,
                    5,
                    1.5890215635299683
                ],
                [
                    1,
                    10,
                    1.5982260704040527
                ],
                [
                    2,
                    15,
                    1.5793637037277222
                ],
                [
                    3,
                    20,
                    1.5934760570526123
                ]
            ]
        },
        "label": {
            "accuracy": [
                [
                    0,
                    5,
                    0.22999998927116394
                ],
                [
                    1,
                    10,
                    0.20000000298023224
                ],
                [
                    2,
                    15,
                    0.20000000298023224
                ],
                [
                    3,
                    20,
                    0.20399999618530273
                ]
            ],
            "accuracy_micro": [
                [
                    0,
                    5,
                    0.29588013887405396
                ],
                [
                    1,
                    10,
                    0.2996254563331604
                ],
                [
                    2,
                    15,
                    0.2996254563331604
                ],
                [
                    3,
                    20,
                    0.30337077379226685
                ]
            ],
            "hits_at_k": [
                [
                    0,
                    5,
                    0.6027659177780151
                ],
                [
                    1,
                    10,
                    0.6000000238418579
                ],
                [
                    2,
                    15,
                    0.606723427772522
                ],
                [
                    3,
                    20,
                    0.6080000400543213
                ]
            ],
            "loss": [
                [
                    0,
                    5,
                    1.5890215635299683
                ],
                [
                    1,
                    10,
                    1.5982260704040527
                ],
                [
                    2,
                    15,
                    1.5793637037277222
                ],
                [
                    3,
                    20,
                    1.5934760570526123
                ]
            ],