{
    "batch_size": 64,
    "best_eval_metric_checkpoint_number": 1,
    "best_eval_metric_epoch": 0,
    "best_eval_metric_steps": 5,
    "best_eval_metric_value": 0.20000000298023224,
    "best_eval_test_metrics": {
        "combined": {
            "loss": 1.6357667446136475
        },
        "label": {
            "accuracy": 0.20000000298023224,
            "accuracy_micro": 0.22368420660495758,
            "hits_at_k": 0.6266666650772095,
            "loss": 1.6357667446136475,
            "roc_auc": 0.5541466474533081
        }
    },
    "best_eval_train_metrics": {
        "combined": {
            "loss": 1.575110912322998
        },
        "label": {
            "accuracy": 0.2199999988079071,
            "accuracy_micro": 0.2846441864967346,
            "hits_at_k": 0.5989999771118164,
            "loss": 1.575110912322998,
            "roc_auc": 0.5006211996078491
        }
    },
    "best_eval_validation_metrics": {
        "combined": {
            "loss": 1.7394670248031616
        },
        "label": {
            "accuracy": 0.20000000298023224,
            "accuracy_micro": 0.21052631735801697,
            "hits_at_k": 0.6000000238418579,
            "loss": 1.7394670248031616,
            "roc_auc": 0.5915945768356323
        }
    },
    "best_increase_batch_size_eval_metric": Infinity,
    "checkpoint_number": 5,
    "epoch": 5,
    "last_improvement_steps": 20,
    "last_increase_batch_size": 0,
    "last_increase_batch_size_eval_metric_improvement": 0,
    "last_increase_batch_size_steps": 0,
    "last_learning_rate_reduction": 0,
    "last_learning_rate_reduction_steps": 0,
    "learning_rate": 0.001,
    "num_increases_batch_size": 0,
    "num_reductions_learning_rate": 0,
    "steps": 25,
    "test_metrics": {
        "combined": {
            "loss": [
                [
                    0,
                    5,
                    1.6357667446136475
                ],
                [
                    1,
                    10,
                    1.5833625793457031
                ],
                [
                    2,
                    15,
                    1.6023504734039307
                ],
                [
                    3,
                    20,
                    1.6131813526153564
                ],
                [
                    4,
                    25,
                    1.6002824306488037
                ]
            ]
        },
        "label": {
            "accuracy": [
                [
                    0,
                    5,
                    0.20000000298023224
                ],
                [
                    1,
                    10,
                    0.20000000298023224
                ],
                [
                    2,
                    15,
                    0.20000000298023224
                ],
                [
                    3,
                    20,
                    0.20000000298023224
                ],
                [
                    4,
                    25,
                    0.20000000298023224
                ]
            ],
            "accuracy_micro": [
                [
                    0,
                    5,
                    0.22368420660495758
                ],
                [
                    1,
                    10,
                    0.22368420660495758
                ],
                [
                    2,
                    15,
                    0.22368420660495758
                ],
                [
                    3,
                    20,
                    0.22368420660495758
                ],
                [
                    4,
                    25,
                    0.22368420660495758
                ]
            ],
            "hits_at_k": [
                [
                    0,
                    5,
                    0.6266666650772095
                ],
                [
                    1,
                    10,
                    0.6000000238418579
                ],
                [
                    2,
                    15,
                    0.6133333444595337
                ],
                [
                    3,
                    20,
                    0.6133333444595337
                ],
                [
                    4,
                    25,
                    0.6133333444595337
                ]
            ],
            "loss": [
                [
                    0,
                    5,
                    1.6357667446136475
                ],
                [
                    1,
                    10,
                    1.5833625793457031
                ],
                [
                    2,
                    15,
                    1.6023504734039307
                ],
                [
                    3,
                    20,
                    1.6131813526153564
                ],
                [
                    4,
                    25,
                    1.6002824306488037
                ]
            ],
            "roc_auc": [
                [
                    0,
                    5,
                    0.5541466474533081
                ],
                [
                    1,
                    10,
                    0.5619817972183228
                ],
                [
                    2,
                    15,
                    0.5713215470314026
                ],
                [
                    3,
                    20,
                    0.5722605586051941
                ],
                [
                    4,
                    25,
                    0.5723568797111511
                ]
            ]
        }
    },
    "train_metrics": {
        "combined": {
            "loss": [
                [
                    0,
                    5,
                    1.575110912322998
                ],
                [
                    1,
                    10,
                    1.6037508249282837
                ],
                [
                    2,
                    15,
                    1.5859472751617432
                ],
                [
                    3,
                    20,
                    1.5969455242156982
                ],
                [
                    4,
                    25,
                    1.5847188234329224
                ]
            ]
        },
        "label": {
            "accuracy": [
                [
                    0,
                    5,
                    0.2199999988079071
                ],
                [
                    1,
                    10,
                    0.20000000298023224
                ],
                [
                    2,
                    15,
                    0.20000000298023224
                ],
                [
                    3,
                    20,
                    0.20799998939037323
                ],
                [
                    4,
                    25,
                    0.20399999618530273
                ]
            ],
            "accuracy_micro": [
                [
                    0,
                    5,
                    0.2846441864967346
                ],
                [
                    1,
                    10,
                    0.2996254563331604
                ],
                [
                    2,
                    15,
                    0.2996254563331604
                ],
                [
                    3,
                    20,
                    0.3071160912513733
                ],
                [
                    4,
                    25,
                    0.30337077379226685
                ]
            ],