{
    "evaluation_frequency": {
        "frequency": 1,
        "period": "epoch"
    },
    "test": {
        "combined": {
            "loss": [
                1.5887318849563599,
                1.622851014137268,
                1.5832723379135132,
                1.9919248819351196,
                2.734147787094116,
                2.251585006713867,
                2.103817939758301,
                3.4007728099823
            ]
        },
        "label": {
            "accuracy": [
                0.21176470816135406,
                0.20000000298023224,
                0.2673797011375427,
                0.18869367241859436,
                0.25382494926452637,
                0.29070645570755005,
                0.23225818574428558,
                0.2661450505256653
            ],
            "accuracy_micro": [
                0.2631579041481018,
                0.22368420660495758,
                0.2631579041481018,
                0.17105263471603394,
                0.2631579041481018,
                0.28947368264198303,
                0.25,
                0.2763157784938812
            ],
            "hits_at_k": [
                0.6000000238418579,
                0.5866667032241821,
                0.7549510598182678,
                0.601986289024353,
                0.7125447392463684,
                0.7015761733055115,
                0.7116119265556335,
                0.758059561252594
            ],
            "loss": [
                1.5887318849563599,
                1.622851014137268,
                1.5832723379135132,
                1.9919248819351196,
                2.734147787094116,
                2.251585006713867,
                2.103817939758301,
                3.4007728099823
            ],
            "roc_auc": [
                0.5395591259002686,
                0.6220085024833679,
                0.6277307271957397,
                0.5661951899528503,
                0.5590078234672546,
                0.6120545864105225,
                0.6080609560012817,
                0.6065782308578491
            ]
        }
    },
    "training": {
        "combined": {
            "loss": [
                1.6060198545455933,
                1.6129595041275024,
                1.5912694931030273,
                1.4629545211791992,
                1.1093621253967285,
                0.8945814371109009,
                0.7691263556480408,
                0.5225624442100525
            ]
        },
        "label": {
            "accuracy": [
                0.22575531899929047,
                0.18675532937049866,
                0.23999999463558197,
                0.31150001287460327,
                0.4532872438430786,
                0.5625957250595093,
                0.5765318870544434,
                0.7576701641082764
            ],
            "accuracy_micro": [
                0.2921348214149475,
                0.27715355157852173,
                0.30337077379226685,
                0.3932584226131439,
                0.4981273412704468,
                0.5992509126663208,
                0.63670414686203,
                0.7902621626853943
            ],
            "hits_at_k": [
                0.59736168384552,
                0.5503404140472412,
                0.680053174495697,
                0.7163829803466797,
                0.9199573993682861,
                0.9702127575874329,
                0.982234001159668,
                0.9957446455955505
            ],
            "loss": [
                1.6060198545455933,
                1.6129595041275024,
                1.5912694931030273,
                1.4629545211791992,
                1.1093621253967285,
                0.8945814371109009,
                0.7691263556480408,
                0.5225624442100525
            ],
            "roc_auc": [
                0.5032435059547424,
                0.4315294325351715,
                0.5789018869400024,
                0.6574317216873169,
                0.8161650896072388,
                0.8712912797927856,
                0.9115349054336548,
                0.9512072801589966
            ]
        }
    },
    "validation": {
        "combined": {
            "loss": [
                1.6275272369384766,
                1.6597580909729004,
                1.6514153480529785,
                1.9944424629211426,
                3.2152132987976074,
                3.091766119003296,
                3.318222999572754,
                5.134870529174805
            ]
        },
        "label": {
            "accuracy": [
                0.20000000298023224,
                0.20000000298023224,
                0.3400000035762787,
                0.2866666913032532,
                0.3166666626930237,
                0.10000000149011612,
                0.25,
                0.21166667342185974
            ],
            "accuracy_micro": [
                0.15789473056793213,
                0.21052631735801697,
                0.3947368562221527,
                0.3684210479259491,
                0.2368421107530594,
                0.02631578966975212,
                0.15789473056793213,
                0.1315789520740509
            ],
            "hits_at_k": [
                0.6000000238418579,
                0.6000000238418579,
                0.7633333206176758,
                0.621666669845581,
                0.6716666221618652,
                0.6899999976158142,
                0.6150000095367432,
                0.7400000095367432
            ],
            "loss": [
                1.6275272369384766,
                1.6597580909729004,
                1.6514153480529785,
                1.9944424629211426,
                3.2152132987976074,
                3.091766119003296,
                3.318222999572754,
                5.134870529174805
            ],
            "roc_auc": [
                0.5088614225387573,
                0.5747801661491394,
                0.6293566823005676,
                0.5015575289726257,
                0.5914896130561829,
                0.46688494086265564,
                0.5872031450271606,
                0.5642505884170532
            ]
        }
    }
}