{
    "batch_size": 16,
    "best_eval_metric_checkpoint_number": 3,
    "best_eval_metric_epoch": 2,
    "best_eval_metric_steps": 51,
    "best_eval_metric_value": 0.3400000035762787,
    "best_eval_test_metrics": {
        "combined": {
            "loss": 1.5832723379135132
        },
        "label": {
            "accuracy": 0.2673797011375427,
            "accuracy_micro": 0.2631579041481018,
            "hits_at_k": 0.7549510598182678,
            "loss": 1.5832723379135132,
            "roc_auc": 0.6277307271957397
        }
    },
    "best_eval_train_metrics": {
        "combined": {
            "loss": 1.5912694931030273
        },
        "label": {
            "accuracy": 0.23999999463558197,
            "accuracy_micro": 0.30337077379226685,
            "hits_at_k": 0.680053174495697,
            "loss": 1.5912694931030273,
            "roc_auc": 0.5789018869400024
        }
    },
    "best_eval_validation_metrics": {
        "combined": {
            "loss": 1.6514153480529785
        },
        "label": {
            "accuracy": 0.3400000035762787,
            "accuracy_micro": 0.3947368562221527,
            "hits_at_k": 0.7633333206176758,
            "loss": 1.6514153480529785,
            "roc_auc": 0.6293566823005676
        }
    },
    "best_increase_batch_size_eval_metric": Infinity,
    "checkpoint_number": 6,
    "epoch": 6,
    "last_improvement_steps": 51,
    "last_increase_batch_size": 0,
    "last_increase_batch_size_eval_metric_improvement": 0,
    "last_increase_batch_size_steps": 0,
    "last_learning_rate_reduction": 0,
    "last_learning_rate_reduction_steps": 0,
    "learning_rate": 0.001,
    "num_increases_batch_size": 0,
    "num_reductions_learning_rate": 0,
    "steps": 102,
    "test_metrics": {
        "combined": {
            "loss": [
                [
                    0,
                    17,
                    1.5887318849563599
                ],
                [
                    1,
                    34,
                    1.622851014137268
                ],
                [
                    2,
                    51,
                    1.5832723379135132
                ],
                [
                    3,
                    68,
                    1.9919248819351196
                ],
                [
                    4,
                    85,
                    2.734147787094116
                ],
                [
                    5,
                    102,
                    2.251585006713867
                ]
            ]
        },
        "label": {
            "accuracy": [
                [
                    0,
                    17,
                    0.21176470816135406
                ],
                [
                    1,
                    34,
                    0.20000000298023224
                ],
                [
                    2,
                    51,
                    0.2673797011375427
                ],
                [
                    3,
                    68,
                    0.18869367241859436
                ],
                [
                    4,
                    85,
                    0.25382494926452637
                ],
                [
                    5,
                    102,
                    0.29070645570755005
                ]
            ],
            "accuracy_micro": [
                [
                    0,
                    17,
                    0.2631579041481018
                ],
                [
                    1,
                    34,
                    0.22368420660495758
                ],
                [
                    2,
                    51,
                    0.2631579041481018
                ],
                [
                    3,
                    68,
                    0.17105263471603394
                ],
                [
                    4,
                    85,
                    0.2631579041481018
                ],
                [
                    5,
                    102,
                    0.28947368264198303
                ]
            ],
            "hits_at_k": [
                [
                    0,
                    17,
                    0.6000000238418579
                ],
                [
                    1,
                    34,
                    0.5866667032241821
                ],
                [
                    2,
                    51,
                    0.7549510598182678
                ],
                [
                    3,
                    68,
                    0.601986289024353
                ],
                [
                    4,
                    85,
                    0.7125447392463684
                ],
                [
                    5,
                    102,
                    0.7015761733055115
                ]
            ],
            "loss": [
                [
                    0,
                    17,
                    1.5887318849563599
                ],
                [
                    1,
                    34,
                    1.622851014137268
                ],
                [
                    2,
                    51,
                    1.5832723379135132
                ],
                [
                    3,
                    68,
                    1.9919248819351196
                ],
                [
                    4,
                    85,
                    2.734147787094116
                ],
                [
                    5,
                    102,
                    2.251585006713867
                ]
            ],
            "roc_auc": [
                [
                    0,
                    17,
                    0.5395591259002686
                ],
                [
                    1,
                    34,
                    0.6220085024833679
                ],
                [
                    2,
                    51,
                    0.6277307271957397
                ],
                [
                    3,
                    68,
                    0.5661951899528503
                ],
                [
                    4,
                    85,
                    0.5590078234672546
                ],
                [
                    5,
                    102,
                    0.6120545864105225
                ]
            ]
        }
    },
    "train_metrics": {
        "combined": {
            "loss": [
                [
                    0,
                    17,
                    1.6060198545455933
                ],
                [
                    1,
                    34,
                    1.6129595041275024
                ],
                [
                    2,
                    51,
                    1.5912694931030273
                ],
                [
                    3,
                    68,
                    1.4629545211791992
                ],
                [
                    4,
                    85,
                    1.1093621253967285
                ],
                [
                    5,
                    102,
                    0.8945814371109009
                ]
            ]
        },