{
    "evaluation_frequency": {
        "frequency": 1,
        "period": "epoch"
    },
    "test": {
        "combined": {
            "loss": [
                1.604540228843689,
                1.6167888641357422,
                1.6128569841384888,
                1.5845927000045776,
                1.6500033140182495,
                3.0524938106536865,
                2.0880558490753174,
                1.659584879875183,
                2.062702178955078,
                2.1979053020477295
            ]
        },
        "label": {
            "accuracy": [
                0.20000000298023224,
                0.20000000298023224,
                0.20000000298023224,
                0.20641711354255676,
                0.27379679679870605,
                0.21868093311786652,
                0.2971836030483246,
                0.21642985939979553,
                0.23687294125556946,
                0.218528151512146
            ],
            "accuracy_micro": [
                0.22368420660495758,
                0.22368420660495758,
                0.22368420660495758,
                0.22368420660495758,
                0.2631579041481018,
                0.17105263471603394,
                0.28947368264198303,
                0.18421052396297455,
                0.21052631735801697,
                0.18421052396297455
            ],
            "hits_at_k": [
                0.6000000238418579,
                0.6000000238418579,
                0.6533333659172058,
                0.7175484895706177,
                0.7795965671539307,
                0.5995330810546875,
                0.7783582210540771,
                0.7847753763198853,
                0.7114138603210449,
                0.7612459659576416
            ],
            "loss": [
                1.604540228843689,
                1.6167888641357422,
                1.6128569841384888,
                1.5845927000045776,
                1.6500033140182495,
                3.0524938106536865,
                2.0880558490753174,
                1.659584879875183,
                2.062702178955078,
                2.1979053020477295
            ],
            "roc_auc": [
                0.5597010850906372,
                0.5690682530403137,
                0.5725091695785522,
                0.6069943904876709,
                0.601556658744812,
                0.6194612383842468,
                0.6291092038154602,
                0.6241838932037354,
                0.6221076250076294,
                0.6220875978469849
            ]
        }
    },
    "training": {
        "combined": {
            "loss": [
                1.6000373363494873,
                1.6044269800186157,
                1.5815036296844482,
                1.5727249383926392,
                1.3777137994766235,
                1.0554014444351196,
                1.0058724880218506,
                0.920220136642456,
                0.7981529235839844,
                0.6875633597373962
            ]
        },
        "label": {
            "accuracy": [
                0.2224999964237213,
                0.20399999618530273,
                0.20399999618530273,
                0.2214999943971634,
                0.31200000643730164,
                0.40799999237060547,
                0.39000001549720764,
                0.42500001192092896,
                0.5455319285392761,
                0.5978510975837708
            ],
            "accuracy_micro": [
                0.2921348214149475,
                0.30337077379226685,
                0.30337077379226685,
                0.318352073431015,
                0.40449437499046326,
                0.49438202381134033,
                0.4756554365158081,
                0.5056179761886597,
                0.6029962301254272,
                0.6479400992393494
            ],
            "hits_at_k": [
                0.6295744180679321,
                0.537361741065979,
                0.6000000238418579,
                0.6342127919197083,
                0.7579361200332642,
                0.9742340445518494,
                0.963489294052124,
                0.9957446455955505,
                0.9914893507957458,
                0.9872339963912964
            ],
            "loss": [
                1.6000373363494873,
                1.6044269800186157,
                1.5815036296844482,
                1.5727249383926392,
                1.3777137994766235,
                1.0554014444351196,
                1.0058724880218506,
                0.920220136642456,
                0.7981529235839844,
                0.6875633597373962
            ],
            "roc_auc": [
                0.4986749589443207,
                0.43615779280662537,
                0.48641982674598694,
                0.5157782435417175,
                0.6728137135505676,
                0.7934881448745728,
                0.8409179449081421,
                0.8594182729721069,
                0.9128586053848267,
                0.9103586077690125
            ]
        }
    },
    "validation": {
        "combined": {
            "loss": [
                1.6867144107818604,
                1.6369186639785767,
                1.6606351137161255,
                1.6327006816864014,
                2.038041830062866,
                3.6130332946777344,
                2.9086110591888428,
                1.9804213047027588,
                2.2696995735168457,
                2.205134153366089
            ]
        },
        "label": {
            "accuracy": [
                0.20000000298023224,
                0.20000000298023224,
                0.20000000298023224,
                0.17499999701976776,
                0.2900000214576721,
                0.25,
                0.2866666913032532,
                0.22833333909511566,
                0.26499998569488525,
                0.24166667461395264
            ],
            "accuracy_micro": [
                0.21052631735801697,
                0.21052631735801697,
                0.21052631735801697,
                0.18421052396297455,
                0.34210526943206787,
                0.31578946113586426,
                0.34210526943206787,
                0.28947368264198303,
                0.3684210479259491,
                0.34210526943206787
            ],
            "hits_at_k": [
                0.6000000238418579,
                0.6000000238418579,
                0.6000000238418579,
                0.6733333468437195,
                0.8233333230018616,
                0.6666666269302368,
                0.7033333778381348,
                0.7233333587646484,
                0.6250000596046448,
                0.7233333587646484
            ],
            "loss": [
                1.6867144107818604,
                1.6369186639785767,
                1.6606351137161255,
                1.6327006816864014,
                2.038041830062866,
                3.6130332946777344,
                2.9086110591888428,
                1.9804213047027588,
                2.2696995735168457,
                2.205134153366089
            ],
            "roc_auc": [
                0.6244311332702637,
                0.6105857491493225,
                0.6073428392410278,
                0.5869688391685486,
                0.6001197695732117,
                0.6121543049812317,
                0.596230149269104,
                0.5818773508071899,
                0.5983203649520874,
                0.595665454864502
            ]
        }
    }
}