{
    "evaluation_frequency": {
        "frequency": 1,
        "period": "epoch"
    },
    "test": {
        "combined": {
            "loss": [
                1.6217538118362427,
                1.5832629203796387,
                1.6128060817718506,
                1.5322458744049072,
                1.4378283023834229,
                1.5230743885040283,
                1.435205101966858,
                1.6282902956008911,
                1.71610426902771,
                2.0068583488464355,
                2.1775827407836914,
                2.6202285289764404,
                3.1772890090942383
            ]
        },
        "label": {
            "accuracy": [
                0.2079857438802719,
                0.2343221753835678,
                0.24156862497329712,
                0.2785026729106903,
                0.32955437898635864,
                0.30203208327293396,
                0.297876238822937,
                0.27966225147247314,
                0.32744723558425903,
                0.2863426208496094,
                0.3227228820323944,
                0.31937921047210693,
                0.34739819169044495
            ],
            "accuracy_micro": [
                0.22368420660495758,
                0.2763157784938812,
                0.2631579041481018,
                0.2631579041481018,
                0.34210526943206787,
                0.28947368264198303,
                0.30263158679008484,
                0.2763157784938812,
                0.34210526943206787,
                0.28947368264198303,
                0.34210526943206787,
                0.32894736528396606,
                0.3684210479259491
            ],
            "hits_at_k": [
                0.6533333659172058,
                0.664313793182373,
                0.7303987741470337,
                0.7604658603668213,
                0.7810319662094116,
                0.7990771532058716,
                0.8070663213729858,
                0.7743092775344849,
                0.7919955253601074,
                0.7836031913757324,
                0.799787700176239,
                0.802788257598877,
                0.7802307605743408
            ],
            "loss": [
                1.6217538118362427,
                1.5832629203796387,
                1.6128060817718506,
                1.5322458744049072,
                1.4378283023834229,
                1.5230743885040283,
                1.435205101966858,
                1.6282902956008911,
                1.71610426902771,
                2.0068583488464355,
                2.1775827407836914,
                2.6202285289764404,
                3.1772890090942383
            ],
            "roc_auc": [
                0.5947678089141846,
                0.6453758478164673,
                0.6320539712905884,
                0.637605607509613,
                0.6673217415809631,
                0.6842721104621887,
                0.6780168414115906,
                0.6801751852035522,
                0.6925212144851685,
                0.6779835820198059,
                0.6877886652946472,
                0.6828961968421936,
                0.6911363005638123
            ]
        }
    },
    "training": {
        "combined": {
            "loss": [
                1.7896463871002197,
                1.7702009677886963,
                1.7010834217071533,
                1.571160912513733,
                1.438340187072754,
                1.3645647764205933,
                1.235685110092163,
                1.0250701904296875,
                0.7518103718757629,
                0.544834315776825,
                0.30175650119781494,
                0.18515068292617798,
                0.09872114658355713
            ]
        },
        "label": {
            "accuracy": [
                0.22680850327014923,
                0.18951062858104706,
                0.22836171090602875,
                0.2529999911785126,
                0.328010618686676,
                0.35627657175064087,
                0.4140000343322754,
                0.5483404397964478,
                0.6553404331207275,
                0.7426808476448059,
                0.8964361548423767,
                0.9494893550872803,
                0.96574467420578
            ],
            "accuracy_micro": [
                0.24719101190567017,
                0.24719101190567017,
                0.2509363293647766,
                0.32958802580833435,
                0.40449437499046326,
                0.4307115972042084,
                0.49438202381134033,
                0.5955055952072144,
                0.7003745436668396,
                0.7752808928489685,
                0.9063670635223389,
                0.9588015079498291,
                0.9700374603271484
            ],
            "hits_at_k": [
                0.620659589767456,
                0.5928084850311279,
                0.613691508769989,
                0.7016277313232422,
                0.7322021722793579,
                0.78544682264328,
                0.8381701707839966,
                0.8910000324249268,
                0.952744722366333,
                0.9789999723434448,
                0.9919999837875366,
                1.0,
                1.0
            ],
            "loss": [
                1.7896463871002197,
                1.7702009677886963,
                1.7010834217071533,
                1.571160912513733,
                1.438340187072754,
                1.3645647764205933,
                1.235685110092163,
                1.0250701904296875,
                0.7518103718757629,
                0.544834315776825,
                0.30175650119781494,
                0.18515068292617798,
                0.09872114658355713
            ],
            "roc_auc": [
                0.5203121304512024,
                0.4998559355735779,
                0.5337627530097961,
                0.6003080010414124,
                0.6769946813583374,
                0.7231961488723755,
                0.8120540380477905,
                0.8608644604682922,
                0.9350329637527466,
                0.9595094919204712,
                0.9933039546012878,
                0.9984700083732605,
                0.9989253878593445
            ]
        }
    },
    "validation": {
        "combined": {
            "loss": [
                1.5918411016464233,
                1.6594905853271484,
                1.6047855615615845,
                1.5485481023788452,
                1.6114462614059448,
                1.5322123765945435,
                1.6095596551895142,
                1.7309058904647827,
                1.7932873964309692,
                1.9713150262832642,
                2.3369932174682617,
                2.7966911792755127,
                3.172121047973633
            ]
        },
        "label": {
            "accuracy": [
                0.20000000298023224,
                0.20000000298023224,
                0.20000000298023224,
                0.25,
                0.25,
                0.25,
                0.26499998569488525,
                0.3216666877269745,
                0.21166667342185974,
                0.23000000417232513,
                0.21833334863185883,
                0.31833335757255554,
                0.2549999952316284
            ],
            "accuracy_micro": [
                0.21052631735801697,
                0.15789473056793213,
                0.21052631735801697,
                0.28947368264198303,
                0.18421052396297455,
                0.28947368264198303,
                0.21052631735801697,
                0.2631579041481018,
                0.21052631735801697,
                0.2631579041481018,
                0.21052631735801697,
                0.2368421107530594,
                0.2631579041481018
            ],